# FVE Vsenory - model strechy a okoli
# jednotky: metry
# X na vychod, Y na sever, Z vzhuru, 0 = teren u domu
v 6.7267 -0.5235 0.0000
v -4.1305 -5.4244 0.0000
v -4.1305 -5.4244 4.3600
v 6.7267 -0.5235 4.3600
v -8.4393 3.9782 0.0000
v -8.4393 3.9782 4.3600
v 2.5058 8.9567 0.0000
v 2.5058 8.9567 4.3600
v -4.4968 -6.2212 7.2900
v 7.5668 -0.7757 7.2900
v -9.2843 4.2262 7.2900
v 2.8769 9.7578 7.2900
v 7.0184 -1.0232 7.2900
v 6.6978 -0.8812 7.4842
v 7.2245 -0.6435 7.4842
v 6.3773 -0.7392 7.6785
v 6.8822 -0.5113 7.6785
v 6.0567 -0.5972 7.8727
v 6.5400 -0.3791 7.8727
v 5.7361 -0.4552 8.0669
v 6.1977 -0.2469 8.0669
v 5.4156 -0.3132 8.2612
v 5.8555 -0.1148 8.2612
v 5.0950 -0.1712 8.4554
v 5.5132 0.0174 8.4554
v 4.7744 -0.0292 8.6497
v 5.1709 0.1496 8.6497
v 4.4538 0.1128 8.8439
v 4.8287 0.2818 8.8439
v 4.1333 0.2548 9.0381
v 4.4864 0.4140 9.0381
v 3.8127 0.3968 9.2324
v 4.1442 0.5462 9.2324
v 3.4921 0.5388 9.4266
v 3.8019 0.6784 9.4266
v 3.1715 0.6808 9.6208
v 3.4597 0.8106 9.6208
v 2.8510 0.8228 9.8151
v 3.1174 0.9428 9.8151
v 2.5304 0.9648 10.0093
v 2.7751 1.0750 10.0093
v 2.2098 1.1068 10.2035
v 2.4329 1.2072 10.2035
v 1.8893 1.2488 10.3978
v 2.0906 1.3393 10.3978
v 1.5687 1.3908 10.5920
v 1.7484 1.4715 10.5920
v 1.2481 1.5328 10.7863
v 1.4061 1.6037 10.7863
v 0.9275 1.6748 10.9805
v 1.0638 1.7359 10.9805
v 0.6070 1.8168 11.1747
v 0.7216 1.8681 11.1747
v 0.2864 1.9588 11.3690
v 0.3793 2.0003 11.3690
v -0.0342 2.1008 11.5632
v 0.0371 2.1325 11.5632
v 6.4701 -1.2708 7.2900
v 6.1712 -1.1189 7.4842
v 5.8723 -0.9671 7.6785
v 5.5734 -0.8153 7.8727
v 5.2745 -0.6635 8.0669
v 4.9756 -0.5117 8.2612
v 4.6768 -0.3599 8.4554
v 4.3779 -0.2081 8.6497
v 4.0790 -0.0563 8.8439
v 3.7801 0.0955 9.0381
v 3.4812 0.2473 9.2324
v 3.1823 0.3992 9.4266
v 2.8834 0.5510 9.6208
v 2.5845 0.7028 9.8151
v 2.2857 0.8546 10.0093
v 1.9868 1.0064 10.2035
v 1.6879 1.1582 10.3978
v 1.3890 1.3100 10.5920
v 1.0901 1.4618 10.7863
v 0.7912 1.6136 10.9805
v 0.4923 1.7654 11.1747
v 0.1934 1.9173 11.3690
v -0.1054 2.0691 11.5632
v 5.9217 -1.5183 7.2900
v 5.6445 -1.3567 7.4842
v 5.3673 -1.1950 7.6785
v 5.0901 -1.0334 7.8727
v 4.8129 -0.8718 8.0669
v 4.5357 -0.7102 8.2612
v 4.2585 -0.5486 8.4554
v 3.9813 -0.3869 8.6497
v 3.7041 -0.2253 8.8439
v 3.4269 -0.0637 9.0381
v 3.1497 0.0979 9.2324
v 2.8725 0.2595 9.4266
v 2.5953 0.4212 9.6208
v 2.3181 0.5828 9.8151
v 2.0409 0.7444 10.0093
v 1.7637 0.9060 10.2035
v 1.4865 1.0676 10.3978
v 1.2093 1.2293 10.5920
v 0.9321 1.3909 10.7863
v 0.6549 1.5525 10.9805
v 0.3777 1.7141 11.1747
v 0.1005 1.8757 11.3690
v -0.1767 2.0374 11.5632
v 5.3734 -1.7658 7.2900
v 5.1179 -1.5944 7.4842
v 4.8624 -1.4229 7.6785
v 4.6069 -1.2515 7.8727
v 4.3513 -1.0801 8.0669
v 4.0958 -0.9087 8.2612
v 3.8403 -0.7372 8.4554
v 3.5848 -0.5658 8.6497
v 3.3293 -0.3944 8.8439
v 3.0738 -0.2229 9.0381
v 2.8182 -0.0515 9.2324
v 2.5627 0.1199 9.4266
v 2.3072 0.2914 9.6208
v 2.0517 0.4628 9.8151
v 1.7962 0.6342 10.0093
v 1.5407 0.8056 10.2035
v 1.2852 0.9771 10.3978
v 1.0296 1.1485 10.5920
v 0.7741 1.3199 10.7863
v 0.5186 1.4914 10.9805
v 0.2631 1.6628 11.1747
v 0.0076 1.8342 11.3690
v -0.2479 2.0057 11.5632
v 4.8251 -2.0133 7.2900
v 4.5912 -1.8321 7.4842
v 4.3574 -1.6508 7.6785
v 4.1236 -1.4696 7.8727
v 3.8897 -1.2884 8.0669
v 3.6559 -1.1071 8.2612
v 3.4221 -0.9259 8.4554
v 3.1883 -0.7446 8.6497
v 2.9544 -0.5634 8.8439
v 2.7206 -0.3822 9.0381
v 2.4868 -0.2009 9.2324
v 2.2529 -0.0197 9.4266
v 2.0191 0.1615 9.6208
v 1.7853 0.3428 9.8151
v 1.5514 0.5240 10.0093
v 1.3176 0.7053 10.2035
v 1.0838 0.8865 10.3978
v 0.8500 1.0677 10.5920
v 0.6161 1.2490 10.7863
v 0.3823 1.4302 10.9805
v 0.1485 1.6115 11.1747
v -0.0854 1.7927 11.3690
v -0.3192 1.9739 11.5632
v 4.2767 -2.2608 7.2900
v 4.0646 -2.0698 7.4842
v 3.8524 -1.8787 7.6785
v 3.6403 -1.6877 7.8727
v 3.4281 -1.4967 8.0669
v 3.2160 -1.3056 8.2612
v 3.0039 -1.1146 8.4554
v 2.7917 -0.9235 8.6497
v 2.5796 -0.7325 8.8439
v 2.3674 -0.5414 9.0381
v 2.1553 -0.3504 9.2324
v 1.9431 -0.1593 9.4266
v 1.7310 0.0317 9.6208
v 1.5189 0.2228 9.8151
v 1.3067 0.4138 10.0093
v 1.0946 0.6049 10.2035
v 0.8824 0.7959 10.3978
v 0.6703 0.9870 10.5920
v 0.4581 1.1780 10.7863
v 0.2460 1.3691 10.9805
v 0.0339 1.5601 11.1747
v -0.1783 1.7512 11.3690
v -0.3904 1.9422 11.5632
v 3.7284 -2.5084 7.2900
v 3.5379 -2.3075 7.4842
v 3.3475 -2.1067 7.6785
v 3.1570 -1.9058 7.8727
v 2.9665 -1.7049 8.0669
v 2.7761 -1.5041 8.2612
v 2.5856 -1.3032 8.4554
v 2.3952 -1.1024 8.6497
v 2.2047 -0.9015 8.8439
v 2.0143 -0.7006 9.0381
v 1.8238 -0.4998 9.2324
v 1.6333 -0.2989 9.4266
v 1.4429 -0.0981 9.6208
v 1.2524 0.1028 9.8151
v 1.0620 0.3037 10.0093
v 0.8715 0.5045 10.2035
v 0.6811 0.7054 10.3978
v 0.4906 0.9062 10.5920
v 0.3001 1.1071 10.7863
v 0.1097 1.3079 10.9805
v -0.0808 1.5088 11.1747
v -0.2712 1.7097 11.3690
v -0.4617 1.9105 11.5632
v 3.1800 -2.7559 7.2900
v 3.0113 -2.5452 7.4842
v 2.8425 -2.3346 7.6785
v 2.6737 -2.1239 7.8727
v 2.5049 -1.9132 8.0669
v 2.3362 -1.7025 8.2612
v 2.1674 -1.4919 8.4554
v 1.9986 -1.2812 8.6497
v 1.8299 -1.0705 8.8439
v 1.6611 -0.8599 9.0381
v 1.4923 -0.6492 9.2324
v 1.3235 -0.4385 9.4266
v 1.1548 -0.2279 9.6208
v 0.9860 -0.0172 9.8151
v 0.8172 0.1935 10.0093
v 0.6485 0.4041 10.2035
v 0.4797 0.6148 10.3978
v 0.3109 0.8255 10.5920
v 0.1422 1.0361 10.7863
v -0.0266 1.2468 10.9805
v -0.1954 1.4575 11.1747
v -0.3642 1.6681 11.3690
v -0.5329 1.8788 11.5632
v 2.6317 -3.0034 7.2900
v 2.4846 -2.7829 7.4842
v 2.3375 -2.5625 7.6785
v 2.1904 -2.3420 7.8727
v 2.0433 -2.1215 8.0669
v 1.8963 -1.9010 8.2612
v 1.7492 -1.6805 8.4554
v 1.6021 -1.4601 8.6497
v 1.4550 -1.2396 8.8439
v 1.3079 -1.0191 9.0381
v 1.1608 -0.7986 9.2324
v 1.0138 -0.5782 9.4266
v 0.8667 -0.3577 9.6208
v 0.7196 -0.1372 9.8151
v 0.5725 0.0833 10.0093
v 0.4254 0.3038 10.2035
v 0.2783 0.5242 10.3978
v 0.1312 0.7447 10.5920
v -0.0158 0.9652 10.7863
v -0.1629 1.1857 10.9805
v -0.3100 1.4062 11.1747
v -0.4571 1.6266 11.3690
v -0.6042 1.8471 11.5632
v 2.0833 -3.2509 7.2900
v 1.9579 -3.0206 7.4842
v 1.8325 -2.7904 7.6785
v 1.7071 -2.5601 7.8727
v 1.5817 -2.3298 8.0669
v 1.4563 -2.0995 8.2612
v 1.3310 -1.8692 8.4554
v 1.2056 -1.6389 8.6497
v 1.0802 -1.4086 8.8439
v 0.9548 -1.1783 9.0381
v 0.8294 -0.9481 9.2324
v 0.7040 -0.7178 9.4266
v 0.5786 -0.4875 9.6208
v 0.4532 -0.2572 9.8151
v 0.3278 -0.0269 10.0093
v 0.2024 0.2034 10.2035
v 0.0770 0.4337 10.3978
v -0.0484 0.6640 10.5920
v -0.1738 0.8942 10.7863
v -0.2992 1.1245 10.9805
v -0.4246 1.3548 11.1747
v -0.5500 1.5851 11.3690
v -0.6754 1.8154 11.5632
v 1.5350 -3.4985 7.2900
v 1.4313 -3.2584 7.4842
v 1.3276 -3.0183 7.6785
v 1.2239 -2.7782 7.8727
v 1.1201 -2.5381 8.0669
v 1.0164 -2.2980 8.2612
v 0.9127 -2.0579 8.4554
v 0.8090 -1.8178 8.6497
v 0.7053 -1.5777 8.8439
v 0.6016 -1.3376 9.0381
v 0.4979 -1.0975 9.2324
v 0.3942 -0.8574 9.4266
v 0.2904 -0.6173 9.6208
v 0.1867 -0.3772 9.8151
v 0.0830 -0.1371 10.0093
v -0.0207 0.1030 10.2035
v -0.1244 0.3431 10.3978
v -0.2281 0.5832 10.5920
v -0.3318 0.8233 10.7863
v -0.4355 1.0634 10.9805
v -0.5393 1.3035 11.1747
v -0.6430 1.5436 11.3690
v -0.7467 1.7837 11.5632
v 0.9867 -3.7460 7.2900
v 0.9046 -3.4961 7.4842
v 0.8226 -3.2462 7.6785
v 0.7406 -2.9963 7.8727
v 0.6586 -2.7464 8.0669
v 0.5765 -2.4964 8.2612
v 0.4945 -2.2465 8.4554
v 0.4125 -1.9966 8.6497
v 0.3304 -1.7467 8.8439
v 0.2484 -1.4968 9.0381
v 0.1664 -1.2469 9.2324
v 0.0844 -0.9970 9.4266
v 0.0023 -0.7471 9.6208
v -0.0797 -0.4972 9.8151
v -0.1617 -0.2473 10.0093
v -0.2437 0.0026 10.2035
v -0.3258 0.2525 10.3978
v -0.4078 0.5024 10.5920
v -0.4898 0.7524 10.7863
v -0.5719 1.0023 10.9805
v -0.6539 1.2522 11.1747
v -0.7359 1.5021 11.3690
v -0.8179 1.7520 11.5632
v 0.4383 -3.9935 7.2900
v 0.3780 -3.7338 7.4842
v 0.3176 -3.4741 7.6785
v 0.2573 -3.2144 7.8727
v 0.1970 -2.9546 8.0669
v 0.1366 -2.6949 8.2612
v 0.0763 -2.4352 8.4554
v 0.0159 -2.1755 8.6497
v -0.0444 -1.9158 8.8439
v -0.1047 -1.6560 9.0381
v -0.1651 -1.3963 9.2324
v -0.2254 -1.1366 9.4266
v -0.2858 -0.8769 9.6208
v -0.3461 -0.6172 9.8151
v -0.4065 -0.3575 10.0093
v -0.4668 -0.0977 10.2035
v -0.5271 0.1620 10.3978
v -0.5875 0.4217 10.5920
v -0.6478 0.6814 10.7863
v -0.7082 0.9411 10.9805
v -0.7685 1.2008 11.1747
v -0.8288 1.4606 11.3690
v -0.8892 1.7203 11.5632
v -0.1100 -4.2410 7.2900
v -0.1487 -3.9715 7.4842
v -0.1873 -3.7020 7.6785
v -0.2260 -3.4324 7.8727
v -0.2646 -3.1629 8.0669
v -0.3033 -2.8934 8.2612
v -0.3420 -2.6239 8.4554
v -0.3806 -2.3543 8.6497
v -0.4193 -2.0848 8.8439
v -0.4579 -1.8153 9.0381
v -0.4966 -1.5458 9.2324
v -0.5352 -1.2762 9.4266
v -0.5739 -1.0067 9.6208
v -0.6125 -0.7372 9.8151
v -0.6512 -0.4676 10.0093
v -0.6898 -0.1981 10.2035
v -0.7285 0.0714 10.3978
v -0.7672 0.3409 10.5920
v -0.8058 0.6105 10.7863
v -0.8445 0.8800 10.9805
v -0.8831 1.1495 11.1747
v -0.9218 1.4190 11.3690
v -0.9604 1.6886 11.5632
v -0.6584 -4.4886 7.2900
v -0.6753 -4.2092 7.4842
v -0.6923 -3.9299 7.6785
v -0.7093 -3.6505 7.8727
v -0.7262 -3.3712 8.0669
v -0.7432 -3.0919 8.2612
v -0.7602 -2.8125 8.4554
v -0.7771 -2.5332 8.6497
v -0.7941 -2.2539 8.8439
v -0.8111 -1.9745 9.0381
v -0.8281 -1.6952 9.2324
v -0.8450 -1.4158 9.4266
v -0.8620 -1.1365 9.6208
v -0.8790 -0.8572 9.8151
v -0.8959 -0.5778 10.0093
v -0.9129 -0.2985 10.2035
v -0.9299 -0.0192 10.3978
v -0.9468 0.2602 10.5920
v -0.9638 0.5395 10.7863
v -0.9808 0.8188 10.9805
v -0.9977 1.0982 11.1747
v -1.0147 1.3775 11.3690
v -1.0317 1.6569 11.5632
v -1.2067 -4.7361 7.2900
v -1.2020 -4.4469 7.4842
v -1.1973 -4.1578 7.6785
v -1.1926 -3.8686 7.8727
v -1.1878 -3.5795 8.0669
v -1.1831 -3.2903 8.2612
v -1.1784 -3.0012 8.4554
v -1.1737 -2.7120 8.6497
v -1.1690 -2.4229 8.8439
v -1.1643 -2.1338 9.0381
v -1.1595 -1.8446 9.2324
v -1.1548 -1.5555 9.4266
v -1.1501 -1.2663 9.6208
v -1.1454 -0.9772 9.8151
v -1.1407 -0.6880 10.0093
v -1.1359 -0.3989 10.2035
v -1.1312 -0.1097 10.3978
v -1.1265 0.1794 10.5920
v -1.1218 0.4686 10.7863
v -1.1171 0.7577 10.9805
v -1.1124 1.0469 11.1747
v -1.1076 1.3360 11.3690
v -1.1029 1.6251 11.5632
v -1.7551 -4.9836 7.2900
v -1.7286 -4.6846 7.4842
v -1.7022 -4.3857 7.6785
v -1.6758 -4.0867 7.8727
v -1.6494 -3.7878 8.0669
v -1.6230 -3.4888 8.2612
v -1.5966 -3.1899 8.4554
v -1.5702 -2.8909 8.6497
v -1.5438 -2.5919 8.8439
v -1.5174 -2.2930 9.0381
v -1.4910 -1.9940 9.2324
v -1.4646 -1.6951 9.4266
v -1.4382 -1.3961 9.6208
v -1.4118 -1.0972 9.8151
v -1.3854 -0.7982 10.0093
v -1.3590 -0.4993 10.2035
v -1.3326 -0.2003 10.3978
v -1.3062 0.0987 10.5920
v -1.2798 0.3976 10.7863
v -1.2534 0.6966 10.9805
v -1.2270 0.9955 11.1747
v -1.2006 1.2945 11.3690
v -1.1742 1.5934 11.5632
v -2.3034 -5.2311 7.2900
v -2.2553 -4.9224 7.4842
v -2.2072 -4.6136 7.6785
v -2.1591 -4.3048 7.8727
v -2.1110 -3.9961 8.0669
v -2.0629 -3.6873 8.2612
v -2.0149 -3.3785 8.4554
v -1.9668 -3.0698 8.6497
v -1.9187 -2.7610 8.8439
v -1.8706 -2.4522 9.0381
v -1.8225 -2.1435 9.2324
v -1.7744 -1.8347 9.4266
v -1.7263 -1.5259 9.6208
v -1.6782 -1.2172 9.8151
v -1.6301 -0.9084 10.0093
v -1.5821 -0.5996 10.2035
v -1.5340 -0.2909 10.3978
v -1.4859 0.0179 10.5920
v -1.4378 0.3267 10.7863
v -1.3897 0.6354 10.9805
v -1.3416 0.9442 11.1747
v -1.2935 1.2530 11.3690
v -1.2454 1.5617 11.5632
v -2.8517 -5.4786 7.2900
v -2.7820 -5.1601 7.4842
v -2.7122 -4.8415 7.6785
v -2.6424 -4.5229 7.8727
v -2.5726 -4.2043 8.0669
v -2.5029 -3.8858 8.2612
v -2.4331 -3.5672 8.4554
v -2.3633 -3.2486 8.6497
v -2.2935 -2.9300 8.8439
v -2.2238 -2.6115 9.0381
v -2.1540 -2.2929 9.2324
v -2.0842 -1.9743 9.4266
v -2.0144 -1.6557 9.6208
v -1.9447 -1.3372 9.8151
v -1.8749 -1.0186 10.0093
v -1.8051 -0.7000 10.2035
v -1.7353 -0.3814 10.3978
v -1.6656 -0.0629 10.5920
v -1.5958 0.2557 10.7863
v -1.5260 0.5743 10.9805
v -1.4562 0.8929 11.1747
v -1.3865 1.2114 11.3690
v -1.3167 1.5300 11.5632
v -3.4001 -5.7262 7.2900
v -3.3086 -5.3978 7.4842
v -3.2172 -5.0694 7.6785
v -3.1257 -4.7410 7.8727
v -3.0342 -4.4126 8.0669
v -2.9428 -4.0842 8.2612
v -2.8513 -3.7559 8.4554
v -2.7598 -3.4275 8.6497
v -2.6684 -3.0991 8.8439
v -2.5769 -2.7707 9.0381
v -2.4855 -2.4423 9.2324
v -2.3940 -2.1139 9.4266
v -2.3025 -1.7855 9.6208
v -2.2111 -1.4572 9.8151
v -2.1196 -1.1288 10.0093
v -2.0282 -0.8004 10.2035
v -1.9367 -0.4720 10.3978
v -1.8452 -0.1436 10.5920
v -1.7538 0.1848 10.7863
v -1.6623 0.5132 10.9805
v -1.5708 0.8415 11.1747
v -1.4794 1.1699 11.3690
v -1.3879 1.4983 11.5632
v -3.9484 -5.9737 7.2900
v -3.8353 -5.6355 7.4842
v -3.7221 -5.2973 7.6785
v -3.6090 -4.9591 7.8727
v -3.4958 -4.6209 8.0669
v -3.3827 -4.2827 8.2612
v -3.2695 -3.9445 8.4554
v -3.1564 -3.6063 8.6497
v -3.0432 -3.2681 8.8439
v -2.9301 -2.9299 9.0381
v -2.8169 -2.5917 9.2324
v -2.7038 -2.2535 9.4266
v -2.5906 -1.9153 9.6208
v -2.4775 -1.5771 9.8151
v -2.3644 -1.2390 10.0093
v -2.2512 -0.9008 10.2035
v -2.1381 -0.5626 10.3978
v -2.0249 -0.2244 10.5920
v -1.9118 0.1138 10.7863
v -1.7986 0.4520 10.9805
v -1.6855 0.7902 11.1747
v -1.5723 1.1284 11.3690
v -1.4592 1.4666 11.5632
v -4.3619 -5.8732 7.4842
v -4.2271 -5.5252 7.6785
v -4.0923 -5.1772 7.8727
v -3.9574 -4.8292 8.0669
v -3.8226 -4.4812 8.2612
v -3.6878 -4.1332 8.4554
v -3.5529 -3.7852 8.6497
v -3.4181 -3.4372 8.8439
v -3.2833 -3.0892 9.0381
v -3.1484 -2.7412 9.2324
v -3.0136 -2.3932 9.4266
v -2.8788 -2.0452 9.6208
v -2.7439 -1.6971 9.8151
v -2.6091 -1.3491 10.0093
v -2.4743 -1.0011 10.2035
v -2.3394 -0.6531 10.3978
v -2.2046 -0.3051 10.5920
v -2.0698 0.0429 10.7863
v -1.9349 0.3909 10.9805
v -1.8001 0.7389 11.1747
v -1.6653 1.0869 11.3690
v -1.5304 1.4349 11.5632
v -4.7144 -5.7463 7.2900
v -4.5697 -5.4199 7.4842
v -4.4249 -5.0935 7.6785
v -4.2802 -4.7671 7.8727
v -4.1355 -4.4406 8.0669
v -3.9908 -4.1142 8.2612
v -3.8460 -3.7878 8.4554
v -3.7013 -3.4614 8.6497
v -3.5566 -3.1350 8.8439
v -3.4119 -2.8086 9.0381
v -3.2671 -2.4821 9.2324
v -3.1224 -2.1557 9.4266
v -2.9777 -1.8293 9.6208
v -2.8330 -1.5029 9.8151
v -2.6882 -1.1765 10.0093
v -2.5435 -0.8500 10.2035
v -2.3988 -0.5236 10.3978
v -2.2540 -0.1972 10.5920
v -2.1093 0.1292 10.7863
v -1.9646 0.4556 10.9805
v -1.8199 0.7821 11.1747
v -1.6751 1.1085 11.3690
v -4.9320 -5.2714 7.2900
v -4.7774 -4.9666 7.4842
v -4.6228 -4.6618 7.6785
v -4.4681 -4.3569 7.8727
v -4.3135 -4.0521 8.0669
v -4.1589 -3.7473 8.2612
v -4.0043 -3.4424 8.4554
v -3.8497 -3.1376 8.6497
v -3.6951 -2.8328 8.8439
v -3.5404 -2.5279 9.0381
v -3.3858 -2.2231 9.2324
v -3.2312 -1.9183 9.4266
v -3.0766 -1.6134 9.6208
v -2.9220 -1.3086 9.8151
v -2.7674 -1.0038 10.0093
v -2.6127 -0.6989 10.2035
v -2.4581 -0.3941 10.3978
v -2.3035 -0.0893 10.5920
v -2.1489 0.2156 10.7863
v -1.9943 0.5204 10.9805
v -1.8397 0.8252 11.1747
v -1.6850 1.1301 11.3690
v -5.1496 -4.7966 7.2900
v -4.9851 -4.5133 7.4842
v -4.8206 -4.2301 7.6785
v -4.6561 -3.9468 7.8727
v -4.4916 -3.6636 8.0669
v -4.3271 -3.3803 8.2612
v -4.1626 -3.0971 8.4554
v -3.9981 -2.8138 8.6497
v -3.8335 -2.5306 8.8439
v -3.6690 -2.2473 9.0381
v -3.5045 -1.9641 9.2324
v -3.3400 -1.6808 9.4266
v -3.1755 -1.3976 9.6208
v -3.0110 -1.1143 9.8151
v -2.8465 -0.8311 10.0093
v -2.6820 -0.5478 10.2035
v -2.5175 -0.2646 10.3978
v -2.3530 0.0187 10.5920
v -2.1885 0.3019 10.7863
v -2.0239 0.5852 10.9805
v -1.8594 0.8684 11.1747
v -1.6949 1.1516 11.3690
v -5.3672 -4.3217 7.2900
v -5.1928 -4.0600 7.4842
v -5.0184 -3.7984 7.6785
v -4.8440 -3.5367 7.8727
v -4.6696 -3.2750 8.0669
v -4.4952 -3.0134 8.2612
v -4.3208 -2.7517 8.4554
v -4.1464 -2.4900 8.6497
v -3.9720 -2.2284 8.8439
v -3.7976 -1.9667 9.0381
v -3.6232 -1.7051 9.2324
v -3.4488 -1.4434 9.4266
v -3.2744 -1.1817 9.6208
v -3.1000 -0.9201 9.8151
v -2.9256 -0.6584 10.0093
v -2.7512 -0.3967 10.2035
v -2.5768 -0.1351 10.3978
v -2.4024 0.1266 10.5920
v -2.2280 0.3882 10.7863
v -2.0536 0.6499 10.9805
v -1.8792 0.9116 11.1747
v -1.7048 1.1732 11.3690
v -5.5848 -3.8468 7.2900
v -5.4006 -3.6067 7.4842
v -5.2163 -3.3666 7.6785
v -5.0320 -3.1266 7.8727
v -4.8477 -2.8865 8.0669
v -4.6634 -2.6464 8.2612
v -4.4791 -2.4063 8.4554
v -4.2948 -2.1663 8.6497
v -4.1105 -1.9262 8.8439
v -3.9262 -1.6861 9.0381
v -3.7419 -1.4460 9.2324
v -3.5576 -1.2060 9.4266
v -3.3733 -0.9659 9.6208
v -3.1890 -0.7258 9.8151
v -3.0048 -0.4857 10.0093
v -2.8205 -0.2456 10.2035
v -2.6362 -0.0056 10.3978
v -2.4519 0.2345 10.5920
v -2.2676 0.4746 10.7863
v -2.0833 0.7147 10.9805
v -1.8990 0.9547 11.1747
v -1.7147 1.1948 11.3690
v -5.8025 -3.3719 7.2900
v -5.6083 -3.1534 7.4842
v -5.4141 -2.9349 7.6785
v -5.2199 -2.7164 7.8727
v -5.0257 -2.4980 8.0669
v -4.8315 -2.2795 8.2612
v -4.6374 -2.0610 8.4554
v -4.4432 -1.8425 8.6497
v -4.2490 -1.6240 8.8439
v -4.0548 -1.4055 9.0381
v -3.8606 -1.1870 9.2324
v -3.6664 -0.9685 9.4266
v -3.4723 -0.7500 9.6208
v -3.2781 -0.5315 9.8151
v -3.0839 -0.3130 10.0093
v -2.8897 -0.0945 10.2035
v -2.6955 0.1239 10.3978
v -2.5013 0.3424 10.5920
v -2.3072 0.5609 10.7863
v -2.1130 0.7794 10.9805
v -1.9188 0.9979 11.1747
v -1.7246 1.2164 11.3690
v -6.0201 -2.8970 7.2900
v -5.8160 -2.7001 7.4842
v -5.6119 -2.5032 7.6785
v -5.4079 -2.3063 7.8727
v -5.2038 -2.1094 8.0669
v -4.9997 -1.9125 8.2612
v -4.7956 -1.7156 8.4554
v -4.5916 -1.5187 8.6497
v -4.3875 -1.3218 8.8439
v -4.1834 -1.1249 9.0381
v -3.9793 -0.9280 9.2324
v -3.7752 -0.7311 9.4266
v -3.5712 -0.5342 9.6208
v -3.3671 -0.3373 9.8151
v -3.1630 -0.1404 10.0093
v -2.9589 0.0566 10.2035
v -2.7549 0.2535 10.3978
v -2.5508 0.4504 10.5920
v -2.3467 0.6473 10.7863
v -2.1426 0.8442 10.9805
v -1.9386 1.0411 11.1747
v -1.7345 1.2380 11.3690
v -6.2377 -2.4222 7.2900
v -6.0237 -2.2468 7.4842
v -5.8098 -2.0715 7.6785
v -5.5958 -1.8962 7.8727
v -5.3818 -1.7209 8.0669
v -5.1679 -1.5456 8.2612
v -4.9539 -1.3702 8.4554
v -4.7399 -1.1949 8.6497
v -4.5260 -1.0196 8.8439
v -4.3120 -0.8443 9.0381
v -4.0980 -0.6690 9.2324
v -3.8841 -0.4936 9.4266
v -3.6701 -0.3183 9.6208
v -3.4561 -0.1430 9.8151
v -3.2422 0.0323 10.0093
v -3.0282 0.2077 10.2035
v -2.8142 0.3830 10.3978
v -2.6003 0.5583 10.5920
v -2.3863 0.7336 10.7863
v -2.1723 0.9089 10.9805
v -1.9584 1.0843 11.1747
v -1.7444 1.2596 11.3690
v -6.4553 -1.9473 7.2900
v -6.2315 -1.7935 7.4842
v -6.0076 -1.6398 7.6785
v -5.7837 -1.4861 7.8727
v -5.5599 -1.3323 8.0669
v -5.3360 -1.1786 8.2612
v -5.1122 -1.0249 8.4554
v -4.8883 -0.8711 8.6497
v -4.6644 -0.7174 8.8439
v -4.4406 -0.5637 9.0381
v -4.2167 -0.4099 9.2324
v -3.9929 -0.2562 9.4266
v -3.7690 -0.1025 9.6208
v -3.5451 0.0513 9.8151
v -3.3213 0.2050 10.0093
v -3.0974 0.3588 10.2035
v -2.8736 0.5125 10.3978
v -2.6497 0.6662 10.5920
v -2.4259 0.8200 10.7863
v -2.2020 0.9737 10.9805
v -1.9781 1.1274 11.1747
v -1.7543 1.2812 11.3690
v -6.6729 -1.4724 7.2900
v -6.4392 -1.3402 7.4842
v -6.2054 -1.2081 7.6785
v -5.9717 -1.0759 7.8727
v -5.7379 -0.9438 8.0669
v -5.5042 -0.8116 8.2612
v -5.2704 -0.6795 8.4554
v -5.0367 -0.5473 8.6497
v -4.8029 -0.4152 8.8439
v -4.5692 -0.2830 9.0381
v -4.3354 -0.1509 9.2324
v -4.1017 -0.0188 9.4266
v -3.8679 0.1134 9.6208
v -3.6342 0.2455 9.8151
v -3.4004 0.3777 10.0093
v -3.1667 0.5098 10.2035
v -2.9329 0.6420 10.3978
v -2.6992 0.7741 10.5920
v -2.4654 0.9063 10.7863
v -2.2317 1.0384 10.9805
v -1.9979 1.1706 11.1747
v -1.7642 1.3027 11.3690
v -6.8905 -0.9975 7.2900
v -6.6469 -0.8870 7.4842
v -6.4033 -0.7764 7.6785
v -6.1596 -0.6658 7.8727
v -5.9160 -0.5553 8.0669
v -5.6723 -0.4447 8.2612
v -5.4287 -0.3341 8.4554
v -5.1850 -0.2236 8.6497
v -4.9414 -0.1130 8.8439
v -4.6978 -0.0024 9.0381
v -4.4541 0.1081 9.2324
v -4.2105 0.2187 9.4266
v -3.9668 0.3293 9.6208
v -3.7232 0.4398 9.8151
v -3.4796 0.5504 10.0093
v -3.2359 0.6609 10.2035
v -2.9923 0.7715 10.3978
v -2.7486 0.8821 10.5920
v -2.5050 0.9926 10.7863
v -2.2613 1.1032 10.9805
v -2.0177 1.2138 11.1747
v -1.7741 1.3243 11.3690
v -7.1082 -0.5226 7.2900
v -6.8546 -0.4337 7.4842
v -6.6011 -0.3447 7.6785
v -6.3476 -0.2557 7.8727
v -6.0940 -0.1667 8.0669
v -5.8405 -0.0777 8.2612
v -5.5870 0.0112 8.4554
v -5.3334 0.1002 8.6497
v -5.0799 0.1892 8.8439
v -4.8264 0.2782 9.0381
v -4.5728 0.3672 9.2324
v -4.3193 0.4561 9.4266
v -4.0658 0.5451 9.6208
v -3.8122 0.6341 9.8151
v -3.5587 0.7231 10.0093
v -3.3052 0.8120 10.2035
v -3.0516 0.9010 10.3978
v -2.7981 0.9900 10.5920
v -2.5446 1.0790 10.7863
v -2.2910 1.1680 10.9805
v -2.0375 1.2569 11.1747
v -1.7840 1.3459 11.3690
v -7.3258 -0.0478 7.2900
v -7.0623 0.0196 7.4842
v -6.7989 0.0870 7.6785
v -6.5355 0.1544 7.8727
v -6.2721 0.2218 8.0669
v -6.0086 0.2892 8.2612
v -5.7452 0.3566 8.4554
v -5.4818 0.4240 8.6497
v -5.2184 0.4914 8.8439
v -4.9549 0.5588 9.0381
v -4.6915 0.6262 9.2324
v -4.4281 0.6936 9.4266
v -4.1647 0.7610 9.6208
v -3.9012 0.8284 9.8151
v -3.6378 0.8958 10.0093
v -3.3744 0.9631 10.2035
v -3.1110 1.0305 10.3978
v -2.8475 1.0979 10.5920
v -2.5841 1.1653 10.7863
v -2.3207 1.2327 10.9805
v -2.0573 1.3001 11.1747
v -1.7938 1.3675 11.3690
v -7.5434 0.4271 7.2900
v -7.2701 0.4729 7.4842
v -6.9968 0.5187 7.6785
v -6.7234 0.5646 7.8727
v -6.4501 0.6104 8.0669
v -6.1768 0.6562 8.2612
v -5.9035 0.7020 8.4554
v -5.6302 0.7478 8.6497
v -5.3569 0.7936 8.8439
v -5.0835 0.8394 9.0381
v -4.8102 0.8852 9.2324
v -4.5369 0.9310 9.4266
v -4.2636 0.9768 9.6208
v -3.9903 1.0226 9.8151
v -3.7170 1.0684 10.0093
v -3.4436 1.1142 10.2035
v -3.1703 1.1601 10.3978
v -2.8970 1.2059 10.5920
v -2.6237 1.2517 10.7863
v -2.3504 1.2975 10.9805
v -2.0771 1.3433 11.1747
v -1.8037 1.3891 11.3690
v -7.7610 0.9020 7.2900
v -7.4778 0.9262 7.4842
v -7.1946 0.9505 7.6785
v -6.9114 0.9747 7.8727
v -6.6282 0.9989 8.0669
v -6.3450 1.0231 8.2612
v -6.0618 1.0473 8.4554
v -5.7785 1.0716 8.6497
v -5.4953 1.0958 8.8439
v -5.2121 1.1200 9.0381
v -4.9289 1.1442 9.2324
v -4.6457 1.1685 9.4266
v -4.3625 1.1927 9.6208
v -4.0793 1.2169 9.8151
v -3.7961 1.2411 10.0093
v -3.5129 1.2653 10.2035
v -3.2297 1.2896 10.3978
v -2.9465 1.3138 10.5920
v -2.6633 1.3380 10.7863
v -2.3800 1.3622 10.9805
v -2.0968 1.3865 11.1747
v -1.8136 1.4107 11.3690
v -7.9786 1.3769 7.2900
v -7.6855 1.3795 7.4842
v -7.3924 1.3822 7.6785
v -7.0993 1.3848 7.8727
v -6.8062 1.3874 8.0669
v -6.5131 1.3901 8.2612
v -6.2200 1.3927 8.4554
v -5.9269 1.3953 8.6497
v -5.6338 1.3980 8.8439
v -5.3407 1.4006 9.0381
v -5.0476 1.4033 9.2324
v -4.7545 1.4059 9.4266
v -4.4614 1.4085 9.6208
v -4.1683 1.4112 9.8151
v -3.8752 1.4138 10.0093
v -3.5821 1.4164 10.2035
v -3.2890 1.4191 10.3978
v -2.9959 1.4217 10.5920
v -2.7028 1.4243 10.7863
v -2.4097 1.4270 10.9805
v -2.1166 1.4296 11.1747
v -1.8235 1.4323 11.3690
v -8.1962 1.8518 7.2900
v -7.8932 1.8328 7.4842
v -7.5903 1.8139 7.6785
v -7.2873 1.7949 7.8727
v -6.9843 1.7760 8.0669
v -6.6813 1.7570 8.2612
v -6.3783 1.7381 8.4554
v -6.0753 1.7191 8.6497
v -5.7723 1.7002 8.8439
v -5.4693 1.6812 9.0381
v -5.1663 1.6623 9.2324
v -4.8633 1.6433 9.4266
v -4.5603 1.6244 9.6208
v -4.2573 1.6054 9.8151
v -3.9544 1.5865 10.0093
v -3.6514 1.5675 10.2035
v -3.3484 1.5486 10.3978
v -3.0454 1.5296 10.5920
v -2.7424 1.5107 10.7863
v -2.4394 1.4917 10.9805
v -2.1364 1.4728 11.1747
v -1.8334 1.4538 11.3690
v -8.4139 2.3267 7.2900
v -8.1010 2.2861 7.4842
v -7.7881 2.2456 7.6785
v -7.4752 2.2050 7.8727
v -7.1623 2.1645 8.0669
v -6.8494 2.1240 8.2612
v -6.5366 2.0834 8.4554
v -6.2237 2.0429 8.6497
v -5.9108 2.0024 8.8439
v -5.5979 1.9618 9.0381
v -5.2850 1.9213 9.2324
v -4.9721 1.8808 9.4266
v -4.6593 1.8402 9.6208
v -4.3464 1.7997 9.8151
v -4.0335 1.7592 10.0093
v -3.7206 1.7186 10.2035
v -3.4077 1.6781 10.3978
v -3.0948 1.6376 10.5920
v -2.7820 1.5970 10.7863
v -2.4691 1.5565 10.9805
v -2.1562 1.5160 11.1747
v -1.8433 1.4754 11.3690
v -8.6315 2.8015 7.2900
v -8.3087 2.7394 7.4842
v -7.9859 2.6773 7.6785
v -7.6631 2.6152 7.8727
v -7.3404 2.5531 8.0669
v -7.0176 2.4909 8.2612
v -6.6948 2.4288 8.4554
v -6.3720 2.3667 8.6497
v -6.0493 2.3046 8.8439
v -5.7265 2.2425 9.0381
v -5.4037 2.1803 9.2324
v -5.0809 2.1182 9.4266
v -4.7582 2.0561 9.6208
v -4.4354 1.9940 9.8151
v -4.1126 1.9319 10.0093
v -3.7898 1.8697 10.2035
v -3.4671 1.8076 10.3978
v -3.1443 1.7455 10.5920
v -2.8215 1.6834 10.7863
v -2.4987 1.6213 10.9805
v -2.1760 1.5591 11.1747
v -1.8532 1.4970 11.3690
v -8.8491 3.2764 7.2900
v -8.5164 3.1927 7.4842
v -8.1838 3.1090 7.6785
v -7.8511 3.0253 7.8727
v -7.5184 2.9416 8.0669
v -7.1858 2.8579 8.2612
v -6.8531 2.7742 8.4554
v -6.5204 2.6905 8.6497
v -6.1878 2.6068 8.8439
v -5.8551 2.5231 9.0381
v -5.5224 2.4394 9.2324
v -5.1898 2.3557 9.4266
v -4.8571 2.2719 9.6208
v -4.5244 2.1882 9.8151
v -4.1918 2.1045 10.0093
v -3.8591 2.0208 10.2035
v -3.5264 1.9371 10.3978
v -3.1938 1.8534 10.5920
v -2.8611 1.7697 10.7863
v -2.5284 1.6860 10.9805
v -2.1958 1.6023 11.1747
v -1.8631 1.5186 11.3690
v -9.0667 3.7513 7.2900
v -8.7241 3.6460 7.4842
v -8.3816 3.5407 7.6785
v -8.0390 3.4354 7.8727
v -7.6965 3.3301 8.0669
v -7.3539 3.2248 8.2612
v -7.0114 3.1195 8.4554
v -6.6688 3.0143 8.6497
v -6.3262 2.9090 8.8439
v -5.9837 2.8037 9.0381
v -5.6411 2.6984 9.2324
v -5.2986 2.5931 9.4266
v -4.9560 2.4878 9.6208
v -4.6134 2.3825 9.8151
v -4.2709 2.2772 10.0093
v -3.9283 2.1719 10.2035
v -3.5858 2.0666 10.3978
v -3.2432 1.9614 10.5920
v -2.9007 1.8561 10.7863
v -2.5581 1.7508 10.9805
v -2.2155 1.6455 11.1747
v -1.8730 1.5402 11.3690
v -8.9319 4.0993 7.4842
v -8.5794 3.9724 7.6785
v -8.2270 3.8455 7.8727
v -7.8745 3.7187 8.0669
v -7.5221 3.5918 8.2612
v -7.1696 3.4649 8.4554
v -6.8172 3.3380 8.6497
v -6.4647 3.2112 8.8439
v -6.1123 3.0843 9.0381
v -5.7598 2.9574 9.2324
v -5.4074 2.8305 9.4266
v -5.0549 2.7037 9.6208
v -4.7025 2.5768 9.8151
v -4.3500 2.4499 10.0093
v -3.9976 2.3230 10.2035
v -3.6451 2.1962 10.3978
v -3.2927 2.0693 10.5920
v -2.9402 1.9424 10.7863
v -2.5878 1.8155 10.9805
v -2.2353 1.6886 11.1747
v -1.8829 1.5618 11.3690
v -8.7315 4.4776 7.2900
v -8.4010 4.3408 7.4842
v -8.0704 4.2039 7.6785
v -7.7399 4.0670 7.8727
v -7.4093 3.9302 8.0669
v -7.0787 3.7933 8.2612
v -6.7482 3.6564 8.4554
v -6.4176 3.5196 8.6497
v -6.0870 3.3827 8.8439
v -5.7565 3.2458 9.0381
v -5.4259 3.1090 9.2324
v -5.0954 2.9721 9.4266
v -4.7648 2.8352 9.6208
v -4.4342 2.6984 9.8151
v -4.1037 2.5615 10.0093
v -3.7731 2.4247 10.2035
v -3.4425 2.2878 10.3978
v -3.1120 2.1509 10.5920
v -2.7814 2.0141 10.7863
v -2.4509 1.8772 10.9805
v -2.1203 1.7403 11.1747
v -1.7897 1.6035 11.3690
v -8.1788 4.7291 7.2900
v -7.8701 4.5822 7.4842
v -7.5614 4.4354 7.6785
v -7.2527 4.2885 7.8727
v -6.9441 4.1416 8.0669
v -6.6354 3.9948 8.2612
v -6.3267 3.8479 8.4554
v -6.0180 3.7011 8.6497
v -5.7094 3.5542 8.8439
v -5.4007 3.4074 9.0381
v -5.0920 3.2605 9.2324
v -4.7833 3.1137 9.4266
v -4.4747 2.9668 9.6208
v -4.1660 2.8200 9.8151
v -3.8573 2.6731 10.0093
v -3.5486 2.5263 10.2035
v -3.2400 2.3794 10.3978
v -2.9313 2.2326 10.5920
v -2.6226 2.0857 10.7863
v -2.3139 1.9389 10.9805
v -2.0053 1.7920 11.1747
v -1.6966 1.6452 11.3690
v -7.6260 4.9805 7.2900
v -7.3392 4.8237 7.4842
v -7.0524 4.6668 7.6785
v -6.7656 4.5100 7.8727
v -6.4788 4.3531 8.0669
v -6.1920 4.1963 8.2612
v -5.9053 4.0395 8.4554
v -5.6185 3.8826 8.6497
v -5.3317 3.7258 8.8439
v -5.0449 3.5689 9.0381
v -4.7581 3.4121 9.2324
v -4.4713 3.2553 9.4266
v -4.1845 3.0984 9.6208
v -3.8978 2.9416 9.8151
v -3.6110 2.7847 10.0093
v -3.3242 2.6279 10.2035
v -3.0374 2.4711 10.3978
v -2.7506 2.3142 10.5920
v -2.4638 2.1574 10.7863
v -2.1770 2.0005 10.9805
v -1.8902 1.8437 11.1747
v -1.6035 1.6869 11.3690
v -7.0732 5.2319 7.2900
v -6.8083 5.0651 7.4842
v -6.5434 4.8983 7.6785
v -6.2785 4.7315 7.8727
v -6.0136 4.5646 8.0669
v -5.7487 4.3978 8.2612
v -5.4838 4.2310 8.4554
v -5.2189 4.0641 8.6497
v -4.9540 3.8973 8.8439
v -4.6891 3.7305 9.0381
v -4.4242 3.5637 9.2324
v -4.1593 3.3968 9.4266
v -3.8944 3.2300 9.6208
v -3.6295 3.0632 9.8151
v -3.3646 2.8964 10.0093
v -3.0997 2.7295 10.2035
v -2.8348 2.5627 10.3978
v -2.5699 2.3959 10.5920
v -2.3050 2.2290 10.7863
v -2.0401 2.0622 10.9805
v -1.7752 1.8954 11.1747
v -1.5103 1.7286 11.3690
v -6.5204 5.4834 7.2900
v -6.2774 5.3066 7.4842
v -6.0344 5.1297 7.6785
v -5.7914 4.9529 7.8727
v -5.5484 4.7761 8.0669
v -5.3054 4.5993 8.2612
v -5.0623 4.4225 8.4554
v -4.8193 4.2457 8.6497
v -4.5763 4.0689 8.8439
v -4.3333 3.8920 9.0381
v -4.0903 3.7152 9.2324
v -3.8473 3.5384 9.4266
v -3.6043 3.3616 9.6208
v -3.3613 3.1848 9.8151
v -3.1183 3.0080 10.0093
v -2.8752 2.8311 10.2035
v -2.6322 2.6543 10.3978
v -2.3892 2.4775 10.5920
v -2.1462 2.3007 10.7863
v -1.9032 2.1239 10.9805
v -1.6602 1.9471 11.1747
v -1.4172 1.7703 11.3690
v -5.9676 5.7348 7.2900
v -5.7465 5.5480 7.4842
v -5.5254 5.3612 7.6785
v -5.3043 5.1744 7.8727
v -5.0831 4.9876 8.0669
v -4.8620 4.8008 8.2612
v -4.6409 4.6140 8.4554
v -4.4198 4.4272 8.6497
v -4.1986 4.2404 8.8439
v -3.9775 4.0536 9.0381
v -3.7564 3.8668 9.2324
v -3.5353 3.6800 9.4266
v -3.3142 3.4932 9.6208
v -3.0930 3.3064 9.8151
v -2.8719 3.1196 10.0093
v -2.6508 2.9328 10.2035
v -2.4297 2.7460 10.3978
v -2.2085 2.5592 10.5920
v -1.9874 2.3724 10.7863
v -1.7663 2.1856 10.9805
v -1.5452 1.9988 11.1747
v -1.3241 1.8120 11.3690
v -5.4148 5.9863 7.2900
v -5.2156 5.7895 7.4842
v -5.0164 5.5927 7.6785
v -4.8171 5.3959 7.8727
v -4.6179 5.1991 8.0669
v -4.4187 5.0023 8.2612
v -4.2194 4.8055 8.4554
v -4.0202 4.6087 8.6497
v -3.8210 4.4119 8.8439
v -3.6217 4.2151 9.0381
v -3.4225 4.0183 9.2324
v -3.2233 3.8216 9.4266
v -3.0240 3.6248 9.6208
v -2.8248 3.4280 9.8151
v -2.6256 3.2312 10.0093
v -2.4263 3.0344 10.2035
v -2.2271 2.8376 10.3978
v -2.0279 2.6408 10.5920
v -1.8286 2.4440 10.7863
v -1.6294 2.2472 10.9805
v -1.4301 2.0504 11.1747
v -1.2309 1.8536 11.3690
v -4.8621 6.2377 7.2900
v -4.6847 6.0309 7.4842
v -4.5074 5.8241 7.6785
v -4.3300 5.6174 7.8727
v -4.1527 5.4106 8.0669
v -3.9753 5.2038 8.2612
v -3.7980 4.9970 8.4554
v -3.6206 4.7902 8.6497
v -3.4433 4.5835 8.8439
v -3.2659 4.3767 9.0381
v -3.0886 4.1699 9.2324
v -2.9112 3.9631 9.4266
v -2.7339 3.7564 9.6208
v -2.5565 3.5496 9.8151
v -2.3792 3.3428 10.0093
v -2.2019 3.1360 10.2035
v -2.0245 2.9292 10.3978
v -1.8472 2.7225 10.5920
v -1.6698 2.5157 10.7863
v -1.4925 2.3089 10.9805
v -1.3151 2.1021 11.1747
v -1.1378 1.8953 11.3690
v -4.3093 6.4891 7.2900
v -4.1538 6.2724 7.4842
v -3.9984 6.0556 7.6785
v -3.8429 5.8388 7.8727
v -3.6874 5.6221 8.0669
v -3.5320 5.4053 8.2612
v -3.3765 5.1885 8.4554
v -3.2211 4.9718 8.6497
v -3.0656 4.7550 8.8439
v -2.9101 4.5382 9.0381
v -2.7547 4.3215 9.2324
v -2.5992 4.1047 9.4266
v -2.4438 3.8879 9.6208
v -2.2883 3.6712 9.8151
v -2.1328 3.4544 10.0093
v -1.9774 3.2376 10.2035
v -1.8219 3.0209 10.3978
v -1.6665 2.8041 10.5920
v -1.5110 2.5873 10.7863
v -1.3556 2.3706 10.9805
v -1.2001 2.1538 11.1747
v -1.0446 1.9370 11.3690
v -3.7565 6.7406 7.2900
v -3.6229 6.5138 7.4842
v -3.4893 6.2871 7.6785
v -3.3558 6.0603 7.8727
v -3.2222 5.8336 8.0669
v -3.0886 5.6068 8.2612
v -2.9551 5.3800 8.4554
v -2.8215 5.1533 8.6497
v -2.6879 4.9265 8.8439
v -2.5543 4.6998 9.0381
v -2.4208 4.4730 9.2324
v -2.2872 4.2463 9.4266
v -2.1536 4.0195 9.6208
v -2.0201 3.7928 9.8151
v -1.8865 3.5660 10.0093
v -1.7529 3.3393 10.2035
v -1.6194 3.1125 10.3978
v -1.4858 2.8858 10.5920
v -1.3522 2.6590 10.7863
v -1.2186 2.4322 10.9805
v -1.0851 2.2055 11.1747
v -0.9515 1.9787 11.3690
v -3.2037 6.9920 7.2900
v -3.0920 6.7553 7.4842
v -2.9803 6.5185 7.6785
v -2.8687 6.2818 7.8727
v -2.7570 6.0450 8.0669
v -2.6453 5.8083 8.2612
v -2.5336 5.5716 8.4554
v -2.4219 5.3348 8.6497
v -2.3102 5.0981 8.8439
v -2.1986 4.8613 9.0381
v -2.0869 4.6246 9.2324
v -1.9752 4.3879 9.4266
v -1.8635 4.1511 9.6208
v -1.7518 3.9144 9.8151
v -1.6401 3.6776 10.0093
v -1.5285 3.4409 10.2035
v -1.4168 3.2041 10.3978
v -1.3051 2.9674 10.5920
v -1.1934 2.7307 10.7863
v -1.0817 2.4939 10.9805
v -0.9700 2.2572 11.1747
v -0.8584 2.0204 11.3690
v -2.6509 7.2435 7.2900
v -2.5611 6.9967 7.4842
v -2.4713 6.7500 7.6785
v -2.3815 6.5033 7.8727
v -2.2917 6.2565 8.0669
v -2.2019 6.0098 8.2612
v -2.1121 5.7631 8.4554
v -2.0224 5.5163 8.6497
v -1.9326 5.2696 8.8439
v -1.8428 5.0229 9.0381
v -1.7530 4.7762 9.2324
v -1.6632 4.5294 9.4266
v -1.5734 4.2827 9.6208
v -1.4836 4.0360 9.8151
v -1.3938 3.7892 10.0093
v -1.3040 3.5425 10.2035
v -1.2142 3.2958 10.3978
v -1.1244 3.0490 10.5920
v -1.0346 2.8023 10.7863
v -0.9448 2.5556 10.9805
v -0.8550 2.3089 11.1747
v -0.7652 2.0621 11.3690
v -2.0981 7.4949 7.2900
v -2.0302 7.2382 7.4842
v -1.9623 6.9815 7.6785
v -1.8944 6.7247 7.8727
v -1.8265 6.4680 8.0669
v -1.7586 6.2113 8.2612
v -1.6907 5.9546 8.4554
v -1.6228 5.6979 8.6497
v -1.5549 5.4412 8.8439
v -1.4870 5.1844 9.0381
v -1.4191 4.9277 9.2324
v -1.3512 4.6710 9.4266
v -1.2833 4.4143 9.6208
v -1.2153 4.1576 9.8151
v -1.1474 3.9008 10.0093
v -1.0795 3.6441 10.2035
v -1.0116 3.3874 10.3978
v -0.9437 3.1307 10.5920
v -0.8758 2.8740 10.7863
v -0.8079 2.6173 10.9805
v -0.7400 2.3605 11.1747
v -0.6721 2.1038 11.3690
v -1.5453 7.7463 7.2900
v -1.4993 7.4796 7.4842
v -1.4533 7.2129 7.6785
v -1.4073 6.9462 7.8727
v -1.3613 6.6795 8.0669
v -1.3153 6.4128 8.2612
v -1.2692 6.1461 8.4554
v -1.2232 5.8794 8.6497
v -1.1772 5.6127 8.8439
v -1.1312 5.3460 9.0381
v -1.0852 5.0793 9.2324
v -1.0391 4.8126 9.4266
v -0.9931 4.5459 9.6208
v -0.9471 4.2792 9.8151
v -0.9011 4.0125 10.0093
v -0.8551 3.7458 10.2035
v -0.8090 3.4790 10.3978
v -0.7630 3.2123 10.5920
v -0.7170 2.9456 10.7863
v -0.6710 2.6789 10.9805
v -0.6250 2.4122 11.1747
v -0.5790 2.1455 11.3690
v -0.9926 7.9978 7.2900
v -0.9684 7.7211 7.4842
v -0.9443 7.4444 7.6785
v -0.9202 7.1677 7.8727
v -0.8960 6.8910 8.0669
v -0.8719 6.6143 8.2612
v -0.8478 6.3376 8.4554
v -0.8236 6.0609 8.6497
v -0.7995 5.7842 8.8439
v -0.7754 5.5075 9.0381
v -0.7513 5.2308 9.2324
v -0.7271 4.9541 9.4266
v -0.7030 4.6775 9.6208
v -0.6789 4.4008 9.8151
v -0.6547 4.1241 10.0093
v -0.6306 3.8474 10.2035
v -0.6065 3.5707 10.3978
v -0.5823 3.2940 10.5920
v -0.5582 3.0173 10.7863
v -0.5341 2.7406 10.9805
v -0.5099 2.4639 11.1747
v -0.4858 2.1872 11.3690
v -0.4398 8.2492 7.2900
v -0.4375 7.9625 7.4842
v -0.4353 7.6758 7.6785
v -0.4331 7.3892 7.8727
v -0.4308 7.1025 8.0669
v -0.4286 6.8158 8.2612
v -0.4263 6.5291 8.4554
v -0.4241 6.2424 8.6497
v -0.4218 5.9558 8.8439
v -0.4196 5.6691 9.0381
v -0.4174 5.3824 9.2324
v -0.4151 5.0957 9.4266
v -0.4129 4.8090 9.6208
v -0.4106 4.5224 9.8151
v -0.4084 4.2357 10.0093
v -0.4061 3.9490 10.2035
v -0.4039 3.6623 10.3978
v -0.4017 3.3756 10.5920
v -0.3994 3.0890 10.7863
v -0.3972 2.8023 10.9805
v -0.3949 2.5156 11.1747
v -0.3927 2.2289 11.3690
v 0.1130 8.5006 7.2900
v 0.0934 8.2040 7.4842
v 0.0737 7.9073 7.6785
v 0.0541 7.6106 7.8727
v 0.0344 7.3140 8.0669
v 0.0148 7.0173 8.2612
v -0.0049 6.7206 8.4554
v -0.0245 6.4240 8.6497
v -0.0442 6.1273 8.8439
v -0.0638 5.8306 9.0381
v -0.0834 5.5340 9.2324
v -0.1031 5.2373 9.4266
v -0.1227 4.9406 9.6208
v -0.1424 4.6440 9.8151
v -0.1620 4.3473 10.0093
v -0.1817 4.0506 10.2035
v -0.2013 3.7540 10.3978
v -0.2210 3.4573 10.5920
v -0.2406 3.1606 10.7863
v -0.2603 2.8639 10.9805
v -0.2799 2.5673 11.1747
v -0.2995 2.2706 11.3690
v 0.6658 8.7521 7.2900
v 0.6243 8.4454 7.4842
v 0.5827 8.1388 7.6785
v 0.5412 7.8321 7.8727
v 0.4997 7.5255 8.0669
v 0.4581 7.2188 8.2612
v 0.4166 6.9122 8.4554
v 0.3751 6.6055 8.6497
v 0.3335 6.2988 8.8439
v 0.2920 5.9922 9.0381
v 0.2505 5.6855 9.2324
v 0.2089 5.3789 9.4266
v 0.1674 5.0722 9.6208
v 0.1259 4.7656 9.8151
v 0.0843 4.4589 10.0093
v 0.0428 4.1522 10.2035
v 0.0013 3.8456 10.3978
v -0.0403 3.5389 10.5920
v -0.0818 3.2323 10.7863
v -0.1233 2.9256 10.9805
v -0.1649 2.6190 11.1747
v -0.2064 2.3123 11.3690
v 1.2186 9.0035 7.2900
v 1.1551 8.6869 7.4842
v 1.0917 8.3702 7.6785
v 1.0283 8.0536 7.8727
v 0.9649 7.7370 8.0669
v 0.9015 7.4203 8.2612
v 0.8380 7.1037 8.4554
v 0.7746 6.7870 8.6497
v 0.7112 6.4704 8.8439
v 0.6478 6.1537 9.0381
v 0.5844 5.8371 9.2324
v 0.5209 5.5204 9.4266
v 0.4575 5.2038 9.6208
v 0.3941 4.8872 9.8151
v 0.3307 4.5705 10.0093
v 0.2673 4.2539 10.2035
v 0.2038 3.9372 10.3978
v 0.1404 3.6206 10.5920
v 0.0770 3.3039 10.7863
v 0.0136 2.9873 10.9805
v -0.0498 2.6706 11.1747
v -0.1133 2.3540 11.3690
v 1.7714 9.2550 7.2900
v 1.6860 8.9283 7.4842
v 1.6007 8.6017 7.6785
v 1.5154 8.2751 7.8727
v 1.4301 7.9484 8.0669
v 1.3448 7.6218 8.2612
v 1.2595 7.2952 8.4554
v 1.1742 6.9685 8.6497
v 1.0889 6.6419 8.8439
v 1.0036 6.3153 9.0381
v 0.9183 5.9887 9.2324
v 0.8330 5.6620 9.4266
v 0.7476 5.3354 9.6208
v 0.6623 5.0088 9.8151
v 0.5770 4.6821 10.0093
v 0.4917 4.3555 10.2035
v 0.4064 4.0289 10.3978
v 0.3211 3.7022 10.5920
v 0.2358 3.3756 10.7863
v 0.1505 3.0490 10.9805
v 0.0652 2.7223 11.1747
v -0.0201 2.3957 11.3690
v 2.3241 9.5064 7.2900
v 2.2169 9.1698 7.4842
v 2.1097 8.8332 7.6785
v 2.0025 8.4965 7.8727
v 1.8954 8.1599 8.0669
v 1.7882 7.8233 8.2612
v 1.6810 7.4867 8.4554
v 1.5738 7.1501 8.6497
v 1.4666 6.8135 8.8439
v 1.3594 6.4768 9.0381
v 1.2522 6.1402 9.2324
v 1.1450 5.8036 9.4266
v 1.0378 5.4670 9.6208
v 0.9306 5.1304 9.8151
v 0.8234 4.7937 10.0093
v 0.7162 4.4571 10.2035
v 0.6090 4.1205 10.3978
v 0.5018 3.7839 10.5920
v 0.3946 3.4473 10.7863
v 0.2874 3.1106 10.9805
v 0.1802 2.7740 11.1747
v 0.0730 2.4374 11.3690
v 2.7478 9.4112 7.4842
v 2.6188 9.0646 7.6785
v 2.4897 8.7180 7.8727
v 2.3606 8.3714 8.0669
v 2.2315 8.0248 8.2612
v 2.1024 7.6782 8.4554
v 1.9733 7.3316 8.6497
v 1.8442 6.9850 8.8439
v 1.7152 6.6384 9.0381
v 1.5861 6.2918 9.2324
v 1.4570 5.9452 9.4266
v 1.3279 5.5986 9.6208
v 1.1988 5.2520 9.8151
v 1.0697 4.9053 10.0093
v 0.9407 4.5587 10.2035
v 0.8116 4.2121 10.3978
v 0.6825 3.8655 10.5920
v 0.5534 3.5189 10.7863
v 0.4243 3.1723 10.9805
v 0.2952 2.8257 11.1747
v 0.1661 2.4791 11.3690
v 3.0901 9.2790 7.2900
v 2.9513 8.9542 7.4842
v 2.8125 8.6294 7.6785
v 2.6738 8.3045 7.8727
v 2.5350 7.9797 8.0669
v 2.3962 7.6548 8.2612
v 2.2574 7.3300 8.4554
v 2.1187 7.0051 8.6497
v 1.9799 6.6803 8.8439
v 1.8411 6.3555 9.0381
v 1.7024 6.0306 9.2324
v 1.5636 5.7058 9.4266
v 1.4248 5.3809 9.6208
v 1.2860 5.0561 9.8151
v 1.1473 4.7312 10.0093
v 1.0085 4.4064 10.2035
v 0.8697 4.0815 10.3978
v 0.7309 3.7567 10.5920
v 0.5922 3.4319 10.7863
v 0.4534 3.1070 10.9805
v 0.3146 2.7822 11.1747
v 0.1758 2.4573 11.3690
v 3.3033 8.8003 7.2900
v 3.1548 8.4972 7.4842
v 3.0063 8.1941 7.6785
v 2.8579 7.8910 7.8727
v 2.7094 7.5879 8.0669
v 2.5609 7.2849 8.2612
v 2.4125 6.9818 8.4554
v 2.2640 6.6787 8.6497
v 2.1156 6.3756 8.8439
v 1.9671 6.0725 9.0381
v 1.8186 5.7694 9.2324
v 1.6702 5.4664 9.4266
v 1.5217 5.1633 9.6208
v 1.3732 4.8602 9.8151
v 1.2248 4.5571 10.0093
v 1.0763 4.2540 10.2035
v 0.9278 3.9510 10.3978
v 0.7794 3.6479 10.5920
v 0.6309 3.3448 10.7863
v 0.4825 3.0417 10.9805
v 0.3340 2.7386 11.1747
v 0.1855 2.4356 11.3690
v 3.5164 8.3215 7.2900
v 3.3583 8.0401 7.4842
v 3.2001 7.7588 7.6785
v 3.0420 7.4775 7.8727
v 2.8838 7.1962 8.0669
v 2.7257 6.9149 8.2612
v 2.5675 6.6336 8.4554
v 2.4094 6.3522 8.6497
v 2.2512 6.0709 8.8439
v 2.0931 5.7896 9.0381
v 1.9349 5.5083 9.2324
v 1.7768 5.2270 9.4266
v 1.6186 4.9457 9.6208
v 1.4604 4.6643 9.8151
v 1.3023 4.3830 10.0093
v 1.1441 4.1017 10.2035
v 0.9860 3.8204 10.3978
v 0.8278 3.5391 10.5920
v 0.6697 3.2578 10.7863
v 0.5115 2.9764 10.9805
v 0.3534 2.6951 11.1747
v 0.1952 2.4138 11.3690
v 3.7296 7.8427 7.2900
v 3.5618 7.5831 7.4842
v 3.3939 7.3235 7.6785
v 3.2261 7.0640 7.8727
v 3.0582 6.8044 8.0669
v 2.8904 6.5449 8.2612
v 2.7226 6.2853 8.4554
v 2.5547 6.0258 8.6497
v 2.3869 5.7662 8.8439
v 2.2190 5.5067 9.0381
v 2.0512 5.2471 9.2324
v 1.8833 4.9876 9.4266
v 1.7155 4.7280 9.6208
v 1.5477 4.4685 9.8151
v 1.3798 4.2089 10.0093
v 1.2120 3.9494 10.2035
v 1.0441 3.6898 10.3978
v 0.8763 3.4303 10.5920
v 0.7084 3.1707 10.7863
v 0.5406 2.9111 10.9805
v 0.3727 2.6516 11.1747
v 0.2049 2.3920 11.3690
v 3.9428 7.3639 7.2900
v 3.7653 7.1261 7.4842
v 3.5877 6.8883 7.6785
v 3.4102 6.6505 7.8727
v 3.2327 6.4127 8.0669
v 3.0551 6.1749 8.2612
v 2.8776 5.9371 8.4554
v 2.7001 5.6993 8.6497
v 2.5225 5.4615 8.8439
v 2.3450 5.2238 9.0381
v 2.1675 4.9860 9.2324
v 1.9899 4.7482 9.4266
v 1.8124 4.5104 9.6208
v 1.6349 4.2726 9.8151
v 1.4573 4.0348 10.0093
v 1.2798 3.7970 10.2035
v 1.1023 3.5592 10.3978
v 0.9247 3.3214 10.5920
v 0.7472 3.0836 10.7863
v 0.5697 2.8459 10.9805
v 0.3921 2.6081 11.1747
v 0.2146 2.3703 11.3690
v 4.1560 6.8851 7.2900
v 3.9687 6.6690 7.4842
v 3.7815 6.4530 7.6785
v 3.5943 6.2370 7.8727
v 3.4071 6.0210 8.0669
v 3.2199 5.8049 8.2612
v 3.0326 5.5889 8.4554
v 2.8454 5.3729 8.6497
v 2.6582 5.1569 8.8439
v 2.4710 4.9408 9.0381
v 2.2837 4.7248 9.2324
v 2.0965 4.5088 9.4266
v 1.9093 4.2927 9.6208
v 1.7221 4.0767 9.8151
v 1.5348 3.8607 10.0093
v 1.3476 3.6447 10.2035
v 1.1604 3.4286 10.3978
v 0.9732 3.2126 10.5920
v 0.7860 2.9966 10.7863
v 0.5987 2.7806 10.9805
v 0.4115 2.5645 11.1747
v 0.2243 2.3485 11.3690
v 4.3691 6.4063 7.2900
v 4.1722 6.2120 7.4842
v 3.9753 6.0177 7.6785
v 3.7784 5.8235 7.8727
v 3.5815 5.6292 8.0669
v 3.3846 5.4349 8.2612
v 3.1877 5.2407 8.4554
v 2.9908 5.0464 8.6497
v 2.7938 4.8522 8.8439
v 2.5969 4.6579 9.0381
v 2.4000 4.4636 9.2324
v 2.2031 4.2694 9.4266
v 2.0062 4.0751 9.6208
v 1.8093 3.8808 9.8151
v 1.6124 3.6866 10.0093
v 1.4155 3.4923 10.2035
v 1.2185 3.2981 10.3978
v 1.0216 3.1038 10.5920
v 0.8247 2.9095 10.7863
v 0.6278 2.7153 10.9805
v 0.4309 2.5210 11.1747
v 0.2340 2.3267 11.3690
v 4.5823 5.9275 7.2900
v 4.3757 5.7550 7.4842
v 4.1691 5.5825 7.6785
v 3.9625 5.4100 7.8727
v 3.7559 5.2375 8.0669
v 3.5493 5.0650 8.2612
v 3.3427 4.8925 8.4554
v 3.1361 4.7200 8.6497
v 2.9295 4.5475 8.8439
v 2.7229 4.3750 9.0381
v 2.5163 4.2025 9.2324
v 2.3097 4.0300 9.4266
v 2.1031 3.8575 9.6208
v 1.8965 3.6850 9.8151
v 1.6899 3.5125 10.0093
v 1.4833 3.3400 10.2035
v 1.2767 3.1675 10.3978
v 1.0701 2.9950 10.5920
v 0.8635 2.8225 10.7863
v 0.6569 2.6500 10.9805
v 0.4503 2.4775 11.1747
v 0.2437 2.3050 11.3690
v 4.7955 5.4487 7.2900
v 4.5792 5.2979 7.4842
v 4.3629 5.1472 7.6785
v 4.1466 4.9965 7.8727
v 3.9303 4.8457 8.0669
v 3.7140 4.6950 8.2612
v 3.4977 4.5443 8.4554
v 3.2814 4.3935 8.6497
v 3.0652 4.2428 8.8439
v 2.8489 4.0920 9.0381
v 2.6326 3.9413 9.2324
v 2.4163 3.7906 9.4266
v 2.2000 3.6398 9.6208
v 1.9837 3.4891 9.8151
v 1.7674 3.3384 10.0093
v 1.5511 3.1876 10.2035
v 1.3348 3.0369 10.3978
v 1.1185 2.8862 10.5920
v 0.9022 2.7354 10.7863
v 0.6859 2.5847 10.9805
v 0.4696 2.4340 11.1747
v 0.2534 2.2832 11.3690
v 5.0087 4.9699 7.2900
v 4.7827 4.8409 7.4842
v 4.5567 4.7119 7.6785
v 4.3307 4.5830 7.8727
v 4.1047 4.4540 8.0669
v 3.8788 4.3250 8.2612
v 3.6528 4.1960 8.4554
v 3.4268 4.0671 8.6497
v 3.2008 3.9381 8.8439
v 2.9748 3.8091 9.0381
v 2.7488 3.6801 9.2324
v 2.5229 3.5512 9.4266
v 2.2969 3.4222 9.6208
v 2.0709 3.2932 9.8151
v 1.8449 3.1643 10.0093
v 1.6189 3.0353 10.2035
v 1.3930 2.9063 10.3978
v 1.1670 2.7773 10.5920
v 0.9410 2.6484 10.7863
v 0.7150 2.5194 10.9805
v 0.4890 2.3904 11.1747
v 0.2630 2.2615 11.3690
v 5.2218 4.4911 7.2900
v 4.9862 4.3839 7.4842
v 4.7505 4.2767 7.6785
v 4.5148 4.1694 7.8727
v 4.2792 4.0622 8.0669
v 4.0435 3.9550 8.2612
v 3.8078 3.8478 8.4554
v 3.5721 3.7406 8.6497
v 3.3365 3.6334 8.8439
v 3.1008 3.5262 9.0381
v 2.8651 3.4190 9.2324
v 2.6295 3.3118 9.4266
v 2.3938 3.2046 9.6208
v 2.1581 3.0974 9.8151
v 1.9224 2.9902 10.0093
v 1.6868 2.8829 10.2035
v 1.4511 2.7757 10.3978
v 1.2154 2.6685 10.5920
v 0.9797 2.5613 10.7863
v 0.7441 2.4541 10.9805
v 0.5084 2.3469 11.1747
v 0.2727 2.2397 11.3690
v 5.4350 4.0123 7.2900
v 5.1897 3.9268 7.4842
v 4.9443 3.8414 7.6785
v 4.6989 3.7559 7.8727
v 4.4536 3.6705 8.0669
v 4.2082 3.5850 8.2612
v 3.9628 3.4996 8.4554
v 3.7175 3.4142 8.6497
v 3.4721 3.3287 8.8439
v 3.2268 3.2433 9.0381
v 2.9814 3.1578 9.2324
v 2.7360 3.0724 9.4266
v 2.4907 2.9869 9.6208
v 2.2453 2.9015 9.8151
v 2.0000 2.8160 10.0093
v 1.7546 2.7306 10.2035
v 1.5092 2.6452 10.3978
v 1.2639 2.5597 10.5920
v 1.0185 2.4743 10.7863
v 0.7731 2.3888 10.9805
v 0.5278 2.3034 11.1747
v 0.2824 2.2179 11.3690
v 5.6482 3.5335 7.2900
v 5.3931 3.4698 7.4842
v 5.1381 3.4061 7.6785
v 4.8830 3.3424 7.8727
v 4.6280 3.2787 8.0669
v 4.3729 3.2151 8.2612
v 4.1179 3.1514 8.4554
v 3.8628 3.0877 8.6497
v 3.6078 3.0240 8.8439
v 3.3527 2.9603 9.0381
v 3.0977 2.8967 9.2324
v 2.8426 2.8330 9.4266
v 2.5876 2.7693 9.6208
v 2.3325 2.7056 9.8151
v 2.0775 2.6419 10.0093
v 1.8224 2.5783 10.2035
v 1.5674 2.5146 10.3978
v 1.3123 2.4509 10.5920
v 1.0573 2.3872 10.7863
v 0.8022 2.3235 10.9805
v 0.5472 2.2598 11.1747
v 0.2921 2.1962 11.3690
v 5.8614 3.0547 7.2900
v 5.5966 3.0128 7.4842
v 5.3319 2.9708 7.6785
v 5.0671 2.9289 7.8727
v 4.8024 2.8870 8.0669
v 4.5377 2.8451 8.2612
v 4.2729 2.8032 8.4554
v 4.0082 2.7612 8.6497
v 3.7434 2.7193 8.8439
v 3.4787 2.6774 9.0381
v 3.2140 2.6355 9.2324
v 2.9492 2.5936 9.4266
v 2.6845 2.5517 9.6208
v 2.4197 2.5097 9.8151
v 2.1550 2.4678 10.0093
v 1.8902 2.4259 10.2035
v 1.6255 2.3840 10.3978
v 1.3608 2.3421 10.5920
v 1.0960 2.3002 10.7863
v 0.8313 2.2582 10.9805
v 0.5665 2.2163 11.1747
v 0.3018 2.1744 11.3690
v 6.0745 2.5759 7.2900
v 5.8001 2.5557 7.4842
v 5.5257 2.5356 7.6785
v 5.2512 2.5154 7.8727
v 4.9768 2.4953 8.0669
v 4.7024 2.4751 8.2612
v 4.4280 2.4550 8.4554
v 4.1535 2.4348 8.6497
v 3.8791 2.4146 8.8439
v 3.6047 2.3945 9.0381
v 3.3302 2.3743 9.2324
v 3.0558 2.3542 9.4266
v 2.7814 2.3340 9.6208
v 2.5069 2.3139 9.8151
v 2.2325 2.2937 10.0093
v 1.9581 2.2736 10.2035
v 1.6836 2.2534 10.3978
v 1.4092 2.2333 10.5920
v 1.1348 2.2131 10.7863
v 0.8604 2.1929 10.9805
v 0.5859 2.1728 11.1747
v 0.3115 2.1526 11.3690
v 6.2877 2.0971 7.2900
v 6.0036 2.0987 7.4842
v 5.7195 2.1003 7.6785
v 5.4354 2.1019 7.8727
v 5.1512 2.1035 8.0669
v 4.8671 2.1051 8.2612
v 4.5830 2.1067 8.4554
v 4.2989 2.1083 8.6497
v 4.0148 2.1100 8.8439
v 3.7306 2.1116 9.0381
v 3.4465 2.1132 9.2324
v 3.1624 2.1148 9.4266
v 2.8783 2.1164 9.6208
v 2.5941 2.1180 9.8151
v 2.3100 2.1196 10.0093
v 2.0259 2.1212 10.2035
v 1.7418 2.1228 10.3978
v 1.4577 2.1244 10.5920
v 1.1735 2.1260 10.7863
v 0.8894 2.1277 10.9805
v 0.6053 2.1293 11.1747
v 0.3212 2.1309 11.3690
v 6.5009 1.6183 7.2900
v 6.2071 1.6417 7.4842
v 5.9133 1.6650 7.6785
v 5.6195 1.6884 7.8727
v 5.3256 1.7118 8.0669
v 5.0318 1.7351 8.2612
v 4.7380 1.7585 8.4554
v 4.4442 1.7819 8.6497
v 4.1504 1.8053 8.8439
v 3.8566 1.8286 9.0381
v 3.5628 1.8520 9.2324
v 3.2690 1.8754 9.4266
v 2.9752 1.8988 9.6208
v 2.6814 1.9221 9.8151
v 2.3875 1.9455 10.0093
v 2.0937 1.9689 10.2035
v 1.7999 1.9922 10.3978
v 1.5061 2.0156 10.5920
v 1.2123 2.0390 10.7863
v 0.9185 2.0624 10.9805
v 0.6247 2.0857 11.1747
v 0.3309 2.1091 11.3690
v 6.7141 1.1395 7.2900
v 6.4106 1.1846 7.4842
v 6.1071 1.2298 7.6785
v 5.8036 1.2749 7.8727
v 5.5001 1.3200 8.0669
v 5.1966 1.3652 8.2612
v 4.8931 1.4103 8.4554
v 4.5896 1.4554 8.6497
v 4.2861 1.5006 8.8439
v 3.9826 1.5457 9.0381
v 3.6791 1.5908 9.2324
v 3.3756 1.6360 9.4266
v 3.0721 1.6811 9.6208
v 2.7686 1.7263 9.8151
v 2.4651 1.7714 10.0093
v 2.1616 1.8165 10.2035
v 1.8581 1.8617 10.3978
v 1.5546 1.9068 10.5920
v 1.2511 1.9519 10.7863
v 0.9476 1.9971 10.9805
v 0.6441 2.0422 11.1747
v 0.3406 2.0874 11.3690
v 6.9272 0.6607 7.2900
v 6.6140 0.7276 7.4842
v 6.3009 0.7945 7.6785
v 5.9877 0.8614 7.8727
v 5.6745 0.9283 8.0669
v 5.3613 0.9952 8.2612
v 5.0481 1.0621 8.4554
v 4.7349 1.1290 8.6497
v 4.4217 1.1959 8.8439
v 4.1085 1.2628 9.0381
v 3.7953 1.3297 9.2324
v 3.4822 1.3966 9.4266
v 3.1690 1.4635 9.6208
v 2.8558 1.5304 9.8151
v 2.5426 1.5973 10.0093
v 2.2294 1.6642 10.2035
v 1.9162 1.7311 10.3978
v 1.6030 1.7980 10.5920
v 1.2898 1.8649 10.7863
v 0.9766 1.9318 10.9805
v 0.6634 1.9987 11.1747
v 0.3503 2.0656 11.3690
v 7.1404 0.1819 7.2900
v 6.8175 0.2705 7.4842
v 6.4947 0.3592 7.6785
v 6.1718 0.4479 7.8727
v 5.8489 0.5365 8.0669
v 5.5260 0.6252 8.2612
v 5.2031 0.7139 8.4554
v 4.8803 0.8025 8.6497
v 4.5574 0.8912 8.8439
v 4.2345 0.9799 9.0381
v 3.9116 1.0685 9.2324
v 3.5887 1.1572 9.4266
v 3.2659 1.2458 9.6208
v 2.9430 1.3345 9.8151
v 2.6201 1.4232 10.0093
v 2.2972 1.5118 10.2035
v 1.9743 1.6005 10.3978
v 1.6515 1.6892 10.5920
v 1.3286 1.7778 10.7863
v 1.0057 1.8665 10.9805
v 0.6828 1.9552 11.1747
v 0.3599 2.0438 11.3690
v 7.3536 -0.2969 7.2900
v 7.0210 -0.1865 7.4842
v 6.6885 -0.0761 7.6785
v 6.3559 0.0344 7.8727
v 6.0233 0.1448 8.0669
v 5.6907 0.2552 8.2612
v 5.3582 0.3656 8.4554
v 5.0256 0.4761 8.6497
v 4.6930 0.5865 8.8439
v 4.3605 0.6969 9.0381
v 4.0279 0.8074 9.2324
v 3.6953 0.9178 9.4266
v 3.3628 1.0282 9.6208
v 3.0302 1.1386 9.8151
v 2.6976 1.2491 10.0093
v 2.3650 1.3595 10.2035
v 2.0325 1.4699 10.3978
v 1.6999 1.5804 10.5920
v 1.3673 1.6908 10.7863
v 1.0348 1.8012 10.9805
v 0.7022 1.9116 11.1747
v 0.3696 2.0221 11.3690
v -1.4816 1.3253 11.6132
v -1.4853 1.3336 11.6591
v -1.2241 1.4499 11.6591
v -1.2204 1.4415 11.6132
v -1.4959 1.3574 11.6981
v -1.2347 1.4736 11.6981
v -1.5118 1.3929 11.7241
v -1.2505 1.5092 11.7241
v -1.5304 1.4349 11.7332
v -1.2692 1.5512 11.7332
v -1.5491 1.4769 11.7241
v -1.2878 1.5931 11.7241
v -1.5649 1.5124 11.6981
v -1.3037 1.6287 11.6981
v -1.5755 1.5362 11.6591
v -1.3143 1.6524 11.6591
v -1.5792 1.5445 11.6132
v -1.3180 1.6608 11.6132
v -0.9629 1.5661 11.6591
v -0.9591 1.5578 11.6132
v -0.9734 1.5899 11.6981
v -0.9893 1.6255 11.7241
v -1.0079 1.6674 11.7332
v -1.0266 1.7094 11.7241
v -1.0424 1.7449 11.6981
v -1.0530 1.7687 11.6591
v -1.0567 1.7771 11.6132
v -0.7016 1.6824 11.6591
v -0.6979 1.6741 11.6132
v -0.7122 1.7062 11.6981
v -0.7280 1.7417 11.7241
v -0.7467 1.7837 11.7332
v -0.7654 1.8256 11.7241
v -0.7812 1.8612 11.6981
v -0.7918 1.8850 11.6591
v -0.7955 1.8933 11.6132
v -0.4404 1.7987 11.6591
v -0.4366 1.7903 11.6132
v -0.4509 1.8224 11.6981
v -0.4668 1.8580 11.7241
v -0.4854 1.9000 11.7332
v -0.5041 1.9419 11.7241
v -0.5199 1.9775 11.6981
v -0.5305 2.0012 11.6591
v -0.5342 2.0096 11.6132
v -0.1791 1.9149 11.6591
v -0.1754 1.9066 11.6132
v -0.1897 1.9387 11.6981
v -0.2055 1.9743 11.7241
v -0.2242 2.0162 11.7332
v -0.2429 2.0582 11.7241
v -0.2587 2.0937 11.6981
v -0.2693 2.1175 11.6591
v -0.2730 2.1259 11.6132
v 0.0821 2.0312 11.6591
v 0.0859 2.0229 11.6132
v 0.0716 2.0550 11.6981
v 0.0557 2.0905 11.7241
v 0.0371 2.1325 11.7332
v 0.0184 2.1744 11.7241
v 0.0026 2.2100 11.6981
v -0.0080 2.2338 11.6591
v -0.0117 2.2421 11.6132
v 7.6100 -0.6638 7.3400
v 7.6268 -0.6800 7.3806
v 7.3839 -0.5862 7.5184
v 7.3671 -0.5700 7.4778
v 7.6344 -0.7109 7.4150
v 7.3915 -0.6171 7.5528
v 7.6317 -0.7516 7.4380
v 7.3888 -0.6578 7.5758
v 7.6191 -0.7959 7.4461
v 7.3762 -0.7021 7.5839
v 7.5986 -0.8372 7.4380
v 7.3557 -0.7434 7.5758
v 7.5732 -0.8692 7.4150
v 7.3303 -0.7754 7.5528
v 7.5469 -0.8869 7.3806
v 7.3040 -0.7931 7.5184
v 7.5235 -0.8877 7.3400
v 7.2806 -0.7938 7.4778
v 7.1410 -0.4924 7.6563
v 7.1242 -0.4761 7.6157
v 7.1486 -0.5232 7.6907
v 7.1459 -0.5639 7.7137
v 7.1334 -0.6083 7.7217
v 7.1128 -0.6496 7.7137
v 7.0874 -0.6815 7.6907
v 7.0611 -0.6992 7.6563
v 7.0377 -0.7000 7.6157
v 6.8981 -0.3986 7.7941
v 6.8813 -0.3823 7.7535
v 6.9057 -0.4294 7.8285
v 6.9030 -0.4701 7.8515
v 6.8905 -0.5145 7.8596
v 6.8699 -0.5558 7.8515
v 6.8445 -0.5877 7.8285
v 6.8182 -0.6054 7.7941
v 6.7948 -0.6062 7.7535
v 6.6552 -0.3048 7.9320
v 6.6384 -0.2885 7.8914
v 6.6628 -0.3356 7.9664
v 6.6601 -0.3763 7.9894
v 6.6476 -0.4207 7.9974
v 6.6270 -0.4620 7.9894
v 6.6017 -0.4939 7.9664
v 6.5753 -0.5116 7.9320
v 6.5520 -0.5124 7.8914
v 6.4123 -0.2110 8.0698
v 6.3955 -0.1947 8.0292
v 6.4199 -0.2418 8.1042
v 6.4172 -0.2825 8.1272
v 6.4047 -0.3269 8.1353
v 6.3841 -0.3682 8.1272
v 6.3588 -0.4001 8.1042
v 6.3324 -0.4178 8.0698
v 6.3091 -0.4186 8.0292
v 6.1694 -0.1172 8.2077
v 6.1526 -0.1009 8.1671
v 6.1770 -0.1480 8.2421
v 6.1743 -0.1887 8.2651
v 6.1618 -0.2331 8.2731
v 6.1412 -0.2744 8.2651
v 6.1159 -0.3063 8.2421
v 6.0895 -0.3240 8.2077
v 6.0662 -0.3248 8.1671
v 5.9265 -0.0233 8.3455
v 5.9097 -0.0071 8.3049
v 5.9341 -0.0542 8.3799
v 5.9314 -0.0949 8.4029
v 5.9189 -0.1393 8.4110
v 5.8984 -0.1805 8.4029
v 5.8730 -0.2125 8.3799
v 5.8466 -0.2302 8.3455
v 5.8233 -0.2310 8.3049
v 5.6836 0.0705 8.4833
v 5.6668 0.0867 8.4428
v 5.6912 0.0396 8.5178
v 5.6885 -0.0011 8.5407
v 5.6760 -0.0454 8.5488
v 5.6555 -0.0867 8.5407
v 5.6301 -0.1187 8.5178
v 5.6037 -0.1364 8.4833
v 5.5804 -0.1372 8.4428
v 5.4407 0.1643 8.6212
v 5.4240 0.1805 8.5806
v 5.4483 0.1335 8.6556
v 5.4457 0.0928 8.6786
v 5.4331 0.0484 8.6867
v 5.4126 0.0071 8.6786
v 5.3872 -0.0249 8.6556
v 5.3608 -0.0426 8.6212
v 5.3375 -0.0433 8.5806
v 5.1978 0.2581 8.7590
v 5.1811 0.2744 8.7185
v 5.2054 0.2273 8.7934
v 5.2028 0.1866 8.8164
v 5.1902 0.1422 8.8245
v 5.1697 0.1009 8.8164
v 5.1443 0.0690 8.7934
v 5.1179 0.0513 8.7590
v 5.0946 0.0505 8.7185
v 4.9549 0.3519 8.8969
v 4.9382 0.3682 8.8563
v 4.9625 0.3211 8.9313
v 4.9599 0.2804 8.9543
v 4.9473 0.2360 8.9624
v 4.9268 0.1947 8.9543
v 4.9014 0.1628 8.9313
v 4.8750 0.1451 8.8969
v 4.8517 0.1443 8.8563
v 4.7120 0.4457 9.0347
v 4.6953 0.4620 8.9941
v 4.7196 0.4149 9.0691
v 4.7170 0.3742 9.0921
v 4.7044 0.3298 9.1002
v 4.6839 0.2885 9.0921
v 4.6585 0.2566 9.0691
v 4.6321 0.2389 9.0347
v 4.6088 0.2381 8.9941
v 4.4691 0.5395 9.1726
v 4.4524 0.5558 9.1320
v 4.4768 0.5087 9.2070
v 4.4741 0.4680 9.2300
v 4.4615 0.4236 9.2380
v 4.4410 0.3823 9.2300
v 4.4156 0.3504 9.2070
v 4.3892 0.3327 9.1726
v 4.3659 0.3319 9.1320
v 4.2262 0.6333 9.3104
v 4.2095 0.6496 9.2698
v 4.2339 0.6025 9.3448
v 4.2312 0.5618 9.3678
v 4.2186 0.5174 9.3759
v 4.1981 0.4761 9.3678
v 4.1727 0.4442 9.3448
v 4.1464 0.4265 9.3104
v 4.1230 0.4257 9.2698
v 3.9833 0.7272 9.4483
v 3.9666 0.7434 9.4077
v 3.9910 0.6963 9.4827
v 3.9883 0.6556 9.5057
v 3.9757 0.6113 9.5137
v 3.9552 0.5700 9.5057
v 3.9298 0.5380 9.4827
v 3.9035 0.5203 9.4483
v 3.8801 0.5195 9.4077
v 3.7405 0.8210 9.5861
v 3.7237 0.8372 9.5455
v 3.7481 0.7901 9.6205
v 3.7454 0.7494 9.6435
v 3.7328 0.7051 9.6516
v 3.7123 0.6638 9.6435
v 3.6869 0.6318 9.6205
v 3.6606 0.6141 9.5861
v 3.6372 0.6134 9.5455
v 3.4976 0.9148 9.7240
v 3.4808 0.9310 9.6834
v 3.5052 0.8840 9.7584
v 3.5025 0.8433 9.7813
v 3.4899 0.7989 9.7894
v 3.4694 0.7576 9.7813
v 3.4440 0.7256 9.7584
v 3.4177 0.7079 9.7240
v 3.3943 0.7072 9.6834
v 3.2547 1.0086 9.8618
v 3.2379 1.0249 9.8212
v 3.2623 0.9778 9.8962
v 3.2596 0.9371 9.9192
v 3.2471 0.8927 9.9273
v 3.2265 0.8514 9.9192
v 3.2011 0.8195 9.8962
v 3.1748 0.8018 9.8618
v 3.1514 0.8010 9.8212
v 3.0118 1.1024 9.9996
v 2.9950 1.1187 9.9591
v 3.0194 1.0716 10.0340
v 3.0167 1.0309 10.0570
v 3.0042 0.9865 10.0651
v 2.9836 0.9452 10.0570
v 2.9582 0.9133 10.0340
v 2.9319 0.8956 9.9996
v 2.9085 0.8948 9.9591
v 2.7689 1.1962 10.1375
v 2.7521 1.2125 10.0969
v 2.7765 1.1654 10.1719
v 2.7738 1.1247 10.1949
v 2.7613 1.0803 10.2030
v 2.7407 1.0390 10.1949
v 2.7154 1.0071 10.1719
v 2.6890 0.9894 10.1375
v 2.6657 0.9886 10.0969
v 2.5260 1.2900 10.2753
v 2.5092 1.3063 10.2347
v 2.5336 1.2592 10.3097
v 2.5309 1.2185 10.3327
v 2.5184 1.1741 10.3408
v 2.4978 1.1328 10.3327
v 2.4725 1.1009 10.3097
v 2.4461 1.0832 10.2753
v 2.4228 1.0824 10.2347
v 2.2831 1.3838 10.4132
v 2.2663 1.4001 10.3726
v 2.2907 1.3530 10.4476
v 2.2880 1.3123 10.4706
v 2.2755 1.2679 10.4786
v 2.2549 1.2266 10.4706
v 2.2296 1.1947 10.4476
v 2.2032 1.1770 10.4132
v 2.1799 1.1762 10.3726
v 2.0402 1.4777 10.5510
v 2.0234 1.4939 10.5104
v 2.0478 1.4468 10.5854
v 2.0451 1.4061 10.6084
v 2.0326 1.3618 10.6165
v 2.0121 1.3205 10.6084
v 1.9867 1.2885 10.5854
v 1.9603 1.2708 10.5510
v 1.9370 1.2700 10.5104
v 1.7973 1.5715 10.6889
v 1.7806 1.5877 10.6483
v 1.8049 1.5406 10.7233
v 1.8022 1.4999 10.7463
v 1.7897 1.4556 10.7543
v 1.7692 1.4143 10.7463
v 1.7438 1.3823 10.7233
v 1.7174 1.3646 10.6889
v 1.6941 1.3639 10.6483
v 1.5544 1.6653 10.8267
v 1.5377 1.6816 10.7861
v 1.5620 1.6345 10.8611
v 1.5594 1.5938 10.8841
v 1.5468 1.5494 10.8922
v 1.5263 1.5081 10.8841
v 1.5009 1.4762 10.8611
v 1.4745 1.4584 10.8267
v 1.4512 1.4577 10.7861
v 1.3115 1.7591 10.9646
v 1.2948 1.7754 10.9240
v 1.3191 1.7283 10.9990
v 1.3165 1.6876 11.0220
v 1.3039 1.6432 11.0300
v 1.2834 1.6019 11.0220
v 1.2580 1.5700 10.9990
v 1.2316 1.5523 10.9646
v 1.2083 1.5515 10.9240
v 1.0686 1.8529 11.1024
v 1.0519 1.8692 11.0618
v 1.0762 1.8221 11.1368
v 1.0736 1.7814 11.1598
v 1.0610 1.7370 11.1679
v 1.0405 1.6957 11.1598
v 1.0151 1.6638 11.1368
v 0.9887 1.6461 11.1024
v 0.9654 1.6453 11.0618
v 0.8257 1.9467 11.2402
v 0.8090 1.9630 11.1997
v 0.8333 1.9159 11.2747
v 0.8307 1.8752 11.2976
v 0.8181 1.8308 11.3057
v 0.7976 1.7895 11.2976
v 0.7722 1.7576 11.2747
v 0.7458 1.7399 11.2402
v 0.7225 1.7391 11.1997
v 0.5828 2.0405 11.3781
v 0.5661 2.0568 11.3375
v 0.5905 2.0097 11.4125
v 0.5878 1.9690 11.4355
v 0.5752 1.9246 11.4436
v 0.5547 1.8833 11.4355
v 0.5293 1.8514 11.4125
v 0.5029 1.8337 11.3781
v 0.4796 1.8329 11.3375
v 0.3399 2.1344 11.5159
v 0.3232 2.1506 11.4754
v 0.3476 2.1035 11.5503
v 0.3449 2.0628 11.5733
v 0.3323 2.0184 11.5814
v 0.3118 1.9771 11.5733
v 0.2864 1.9452 11.5503
v 0.2601 1.9275 11.5159
v 0.2367 1.9267 11.4754
v 0.0970 2.2282 11.6538
v 0.0803 2.2444 11.6132
v 0.1047 2.1973 11.6882
v 0.1020 2.1566 11.7112
v 0.0894 2.1123 11.7193
v 0.0689 2.0710 11.7112
v 0.0435 2.0390 11.6882
v 0.0172 2.0213 11.6538
v -0.0062 2.0205 11.6132
v -4.3849 -6.2646 7.3400
v -4.4010 -6.2810 7.3807
v -4.3054 -6.0341 7.5186
v -4.2892 -6.0176 7.4778
v -4.4318 -6.2884 7.4153
v -4.3361 -6.0414 7.5531
v -4.4724 -6.2855 7.4383
v -4.3767 -6.0386 7.5762
v -4.5168 -6.2729 7.4464
v -4.4211 -6.0259 7.5843
v -4.5581 -6.2523 7.4383
v -4.4624 -6.0054 7.5762
v -4.5900 -6.2271 7.4153
v -4.4943 -5.9801 7.5531
v -4.6078 -6.2009 7.3807
v -4.5121 -5.9540 7.5186
v -4.6087 -6.1779 7.3400
v -4.5130 -5.9309 7.4778
v -4.2097 -5.7871 7.6564
v -4.1935 -5.7706 7.6157
v -4.2404 -5.7944 7.6910
v -4.2811 -5.7916 7.7140
v -4.3254 -5.7789 7.7221
v -4.3667 -5.7584 7.7140
v -4.3987 -5.7331 7.6910
v -4.4164 -5.7070 7.6564
v -4.4173 -5.6839 7.6157
v -4.1140 -5.5401 7.7943
v -4.0978 -5.5236 7.7535
v -4.1447 -5.5475 7.8288
v -4.1854 -5.5446 7.8519
v -4.2297 -5.5320 7.8600
v -4.2710 -5.5114 7.8519
v -4.3030 -5.4862 7.8288
v -4.3207 -5.4600 7.7943
v -4.3216 -5.4369 7.7535
v -4.0183 -5.2931 7.9321
v -4.0021 -5.2767 7.8914
v -4.0490 -5.3005 7.9666
v -4.0897 -5.2976 7.9897
v -4.1340 -5.2850 7.9978
v -4.1753 -5.2645 7.9897
v -4.2073 -5.2392 7.9666
v -4.2250 -5.2130 7.9321
v -4.2259 -5.1900 7.8914
v -3.9226 -5.0462 8.0700
v -3.9064 -5.0297 8.0292
v -3.9534 -5.0535 8.1045
v -3.9940 -5.0507 8.1276
v -4.0383 -5.0380 8.1357
v -4.0796 -5.0175 8.1276
v -4.1116 -4.9922 8.1045
v -4.1294 -4.9661 8.0700
v -4.1302 -4.9430 8.0292
v -3.8269 -4.7992 8.2078
v -3.8107 -4.7827 8.1671
v -3.8577 -4.8066 8.2423
v -3.8983 -4.8037 8.2654
v -3.9426 -4.7910 8.2735
v -3.9839 -4.7705 8.2654
v -4.0159 -4.7453 8.2423
v -4.0337 -4.7191 8.2078
v -4.0345 -4.6960 8.1671
v -3.7312 -4.5522 8.3457
v -3.7150 -4.5358 8.3049
v -3.7620 -4.5596 8.3802
v -3.8026 -4.5567 8.4033
v -3.8470 -4.5441 8.4114
v -3.8883 -4.5235 8.4033
v -3.9202 -4.4983 8.3802
v -3.9380 -4.4721 8.3457
v -3.9388 -4.4491 8.3049
v -3.6355 -4.3053 8.4835
v -3.6194 -4.2888 8.4428
v -3.6663 -4.3126 8.5180
v -3.7069 -4.3098 8.5411
v -3.7513 -4.2971 8.5492
v -3.7926 -4.2766 8.5411
v -3.8245 -4.2513 8.5180
v -3.8423 -4.2252 8.4835
v -3.8432 -4.2021 8.4428
v -3.5398 -4.0583 8.6213
v -3.5237 -4.0418 8.5806
v -3.5706 -4.0657 8.6559
v -3.6112 -4.0628 8.6789
v -3.6556 -4.0501 8.6871
v -3.6969 -4.0296 8.6789
v -3.7288 -4.0043 8.6559
v -3.7466 -3.9782 8.6213
v -3.7475 -3.9551 8.5806
v -3.4442 -3.8113 8.7592
v -3.4280 -3.7948 8.7185
v -3.4749 -3.8187 8.7937
v -3.5155 -3.8158 8.8168
v -3.5599 -3.8032 8.8249
v -3.6012 -3.7826 8.8168
v -3.6332 -3.7574 8.7937
v -3.6509 -3.7312 8.7592
v -3.6518 -3.7081 8.7185
v -3.3485 -3.5643 8.8970
v -3.3323 -3.5479 8.8563
v -3.3792 -3.5717 8.9316
v -3.4199 -3.5688 8.9546
v -3.4642 -3.5562 8.9627
v -3.5055 -3.5357 8.9546
v -3.5375 -3.5104 8.9316
v -3.5552 -3.4842 8.8970
v -3.5561 -3.4612 8.8563
v -3.2528 -3.3174 9.0349
v -3.2366 -3.3009 8.9941
v -3.2835 -3.3247 9.0694
v -3.3242 -3.3219 9.0925
v -3.3685 -3.3092 9.1006
v -3.4098 -3.2887 9.0925
v -3.4418 -3.2634 9.0694
v -3.4595 -3.2373 9.0349
v -3.4604 -3.2142 8.9941
v -3.1571 -3.0704 9.1727
v -3.1409 -3.0539 9.1320
v -3.1878 -3.0778 9.2073
v -3.2285 -3.0749 9.2303
v -3.2728 -3.0622 9.2384
v -3.3141 -3.0417 9.2303
v -3.3461 -3.0165 9.2073
v -3.3639 -2.9903 9.1727
v -3.3647 -2.9672 9.1320
v -3.0614 -2.8234 9.3106
v -3.0452 -2.8070 9.2698
v -3.0922 -2.8308 9.3451
v -3.1328 -2.8279 9.3682
v -3.1771 -2.8153 9.3763
v -3.2184 -2.7947 9.3682
v -3.2504 -2.7695 9.3451
v -3.2682 -2.7433 9.3106
v -3.2690 -2.7203 9.2698
v -2.9657 -2.5765 9.4484
v -2.9495 -2.5600 9.4077
v -2.9965 -2.5838 9.4829
v -3.0371 -2.5810 9.5060
v -3.0815 -2.5683 9.5141
v -3.1227 -2.5478 9.5060
v -3.1547 -2.5225 9.4829
v -3.1725 -2.4964 9.4484
v -3.1733 -2.4733 9.4077
v -2.8700 -2.3295 9.5863
v -2.8539 -2.3130 9.5455
v -2.9008 -2.3369 9.6208
v -2.9414 -2.3340 9.6439
v -2.9858 -2.3213 9.6520
v -3.0271 -2.3008 9.6439
v -3.0590 -2.2755 9.6208
v -3.0768 -2.2494 9.5863
v -3.0776 -2.2263 9.5455
v -2.7743 -2.0825 9.7241
v -2.7582 -2.0661 9.6834
v -2.8051 -2.0899 9.7586
v -2.8457 -2.0870 9.7817
v -2.8901 -2.0744 9.7898
v -2.9314 -2.0538 9.7817
v -2.9633 -2.0286 9.7586
v -2.9811 -2.0024 9.7241
v -2.9820 -1.9793 9.6834
v -2.6787 -1.8355 9.8619
v -2.6625 -1.8191 9.8212
v -2.7094 -1.8429 9.8965
v -2.7500 -1.8400 9.9196
v -2.7944 -1.8274 9.9277
v -2.8357 -1.8069 9.9196
v -2.8676 -1.7816 9.8965
v -2.8854 -1.7554 9.8619
v -2.8863 -1.7324 9.8212
v -2.5830 -1.5886 9.9998
v -2.5668 -1.5721 9.9591
v -2.6137 -1.5959 10.0343
v -2.6544 -1.5931 10.0574
v -2.6987 -1.5804 10.0655
v -2.7400 -1.5599 10.0574
v -2.7720 -1.5346 10.0343
v -2.7897 -1.5085 9.9998
v -2.7906 -1.4854 9.9591
v -2.4873 -1.3416 10.1376
v -2.4711 -1.3251 10.0969
v -2.5180 -1.3490 10.1722
v -2.5587 -1.3461 10.1952
v -2.6030 -1.3334 10.2033
v -2.6443 -1.3129 10.1952
v -2.6763 -1.2877 10.1722
v -2.6940 -1.2615 10.1376
v -2.6949 -1.2384 10.0969
v -2.3916 -1.0946 10.2755
v -2.3754 -1.0782 10.2347
v -2.4223 -1.1020 10.3100
v -2.4630 -1.0991 10.3331
v -2.5073 -1.0865 10.3412
v -2.5486 -1.0659 10.3331
v -2.5806 -1.0407 10.3100
v -2.5983 -1.0145 10.2755
v -2.5992 -0.9915 10.2347
v -2.2959 -0.8477 10.4133
v -2.2797 -0.8312 10.3726
v -2.3266 -0.8550 10.4479
v -2.3673 -0.8522 10.4709
v -2.4116 -0.8395 10.4790
v -2.4529 -0.8190 10.4709
v -2.4849 -0.7937 10.4479
v -2.5027 -0.7676 10.4133
v -2.5035 -0.7445 10.3726
v -2.2002 -0.6007 10.5512
v -2.1840 -0.5842 10.5104
v -2.2310 -0.6081 10.5857
v -2.2716 -0.6052 10.6088
v -2.3159 -0.5925 10.6169
v -2.3572 -0.5720 10.6088
v -2.3892 -0.5467 10.5857
v -2.4070 -0.5206 10.5512
v -2.4078 -0.4975 10.5104
v -2.1045 -0.3537 10.6890
v -2.0883 -0.3373 10.6483
v -2.1353 -0.3611 10.7236
v -2.1759 -0.3582 10.7466
v -2.2203 -0.3456 10.7547
v -2.2616 -0.3250 10.7466
v -2.2935 -0.2998 10.7236
v -2.3113 -0.2736 10.6890
v -2.3121 -0.2505 10.6483
v -2.0088 -0.1068 10.8269
v -1.9927 -0.0903 10.7861
v -2.0396 -0.1141 10.8614
v -2.0802 -0.1112 10.8845
v -2.1246 -0.0986 10.8926
v -2.1659 -0.0781 10.8845
v -2.1978 -0.0528 10.8614
v -2.2156 -0.0266 10.8269
v -2.2164 -0.0036 10.7861
v -1.9131 0.1402 10.9647
v -1.8970 0.1567 10.9240
v -1.9439 0.1329 10.9992
v -1.9845 0.1357 11.0223
v -2.0289 0.1484 11.0304
v -2.0702 0.1689 11.0223
v -2.1021 0.1942 10.9992
v -2.1199 0.2203 10.9647
v -2.1208 0.2434 10.9240
v -1.8175 0.3872 11.1026
v -1.8013 0.4037 11.0618
v -1.8482 0.3798 11.1371
v -1.8888 0.3827 11.1602
v -1.9332 0.3954 11.1683
v -1.9745 0.4159 11.1602
v -2.0065 0.4411 11.1371
v -2.0242 0.4673 11.1026
v -2.0251 0.4904 11.0618
v -1.7218 0.6342 11.2404
v -1.7056 0.6506 11.1997
v -1.7525 0.6268 11.2749
v -1.7932 0.6297 11.2980
v -1.8375 0.6423 11.3061
v -1.8788 0.6628 11.2980
v -1.9108 0.6881 11.2749
v -1.9285 0.7143 11.2404
v -1.9294 0.7373 11.1997
v -1.6261 0.8811 11.3782
v -1.6099 0.8976 11.3375
v -1.6568 0.8738 11.4128
v -1.6975 0.8766 11.4359
v -1.7418 0.8893 11.4440
v -1.7831 0.9098 11.4359
v -1.8151 0.9351 11.4128
v -1.8328 0.9612 11.3782
v -1.8337 0.9843 11.3375
v -1.5304 1.1281 11.5161
v -1.5142 1.1446 11.4754
v -1.5611 1.1207 11.5506
v -1.6018 1.1236 11.5737
v -1.6461 1.1363 11.5818
v -1.6874 1.1568 11.5737
v -1.7194 1.1821 11.5506
v -1.7371 1.2082 11.5161
v -1.7380 1.2313 11.4754
v -1.4347 1.3751 11.6539
v -1.4185 1.3915 11.6132
v -1.4655 1.3677 11.6885
v -1.5061 1.3706 11.7115
v -1.5504 1.3832 11.7196
v -1.5917 1.4038 11.7115
v -1.6237 1.4290 11.6885
v -1.6415 1.4552 11.6539
v -1.6423 1.4783 11.6132
v -9.3250 4.1133 7.3400
v -9.3418 4.1290 7.3808
v -9.0916 4.0390 7.5186
v -9.0748 4.0232 7.4778
v -9.3498 4.1596 7.4153
v -9.0997 4.0695 7.5532
v -9.3479 4.2003 7.4384
v -9.0978 4.1102 7.5763
v -9.3363 4.2449 7.4465
v -9.0862 4.1548 7.5844
v -9.3168 4.2867 7.4384
v -9.0667 4.1966 7.5763
v -9.2923 4.3192 7.4153
v -9.0422 4.2292 7.5532
v -9.2667 4.3376 7.3808
v -9.0165 4.2476 7.5186
v -9.2437 4.3391 7.3400
v -8.9936 4.2490 7.4778
v -8.8415 3.9489 7.6565
v -8.8247 3.9332 7.6157
v -8.8496 3.9795 7.6910
v -8.8476 4.0202 7.7141
v -8.8360 4.0648 7.7222
v -8.8165 4.1066 7.7141
v -8.7921 4.1392 7.6910
v -8.7664 4.1576 7.6565
v -8.7434 4.1590 7.6157
v -8.5914 3.8589 7.7943
v -8.5746 3.8431 7.7535
v -8.5994 3.8894 7.8289
v -8.5975 3.9301 7.8520
v -8.5859 3.9748 7.8601
v -8.5664 4.0165 7.8520
v -8.5420 4.0491 7.8289
v -8.5163 4.0675 7.7943
v -8.4933 4.0690 7.7535
v -8.3413 3.7689 7.9321
v -8.3245 3.7531 7.8914
v -8.3493 3.7994 7.9667
v -8.3474 3.8401 7.9898
v -8.3358 3.8847 7.9979
v -8.3163 3.9265 7.9898
v -8.2918 3.9591 7.9667
v -8.2662 3.9775 7.9321
v -8.2432 3.9789 7.8914
v -8.0911 3.6788 8.0700
v -8.0743 3.6631 8.0292
v -8.0992 3.7094 8.1046
v -8.0973 3.7500 8.1276
v -8.0857 3.7947 8.1358
v -8.0662 3.8365 8.1276
v -8.0417 3.8690 8.1046
v -8.0160 3.8874 8.0700
v -7.9930 3.8889 8.0292
v -7.8410 3.5888 8.2078
v -7.8242 3.5730 8.1671
v -7.8491 3.6193 8.2424
v -7.8471 3.6600 8.2655
v -7.8355 3.7046 8.2736
v -7.8160 3.7464 8.2655
v -7.7916 3.7790 8.2424
v -7.7659 3.7974 8.2078
v -7.7429 3.7988 8.1671
v -7.5909 3.4987 8.3457
v -7.5741 3.4830 8.3049
v -7.5989 3.5293 8.3802
v -7.5970 3.5700 8.4033
v -7.5854 3.6146 8.4114
v -7.5659 3.6564 8.4033
v -7.5415 3.6890 8.3802
v -7.5158 3.7074 8.3457
v -7.4928 3.7088 8.3049
v -7.3408 3.4087 8.4835
v -7.3240 3.3929 8.4428
v -7.3488 3.4392 8.5181
v -7.3469 3.4799 8.5412
v -7.3353 3.5246 8.5493
v -7.3158 3.5663 8.5412
v -7.2913 3.5989 8.5181
v -7.2657 3.6173 8.4835
v -7.2427 3.6188 8.4428
v -7.0906 3.3187 8.6214
v -7.0738 3.3029 8.5806
v -7.0987 3.3492 8.6559
v -7.0968 3.3899 8.6790
v -7.0852 3.4345 8.6871
v -7.0657 3.4763 8.6790
v -7.0412 3.5089 8.6559
v -7.0155 3.5273 8.6214
v -6.9925 3.5287 8.5806
v -6.8405 3.2286 8.7592
v -6.8237 3.2129 8.7185
v -6.8486 3.2592 8.7938
v -6.8466 3.2998 8.8169
v -6.8350 3.3445 8.8250
v -6.8155 3.3863 8.8169
v -6.7911 3.4188 8.7938
v -6.7654 3.4372 8.7592
v -6.7424 3.4387 8.7185
v -6.5904 3.1386 8.8971
v -6.5736 3.1228 8.8563
v -6.5984 3.1691 8.9316
v -6.5965 3.2098 8.9547
v -6.5849 3.2544 8.9628
v -6.5654 3.2962 8.9547
v -6.5409 3.3288 8.9316
v -6.5153 3.3472 8.8971
v -6.4923 3.3486 8.8563
v -6.3403 3.0485 9.0349
v -6.3235 3.0328 8.9941
v -6.3483 3.0791 9.0695
v -6.3464 3.1198 9.0926
v -6.3348 3.1644 9.1007
v -6.3153 3.2062 9.0926
v -6.2908 3.2387 9.0695
v -6.2652 3.2572 9.0349
v -6.2422 3.2586 8.9941
v -6.0901 2.9585 9.1728
v -6.0733 2.9427 9.1320
v -6.0982 2.9890 9.2073
v -6.0963 3.0297 9.2304
v -6.0847 3.0743 9.2385
v -6.0652 3.1161 9.2304
v -6.0407 3.1487 9.2073
v -6.0150 3.1671 9.1728
v -5.9920 3.1685 9.1320
v -5.8400 2.8684 9.3106
v -5.8232 2.8527 9.2698
v -5.8481 2.8990 9.3452
v -5.8461 2.9397 9.3683
v -5.8345 2.9843 9.3764
v -5.8150 3.0261 9.3683
v -5.7906 3.0587 9.3452
v -5.7649 3.0771 9.3106
v -5.7419 3.0785 9.2698
v -5.5899 2.7784 9.4484
v -5.5731 2.7626 9.4077
v -5.5979 2.8089 9.4830
v -5.5960 2.8496 9.5061
v -5.5844 2.8943 9.5142
v -5.5649 2.9360 9.5061
v -5.5404 2.9686 9.4830
v -5.5148 2.9870 9.4484
v -5.4918 2.9885 9.4077
v -5.3398 2.6884 9.5863
v -5.3230 2.6726 9.5455
v -5.3478 2.7189 9.6208
v -5.3459 2.7596 9.6439
v -5.3343 2.8042 9.6521
v -5.3148 2.8460 9.6439
v -5.2903 2.8786 9.6208
v -5.2646 2.8970 9.5863
v -5.2417 2.8984 9.5455
v -5.0896 2.5983 9.7241
v -5.0728 2.5826 9.6834
v -5.0977 2.6289 9.7587
v -5.0958 2.6696 9.7818
v -5.0842 2.7142 9.7899
v -5.0646 2.7560 9.7818
v -5.0402 2.7885 9.7587
v -5.0145 2.8069 9.7241
v -4.9915 2.8084 9.6834
v -4.8395 2.5083 9.8620
v -4.8227 2.4925 9.8212
v -4.8475 2.5388 9.8965
v -4.8456 2.5795 9.9196
v -4.8340 2.6241 9.9277
v -4.8145 2.6659 9.9196
v -4.7901 2.6985 9.8965
v -4.7644 2.7169 9.8620
v -4.7414 2.7183 9.8212
v -4.5894 2.4182 9.9998
v -4.5726 2.4025 9.9591
v -4.5974 2.4488 10.0344
v -4.5955 2.4895 10.0575
v -4.5839 2.5341 10.0656
v -4.5644 2.5759 10.0575
v -4.5399 2.6085 10.0344
v -4.5143 2.6269 9.9998
v -4.4913 2.6283 9.9591
v -4.3392 2.3282 10.1377
v -4.3225 2.3124 10.0969
v -4.3473 2.3587 10.1722
v -4.3454 2.3994 10.1953
v -4.3338 2.4441 10.2034
v -4.3143 2.4858 10.1953
v -4.2898 2.5184 10.1722
v -4.2641 2.5368 10.1377
v -4.2412 2.5383 10.0969
v -4.0891 2.2382 10.2755
v -4.0723 2.2224 10.2347
v -4.0972 2.2687 10.3101
v -4.0953 2.3094 10.3332
v -4.0837 2.3540 10.3413
v -4.0641 2.3958 10.3332
v -4.0397 2.4284 10.3101
v -4.0140 2.4468 10.2755
v -3.9910 2.4482 10.2347
v -3.8390 2.1481 10.4134
v -3.8222 2.1324 10.3726
v -3.8470 2.1787 10.4479
v -3.8451 2.2193 10.4710
v -3.8335 2.2640 10.4791
v -3.8140 2.3058 10.4710
v -3.7896 2.3383 10.4479
v -3.7639 2.3567 10.4134
v -3.7409 2.3582 10.3726
v -3.5889 2.0581 10.5512
v -3.5721 2.0423 10.5104
v -3.5969 2.0886 10.5858
v -3.5950 2.1293 10.6089
v -3.5834 2.1739 10.6170
v -3.5639 2.2157 10.6089
v -3.5394 2.2483 10.5858
v -3.5138 2.2667 10.5512
v -3.4908 2.2681 10.5104
v -3.3387 1.9680 10.6890
v -3.3219 1.9523 10.6483
v -3.3468 1.9986 10.7236
v -3.3449 2.0393 10.7467
v -3.3333 2.0839 10.7548
v -3.3138 2.1257 10.7467
v -3.2893 2.1583 10.7236
v -3.2636 2.1767 10.6890
v -3.2407 2.1781 10.6483
v -3.0886 1.8780 10.8269
v -3.0718 1.8622 10.7861
v -3.0967 1.9085 10.8615
v -3.0947 1.9492 10.8845
v -3.0832 1.9939 10.8927
v -3.0636 2.0356 10.8845
v -3.0392 2.0682 10.8615
v -3.0135 2.0866 10.8269
v -2.9905 2.0881 10.7861
v -2.8385 1.7880 10.9647
v -2.8217 1.7722 10.9240
v -2.8465 1.8185 10.9993
v -2.8446 1.8592 11.0224
v -2.8330 1.9038 11.0305
v -2.8135 1.9456 11.0224
v -2.7891 1.9782 10.9993
v -2.7634 1.9966 10.9647
v -2.7404 1.9980 10.9240
v -2.5884 1.6979 11.1026
v -2.5716 1.6822 11.0618
v -2.5964 1.7285 11.1371
v -2.5945 1.7691 11.1602
v -2.5829 1.8138 11.1683
v -2.5634 1.8556 11.1602
v -2.5389 1.8881 11.1371
v -2.5133 1.9065 11.1026
v -2.4903 1.9080 11.0618
v -2.3382 1.6079 11.2404
v -2.3214 1.5921 11.1997
v -2.3463 1.6384 11.2750
v -2.3444 1.6791 11.2981
v -2.3328 1.7237 11.3062
v -2.3133 1.7655 11.2981
v -2.2888 1.7981 11.2750
v -2.2631 1.8165 11.2404
v -2.2402 1.8179 11.1997
v -2.0881 1.5178 11.3783
v -2.0713 1.5021 11.3375
v -2.0962 1.5484 11.4128
v -2.0942 1.5891 11.4359
v -2.0826 1.6337 11.4440
v -2.0631 1.6755 11.4359
v -2.0387 1.7080 11.4128
v -2.0130 1.7265 11.3783
v -1.9900 1.7279 11.3375
v -1.8380 1.4278 11.5161
v -1.8212 1.4120 11.4754
v -1.8460 1.4583 11.5507
v -1.8441 1.4990 11.5738
v -1.8325 1.5436 11.5819
v -1.8130 1.5854 11.5738
v -1.7886 1.6180 11.5507
v -1.7629 1.6364 11.5161
v -1.7399 1.6378 11.4754
v -1.5879 1.3377 11.6540
v -1.5711 1.3220 11.6132
v -1.5959 1.3683 11.6885
v -1.5940 1.4090 11.7116
v -1.5824 1.4536 11.7197
v -1.5629 1.4954 11.7116
v -1.5384 1.5280 11.6885
v -1.5128 1.5464 11.6540
v -1.4898 1.5478 11.6132
v 2.7645 9.7997 7.3400
v 2.7805 9.8165 7.3807
v 2.6889 9.5706 7.5185
v 2.6729 9.5537 7.4778
v 2.8112 9.8244 7.4151
v 2.7196 9.5785 7.5530
v 2.8519 9.8222 7.4382
v 2.7603 9.5762 7.5760
v 2.8964 9.8101 7.4462
v 2.8048 9.5642 7.5841
v 2.9379 9.7901 7.4382
v 2.8463 9.5441 7.5760
v 2.9702 9.7652 7.4151
v 2.8786 9.5192 7.5530
v 2.9883 9.7392 7.3807
v 2.8967 9.4932 7.5185
v 2.9894 9.7160 7.3400
v 2.8978 9.4700 7.4778
v 2.5973 9.3246 7.6563
v 2.5812 9.3078 7.6157
v 2.6280 9.3325 7.6908
v 2.6687 9.3302 7.7138
v 2.7132 9.3182 7.7219
v 2.7547 9.2982 7.7138
v 2.7870 9.2732 7.6908
v 2.8050 9.2472 7.6563
v 2.8062 9.2240 7.6157
v 2.5057 9.0786 7.7942
v 2.4896 9.0618 7.7535
v 2.5363 9.0865 7.8287
v 2.5771 9.0842 7.8517
v 2.6216 9.0722 7.8598
v 2.6631 9.0522 7.8517
v 2.6954 9.0273 7.8287
v 2.7134 9.0012 7.7942
v 2.7145 8.9780 7.7535
v 2.4140 8.8326 7.9320
v 2.3980 8.8158 7.8914
v 2.4447 8.8405 7.9665
v 2.4854 8.8383 7.9895
v 2.5300 8.8262 7.9976
v 2.5715 8.8062 7.9895
v 2.6038 8.7813 7.9665
v 2.6218 8.7552 7.9320
v 2.6229 8.7320 7.8914
v 2.3224 8.5867 8.0699
v 2.3064 8.5698 8.0292
v 2.3531 8.5945 8.1043
v 2.3938 8.5923 8.1274
v 2.4384 8.5802 8.1355
v 2.4799 8.5602 8.1274
v 2.5122 8.5353 8.1043
v 2.5302 8.5093 8.0699
v 2.5313 8.4861 8.0292
v 2.2308 8.3407 8.2077
v 2.2148 8.3239 8.1671
v 2.2615 8.3486 8.2422
v 2.3022 8.3463 8.2652
v 2.3467 8.3343 8.2733
v 2.3883 8.3142 8.2652
v 2.4206 8.2893 8.2422
v 2.4386 8.2633 8.2077
v 2.4397 8.2401 8.1671
v 2.1392 8.0947 8.3456
v 2.1232 8.0779 8.3049
v 2.1699 8.1026 8.3800
v 2.2106 8.1003 8.4031
v 2.2551 8.0883 8.4112
v 2.2967 8.0683 8.4031
v 2.3289 8.0433 8.3800
v 2.3470 8.0173 8.3456
v 2.3481 7.9941 8.3049
v 2.0476 7.8487 8.4834
v 2.0316 7.8319 8.4428
v 2.0783 7.8566 8.5179
v 2.1190 7.8543 8.5409
v 2.1635 7.8423 8.5490
v 2.2051 7.8223 8.5409
v 2.2373 7.7974 8.5179
v 2.2554 7.7713 8.4834
v 2.2565 7.7481 8.4428
v 1.9560 7.6027 8.6213
v 1.9400 7.5859 8.5806
v 1.9867 7.6106 8.6557
v 2.0274 7.6084 8.6788
v 2.0719 7.5963 8.6868
v 2.1135 7.5763 8.6788
v 2.1457 7.5514 8.6557
v 2.1638 7.5253 8.6213
v 2.1649 7.5022 8.5806
v 1.8644 7.3568 8.7591
v 1.8484 7.3399 8.7185
v 1.8951 7.3646 8.7936
v 1.9358 7.3624 8.8166
v 1.9803 7.3503 8.8247
v 2.0219 7.3303 8.8166
v 2.0541 7.3054 8.7936
v 2.0722 7.2794 8.7591
v 2.0733 7.2562 8.7185
v 1.7728 7.1108 8.8970
v 1.7568 7.0940 8.8563
v 1.8035 7.1187 8.9314
v 1.8442 7.1164 8.9544
v 1.8887 7.1044 8.9625
v 1.9303 7.0844 8.9544
v 1.9625 7.0594 8.9314
v 1.9806 7.0334 8.8970
v 1.9817 7.0102 8.8563
v 1.6812 6.8648 9.0348
v 1.6652 6.8480 8.9941
v 1.7119 6.8727 9.0693
v 1.7526 6.8704 9.0923
v 1.7971 6.8584 9.1004
v 1.8386 6.8384 9.0923
v 1.8709 6.8135 9.0693
v 1.8890 6.7874 9.0348
v 1.8901 6.7642 8.9941
v 1.5896 6.6188 9.1726
v 1.5736 6.6020 9.1320
v 1.6203 6.6267 9.2071
v 1.6610 6.6244 9.2301
v 1.7055 6.6124 9.2382
v 1.7470 6.5924 9.2301
v 1.7793 6.5675 9.2071
v 1.7974 6.5414 9.1726
v 1.7985 6.5182 9.1320
v 1.4980 6.3728 9.3105
v 1.4819 6.3560 9.2698
v 1.5287 6.3807 9.3450
v 1.5694 6.3785 9.3680
v 1.6139 6.3664 9.3761
v 1.6554 6.3464 9.3680
v 1.6877 6.3215 9.3450
v 1.7057 6.2955 9.3105
v 1.7069 6.2723 9.2698
v 1.4064 6.1269 9.4483
v 1.3903 6.1100 9.4077
v 1.4370 6.1347 9.4828
v 1.4778 6.1325 9.5058
v 1.5223 6.1204 9.5139
v 1.5638 6.1004 9.5058
v 1.5961 6.0755 9.4828
v 1.6141 6.0495 9.4483
v 1.6152 6.0263 9.4077
v 1.3147 5.8809 9.5862
v 1.2987 5.8641 9.5455
v 1.3454 5.8888 9.6206
v 1.3861 5.8865 9.6437
v 1.4307 5.8745 9.6518
v 1.4722 5.8545 9.6437
v 1.5045 5.8295 9.6206
v 1.5225 5.8035 9.5862
v 1.5236 5.7803 9.5455
v 1.2231 5.6349 9.7240
v 1.2071 5.6181 9.6834
v 1.2538 5.6428 9.7585
v 1.2945 5.6405 9.7815
v 1.3391 5.6285 9.7896
v 1.3806 5.6085 9.7815
v 1.4129 5.5836 9.7585
v 1.4309 5.5575 9.7240
v 1.4320 5.5343 9.6834
v 1.1315 5.3889 9.8619
v 1.1155 5.3721 9.8212
v 1.1622 5.3968 9.8963
v 1.2029 5.3946 9.9194
v 1.2474 5.3825 9.9275
v 1.2890 5.3625 9.9194
v 1.3213 5.3376 9.8963
v 1.3393 5.3115 9.8619
v 1.3404 5.2883 9.8212
v 1.0399 5.1429 9.9997
v 1.0239 5.1261 9.9591
v 1.0706 5.1508 10.0342
v 1.1113 5.1486 10.0572
v 1.1558 5.1365 10.0653
v 1.1974 5.1165 10.0572
v 1.2296 5.0916 10.0342
v 1.2477 5.0656 9.9997
v 1.2488 5.0424 9.9591
v 0.9483 4.8970 10.1376
v 0.9323 4.8801 10.0969
v 0.9790 4.9048 10.1720
v 1.0197 4.9026 10.1951
v 1.0642 4.8905 10.2031
v 1.1058 4.8705 10.1951
v 1.1380 4.8456 10.1720
v 1.1561 4.8196 10.1376
v 1.1572 4.7964 10.0969
v 0.8567 4.6510 10.2754
v 0.8407 4.6342 10.2347
v 0.8874 4.6589 10.3099
v 0.9281 4.6566 10.3329
v 0.9726 4.6446 10.3410
v 1.0142 4.6246 10.3329
v 1.0464 4.5996 10.3099
v 1.0645 4.5736 10.2754
v 1.0656 4.5504 10.2347
v 0.7651 4.4050 10.4132
v 0.7491 4.3882 10.3726
v 0.7958 4.4129 10.4477
v 0.8365 4.4106 10.4707
v 0.8810 4.3986 10.4788
v 0.9226 4.3786 10.4707
v 0.9548 4.3537 10.4477
v 0.9729 4.3276 10.4132
v 0.9740 4.3044 10.3726
v 0.6735 4.1590 10.5511
v 0.6575 4.1422 10.5104
v 0.7042 4.1669 10.5856
v 0.7449 4.1647 10.6086
v 0.7894 4.1526 10.6167
v 0.8310 4.1326 10.6086
v 0.8632 4.1077 10.5856
v 0.8813 4.0816 10.5511
v 0.8824 4.0584 10.5104
v 0.5819 3.9130 10.6889
v 0.5659 3.8962 10.6483
v 0.6126 3.9209 10.7234
v 0.6533 3.9187 10.7464
v 0.6978 3.9066 10.7545
v 0.7393 3.8866 10.7464
v 0.7716 3.8617 10.7234
v 0.7897 3.8357 10.6889
v 0.7908 3.8125 10.6483
v 0.4903 3.6671 10.8268
v 0.4743 3.6502 10.7861
v 0.5210 3.6749 10.8613
v 0.5617 3.6727 10.8843
v 0.6062 3.6606 10.8924
v 0.6477 3.6406 10.8843
v 0.6800 3.6157 10.8613
v 0.6981 3.5897 10.8268
v 0.6992 3.5665 10.7861
v 0.3987 3.4211 10.9646
v 0.3826 3.4043 10.9240
v 0.4294 3.4290 10.9991
v 0.4701 3.4267 11.0221
v 0.5146 3.4147 11.0302
v 0.5561 3.3947 11.0221
v 0.5884 3.3697 10.9991
v 0.6064 3.3437 10.9646
v 0.6076 3.3205 10.9240
v 0.3071 3.1751 11.1025
v 0.2910 3.1583 11.0618
v 0.3377 3.1830 11.1369
v 0.3784 3.1807 11.1600
v 0.4230 3.1687 11.1681
v 0.4645 3.1487 11.1600
v 0.4968 3.1238 11.1369
v 0.5148 3.0977 11.1025
v 0.5159 3.0745 11.0618
v 0.2154 2.9291 11.2403
v 0.1994 2.9123 11.1997
v 0.2461 2.9370 11.2748
v 0.2868 2.9348 11.2978
v 0.3314 2.9227 11.3059
v 0.3729 2.9027 11.2978
v 0.4052 2.8778 11.2748
v 0.4232 2.8517 11.2403
v 0.4243 2.8285 11.1997
v 0.1238 2.6831 11.3782
v 0.1078 2.6663 11.3375
v 0.1545 2.6910 11.4126
v 0.1952 2.6888 11.4357
v 0.2397 2.6767 11.4437
v 0.2813 2.6567 11.4357
v 0.3136 2.6318 11.4126
v 0.3316 2.6058 11.3782
v 0.3327 2.5826 11.3375
v 0.0322 2.4372 11.5160
v 0.0162 2.4203 11.4754
v 0.0629 2.4451 11.5505
v 0.1036 2.4428 11.5735
v 0.1481 2.4308 11.5816
v 0.1897 2.4107 11.5735
v 0.2220 2.3858 11.5505
v 0.2400 2.3598 11.5160
v 0.2411 2.3366 11.4754
v -0.0594 2.1912 11.6539
v -0.0754 2.1744 11.6132
v -0.0287 2.1991 11.6883
v 0.0120 2.1968 11.7114
v 0.0565 2.1848 11.7194
v 0.0981 2.1648 11.7114
v 0.1303 2.1398 11.6883
v 0.1484 2.1138 11.6539
v 0.1495 2.0906 11.6132
v 3.6904 -4.0616 7.5200
v 2.0179 -4.8165 8.7100
v 0.6523 -1.7914 8.7100
v 3.1144 -2.7855 7.2900
v 0.3454 -5.5715 7.5200
v -0.2306 -4.2955 7.2900
v 0.3454 -5.5715 6.8400
v 3.6904 -4.0616 6.8400
v 3.1144 -2.7855 6.8400
v -0.2306 -4.2955 6.8400
v 2.1272 -4.7671 8.7600
v 2.1189 -4.7709 8.8059
v 1.9975 -4.5020 8.8059
v 2.0059 -4.4983 8.7600
v 2.0952 -4.7816 8.8449
v 1.9738 -4.5127 8.8449
v 2.0597 -4.7976 8.8709
v 1.9383 -4.5287 8.8709
v 2.0179 -4.8165 8.8800
v 1.8965 -4.5476 8.8800
v 1.9760 -4.8354 8.8709
v 1.8546 -4.5665 8.8709
v 1.9405 -4.8514 8.8449
v 1.8191 -4.5825 8.8449
v 1.9168 -4.8621 8.8059
v 1.7954 -4.5932 8.8059
v 1.9085 -4.8659 8.7600
v 1.7871 -4.5970 8.7600
v 1.8762 -4.2331 8.8059
v 1.8845 -4.2294 8.7600
v 1.8524 -4.2438 8.8449
v 1.8170 -4.2598 8.8709
v 1.7751 -4.2787 8.8800
v 1.7332 -4.2976 8.8709
v 1.6978 -4.3136 8.8449
v 1.6741 -4.3243 8.8059
v 1.6657 -4.3281 8.7600
v 1.7548 -3.9642 8.8059
v 1.7631 -3.9605 8.7600
v 1.7311 -3.9749 8.8449
v 1.6956 -3.9909 8.8709
v 1.6537 -4.0098 8.8800
v 1.6119 -4.0287 8.8709
v 1.5764 -4.0447 8.8449
v 1.5527 -4.0554 8.8059
v 1.5444 -4.0592 8.7600
v 1.6334 -3.6953 8.8059
v 1.6417 -3.6916 8.7600
v 1.6097 -3.7060 8.8449
v 1.5742 -3.7220 8.8709
v 1.5323 -3.7409 8.8800
v 1.4905 -3.7598 8.8709
v 1.4550 -3.7758 8.8449
v 1.4313 -3.7865 8.8059
v 1.4230 -3.7903 8.7600
v 1.5120 -3.4264 8.8059
v 1.5203 -3.4227 8.7600
v 1.4883 -3.4371 8.8449
v 1.4528 -3.4531 8.8709
v 1.4110 -3.4720 8.8800
v 1.3691 -3.4909 8.8709
v 1.3336 -3.5069 8.8449
v 1.3099 -3.5176 8.8059
v 1.3016 -3.5214 8.7600
v 1.3906 -3.1575 8.8059
v 1.3990 -3.1538 8.7600
v 1.3669 -3.1682 8.8449
v 1.3314 -3.1842 8.8709
v 1.2896 -3.2031 8.8800
v 1.2477 -3.2220 8.8709
v 1.2122 -3.2380 8.8449
v 1.1885 -3.2487 8.8059
v 1.1802 -3.2525 8.7600
v 1.2692 -2.8886 8.8059
v 1.2776 -2.8849 8.7600
v 1.2455 -2.8993 8.8449
v 1.2101 -2.9153 8.8709
v 1.1682 -2.9342 8.8800
v 1.1263 -2.9531 8.8709
v 1.0909 -2.9691 8.8449
v 1.0672 -2.9799 8.8059
v 1.0588 -2.9836 8.7600
v 1.1479 -2.6197 8.8059
v 1.1562 -2.6160 8.7600
v 1.1242 -2.6304 8.8449
v 1.0887 -2.6464 8.8709
v 1.0468 -2.6653 8.8800
v 1.0050 -2.6842 8.8709
v 0.9695 -2.7003 8.8449
v 0.9458 -2.7110 8.8059
v 0.9374 -2.7147 8.7600
v 1.0265 -2.3508 8.8059
v 1.0348 -2.3471 8.7600
v 1.0028 -2.3615 8.8449
v 0.9673 -2.3775 8.8709
v 0.9254 -2.3964 8.8800
v 0.8836 -2.4153 8.8709
v 0.8481 -2.4314 8.8449
v 0.8244 -2.4421 8.8059
v 0.8161 -2.4458 8.7600
v -3.6566 1.5394 10.4793
v -3.4533 1.0826 10.4793
v -3.4533 1.0826 12.1432
v -3.6566 1.5394 12.1432
v -2.4027 1.5502 10.4793
v -2.4027 1.5502 12.1432
v -2.6060 2.0070 10.4793
v -2.6060 2.0070 12.1432
v 0.5553 3.4029 10.3353
v 0.7586 2.9461 10.3353
v 0.7586 2.9461 12.1432
v 0.5553 3.4029 12.1432
v 1.4895 3.2714 10.3353
v 1.4895 3.2714 12.1432
v 1.2862 3.7282 10.3353
v 1.2862 3.7282 12.1432
v -1.7307 -0.0334 10.3141
v -1.5274 -0.4902 10.3141
v -1.5274 -0.4902 11.9532
v -1.7307 -0.0334 11.9532
v -1.0706 -0.2869 10.3141
v -1.0706 -0.2869 11.9532
v -1.2739 0.1699 10.3141
v -1.2739 0.1699 11.9532
v 0.8052 1.0952 10.2779
v 1.0085 0.6384 10.2779
v 1.0085 0.6384 11.9532
v 0.8052 1.0952 11.9532
v 1.4653 0.8417 10.2779
v 1.4653 0.8417 11.9532
v 1.2620 1.2985 10.2779
v 1.2620 1.2985 11.9532
v 2.1551 2.1447 9.7217
v 2.4885 1.3955 9.7217
v 2.4885 1.3955 11.9532
v 2.1551 2.1447 11.9532
v 2.9453 1.5988 9.7217
v 2.9453 1.5988 11.9532
v 2.6119 2.3480 9.7217
v 2.6119 2.3480 11.9532
v 36.2403 -20.8552 25.6000
v 36.7005 -20.6646 25.3394
v 36.7384 -20.8552 25.3394
v 36.5925 -20.5030 25.3394
v 36.4309 -20.3950 25.3394
v 36.2403 -20.3571 25.3394
v 36.0497 -20.3950 25.3394
v 35.8881 -20.5030 25.3394
v 35.7801 -20.6646 25.3394
v 35.7422 -20.8552 25.3394
v 35.7801 -21.0458 25.3394
v 35.8881 -21.2074 25.3394
v 36.0497 -21.3154 25.3394
v 36.2403 -21.3533 25.3394
v 36.4309 -21.3154 25.3394
v 36.5925 -21.2074 25.3394
v 36.7005 -21.0458 25.3394
v 37.1513 -20.4778 24.5630
v 37.2264 -20.8552 24.5630
v 36.9376 -20.1579 24.5630
v 36.6177 -19.9442 24.5630
v 36.2403 -19.8691 24.5630
v 35.8630 -19.9442 24.5630
v 35.5431 -20.1579 24.5630
v 35.3293 -20.4778 24.5630
v 35.2543 -20.8552 24.5630
v 35.3293 -21.2325 24.5630
v 35.5431 -21.5524 24.5630
v 35.8630 -21.7662 24.5630
v 36.2403 -21.8412 24.5630
v 36.6177 -21.7662 24.5630
v 36.9376 -21.5524 24.5630
v 37.1513 -21.2325 24.5630
v 37.5836 -20.2988 23.2866
v 37.6943 -20.8552 23.2866
v 37.2684 -19.8271 23.2866
v 36.7967 -19.5119 23.2866
v 36.2403 -19.4012 23.2866
v 35.6839 -19.5119 23.2866
v 35.2122 -19.8271 23.2866
v 34.8970 -20.2988 23.2866
v 34.7864 -20.8552 23.2866
v 34.8970 -21.4116 23.2866
v 35.2122 -21.8833 23.2866
v 35.6839 -22.1985 23.2866
v 36.2403 -22.3091 23.2866
v 36.7967 -22.1985 23.2866
v 37.2684 -21.8833 23.2866
v 37.5836 -21.4116 23.2866
v 37.9885 -20.1310 21.5361
v 38.1326 -20.8552 21.5361
v 37.5783 -19.5172 21.5361
v 36.9645 -19.1070 21.5361
v 36.2403 -18.9629 21.5361
v 35.5162 -19.1070 21.5361
v 34.9023 -19.5172 21.5361
v 34.4921 -20.1310 21.5361
v 34.3481 -20.8552 21.5361
v 34.4921 -21.5793 21.5361
v 34.9023 -22.1932 21.5361
v 35.5162 -22.6034 21.5361
v 36.2403 -22.7474 21.5361
v 36.9645 -22.6034 21.5361
v 37.5783 -22.1932 21.5361
v 37.9885 -21.5793 21.5361
v 38.3579 -19.9781 19.3472
v 38.5323 -20.8552 19.3472
v 37.8610 -19.2345 19.3472
v 37.1174 -18.7376 19.3472
v 36.2403 -18.5632 19.3472
v 35.3632 -18.7376 19.3472
v 34.6196 -19.2345 19.3472
v 34.1228 -19.9781 19.3472
v 33.9483 -20.8552 19.3472
v 34.1228 -21.7323 19.3472
v 34.6196 -22.4759 19.3472
v 35.3632 -22.9727 19.3472
v 36.2403 -23.1472 19.3472
v 37.1174 -22.9727 19.3472
v 37.8610 -22.4759 19.3472
v 38.3579 -21.7323 19.3472
v 38.6841 -19.8429 16.7644
v 38.8854 -20.8552 16.7644
v 38.1107 -18.9848 16.7644
v 37.2526 -18.4114 16.7644
v 36.2403 -18.2101 16.7644
v 35.2281 -18.4114 16.7644
v 34.3699 -18.9848 16.7644
v 33.7965 -19.8429 16.7644
v 33.5952 -20.8552 16.7644
v 33.7965 -21.8674 16.7644
v 34.3699 -22.7256 16.7644
v 35.2281 -23.2990 16.7644
v 36.2403 -23.5003 16.7644
v 37.2526 -23.2990 16.7644
v 38.1107 -22.7256 16.7644
v 38.6841 -21.8674 16.7644
v 38.9606 -19.7284 13.8404
v 39.1847 -20.8552 13.8404
v 38.3223 -18.7732 13.8404
v 37.3671 -18.1349 13.8404
v 36.2403 -17.9108 13.8404
v 35.1136 -18.1349 13.8404
v 34.1583 -18.7732 13.8404
v 33.5201 -19.7284 13.8404
v 33.2959 -20.8552 13.8404
v 33.5201 -21.9819 13.8404
v 34.1583 -22.9372 13.8404
v 35.1136 -23.5754 13.8404
v 36.2403 -23.7996 13.8404
v 37.3671 -23.5754 13.8404
v 38.3223 -22.9372 13.8404
v 38.9606 -21.9819 13.8404
v 39.1817 -19.6368 10.6346
v 39.4240 -20.8552 10.6346
v 38.4915 -18.6040 10.6346
v 37.4587 -17.9138 10.6346
v 36.2403 -17.6715 10.6346
v 35.0220 -17.9138 10.6346
v 33.9891 -18.6040 10.6346
v 33.2990 -19.6368 10.6346
v 33.0566 -20.8552 10.6346
v 33.2990 -22.0735 10.6346
v 33.9891 -23.1064 10.6346
v 35.0220 -23.7965 10.6346
v 36.2403 -24.0389 10.6346
v 37.4587 -23.7965 10.6346
v 38.4915 -23.1064 10.6346
v 39.1817 -22.0735 10.6346
v 39.3429 -19.5700 7.2124
v 39.5985 -20.8552 7.2124
v 38.6149 -18.4806 7.2124
v 37.5255 -17.7526 7.2124
v 36.2403 -17.4969 7.2124
v 34.9552 -17.7526 7.2124
v 33.8657 -18.4806 7.2124
v 33.1377 -19.5700 7.2124
v 32.8821 -20.8552 7.2124
v 33.1377 -22.1403 7.2124
v 33.8657 -23.2298 7.2124
v 34.9552 -23.9578 7.2124
v 36.2403 -24.2134 7.2124
v 37.5255 -23.9578 7.2124
v 38.6149 -23.2298 7.2124
v 39.3429 -22.1403 7.2124
v 39.4410 -19.5294 3.6433
v 39.7047 -20.8552 3.6433
v 38.6900 -18.4055 3.6433
v 37.5661 -17.6545 3.6433
v 36.2403 -17.3908 3.6433
v 34.9146 -17.6545 3.6433
v 33.7906 -18.4055 3.6433
v 33.0397 -19.5294 3.6433
v 32.7759 -20.8552 3.6433
v 33.0397 -22.1809 3.6433
v 33.7906 -23.3049 3.6433
v 34.9146 -24.0558 3.6433
v 36.2403 -24.3196 3.6433
v 37.5661 -24.0558 3.6433
v 38.6900 -23.3049 3.6433
v 39.4410 -22.1809 3.6433
v 39.4739 -19.5158 0.0000
v 39.7403 -20.8552 0.0000
v 38.7152 -18.3803 0.0000
v 37.5797 -17.6216 0.0000
v 36.2403 -17.3552 0.0000
v 34.9009 -17.6216 0.0000
v 33.7654 -18.3803 0.0000
v 33.0067 -19.5158 0.0000
v 32.7403 -20.8552 0.0000
v 33.0067 -22.1946 0.0000
v 33.7654 -23.3300 0.0000
v 34.9009 -24.0888 0.0000
v 36.2403 -24.3552 0.0000
v 37.5797 -24.0888 0.0000
v 38.7152 -23.3300 0.0000
v 39.4739 -22.1946 0.0000
v -20.1525 4.9162 0.0000
v -20.1662 4.9851 0.0000
v -20.1662 4.9851 3.7900
v -20.1525 4.9162 3.7900
v -20.2053 5.0435 0.0000
v -20.2053 5.0435 3.7900
v -20.2637 5.0825 0.0000
v -20.2637 5.0825 3.7900
v -20.3325 5.0962 0.0000
v -20.3325 5.0962 3.7900
v -20.4014 5.0825 0.0000
v -20.4014 5.0825 3.7900
v -20.4598 5.0435 0.0000
v -20.4598 5.0435 3.7900
v -20.4988 4.9851 0.0000
v -20.4988 4.9851 3.7900
v -20.5125 4.9162 0.0000
v -20.5125 4.9162 3.7900
v -20.4988 4.8473 0.0000
v -20.4988 4.8473 3.7900
v -20.4598 4.7889 0.0000
v -20.4598 4.7889 3.7900
v -20.4014 4.7499 0.0000
v -20.4014 4.7499 3.7900
v -20.3325 4.7362 0.0000
v -20.3325 4.7362 3.7900
v -20.2637 4.7499 0.0000
v -20.2637 4.7499 3.7900
v -20.2053 4.7889 0.0000
v -20.2053 4.7889 3.7900
v -20.1662 4.8473 0.0000
v -20.1662 4.8473 3.7900
v -20.3325 4.9162 12.5900
v -18.7623 5.5666 12.3208
v -18.6330 4.9162 12.3208
v -19.1307 6.1180 12.3208
v -19.6821 6.4864 12.3208
v -20.3325 6.6158 12.3208
v -20.9829 6.4864 12.3208
v -21.5343 6.1180 12.3208
v -21.9028 5.5666 12.3208
v -22.0321 4.9162 12.3208
v -21.9028 4.2658 12.3208
v -21.5343 3.7144 12.3208
v -20.9829 3.3460 12.3208
v -20.3325 3.2166 12.3208
v -19.6821 3.3460 12.3208
v -19.1307 3.7144 12.3208
v -18.7623 4.2658 12.3208
v -17.3458 6.1533 11.5396
v -17.0997 4.9162 11.5396
v -18.0466 7.2021 11.5396
v -19.0954 7.9029 11.5396
v -20.3325 8.1490 11.5396
v -21.5697 7.9029 11.5396
v -22.6185 7.2021 11.5396
v -23.3193 6.1533 11.5396
v -23.5654 4.9162 11.5396
v -23.3193 3.6790 11.5396
v -22.6185 2.6302 11.5396
v -21.5697 1.9294 11.5396
v -20.3325 1.6834 11.5396
v -19.0954 1.9294 11.5396
v -18.0466 2.6302 11.5396
v -17.3458 3.6790 11.5396
v -16.2217 6.6190 10.3228
v -15.8830 4.9162 10.3228
v -17.1862 8.0625 10.3228
v -18.6298 9.0271 10.3228
v -20.3325 9.3658 10.3228
v -22.0353 9.0271 10.3228
v -23.4789 8.0625 10.3228
v -24.4434 6.6190 10.3228
v -24.7821 4.9162 10.3228
v -24.4434 3.2134 10.3228
v -23.4789 1.7698 10.3228
v -22.0353 0.8053 10.3228
v -20.3325 0.4666 10.3228
v -18.6298 0.8053 10.3228
v -17.1862 1.7698 10.3228
v -16.2217 3.2134 10.3228
v -15.4999 6.9179 8.7896
v -15.1017 4.9162 8.7896
v -16.6338 8.6149 8.7896
v -18.3308 9.7488 8.7896
v -20.3325 10.1470 8.7896
v -22.3343 9.7488 8.7896
v -24.0313 8.6149 8.7896
v -25.1652 6.9179 8.7896
v -25.5634 4.9162 8.7896
v -25.1652 2.9144 8.7896
v -24.0313 1.2174 8.7896
v -22.3343 0.0835 8.7896
v -20.3325 -0.3146 8.7896
v -18.3308 0.0835 8.7896
v -16.6338 1.2174 8.7896
v -15.4999 2.9144 8.7896
v -15.2512 7.0209 7.0900
v -14.8325 4.9162 7.0900
v -16.4435 8.8053 7.0900
v -18.2278 9.9975 7.0900
v -20.3325 10.4162 7.0900
v -22.4373 9.9975 7.0900
v -24.2216 8.8053 7.0900
v -25.4139 7.0209 7.0900
v -25.8325 4.9162 7.0900
v -25.4139 2.8114 7.0900
v -24.2216 1.0271 7.0900
v -22.4373 -0.1652 7.0900
v -20.3325 -0.5838 7.0900
v -18.2278 -0.1652 7.0900
v -16.4435 1.0271 7.0900
v -15.2512 2.8114 7.0900
v -15.4999 6.9179 5.3904
v -15.1017 4.9162 5.3904
v -16.6338 8.6149 5.3904
v -18.3308 9.7488 5.3904
v -20.3325 10.1470 5.3904
v -22.3343 9.7488 5.3904
v -24.0313 8.6149 5.3904
v -25.1652 6.9179 5.3904
v -25.5634 4.9162 5.3904
v -25.1652 2.9144 5.3904
v -24.0313 1.2174 5.3904
v -22.3343 0.0835 5.3904
v -20.3325 -0.3146 5.3904
v -18.3308 0.0835 5.3904
v -16.6338 1.2174 5.3904
v -15.4999 2.9144 5.3904
v -16.2217 6.6190 3.8572
v -15.8830 4.9162 3.8572
v -17.1862 8.0625 3.8572
v -18.6298 9.0271 3.8572
v -20.3325 9.3658 3.8572
v -22.0353 9.0271 3.8572
v -23.4789 8.0625 3.8572
v -24.4434 6.6190 3.8572
v -24.7821 4.9162 3.8572
v -24.4434 3.2134 3.8572
v -23.4789 1.7698 3.8572
v -22.0353 0.8053 3.8572
v -20.3325 0.4666 3.8572
v -18.6298 0.8053 3.8572
v -17.1862 1.7698 3.8572
v -16.2217 3.2134 3.8572
v -17.3458 6.1533 2.6404
v -17.0997 4.9162 2.6404
v -18.0466 7.2021 2.6404
v -19.0954 7.9029 2.6404
v -20.3325 8.1490 2.6404
v -21.5697 7.9029 2.6404
v -22.6185 7.2021 2.6404
v -23.3193 6.1533 2.6404
v -23.5654 4.9162 2.6404
v -23.3193 3.6790 2.6404
v -22.6185 2.6302 2.6404
v -21.5697 1.9294 2.6404
v -20.3325 1.6834 2.6404
v -19.0954 1.9294 2.6404
v -18.0466 2.6302 2.6404
v -17.3458 3.6790 2.6404
v -18.7623 5.5666 1.8592
v -18.6330 4.9162 1.8592
v -19.1307 6.1180 1.8592
v -19.6821 6.4864 1.8592
v -20.3325 6.6158 1.8592
v -20.9829 6.4864 1.8592
v -21.5343 6.1180 1.8592
v -21.9028 5.5666 1.8592
v -22.0321 4.9162 1.8592
v -21.9028 4.2658 1.8592
v -21.5343 3.7144 1.8592
v -20.9829 3.3460 1.8592
v -20.3325 3.2166 1.8592
v -19.6821 3.3460 1.8592
v -19.1307 3.7144 1.8592
v -18.7623 4.2658 1.8592
v -20.3325 4.9162 1.5900
v 16.9453 5.4546 0.0000
v 16.9316 5.5235 0.0000
v 16.9316 5.5235 6.1400
v 16.9453 5.4546 6.1400
v 16.8926 5.5819 0.0000
v 16.8926 5.5819 6.1400
v 16.8342 5.6209 0.0000
v 16.8342 5.6209 6.1400
v 16.7653 5.6346 0.0000
v 16.7653 5.6346 6.1400
v 16.6964 5.6209 0.0000
v 16.6964 5.6209 6.1400
v 16.6380 5.5819 0.0000
v 16.6380 5.5819 6.1400
v 16.5990 5.5235 0.0000
v 16.5990 5.5235 6.1400
v 16.5853 5.4546 0.0000
v 16.5853 5.4546 6.1400
v 16.5990 5.3857 0.0000
v 16.5990 5.3857 6.1400
v 16.6380 5.3273 0.0000
v 16.6380 5.3273 6.1400
v 16.6964 5.2883 0.0000
v 16.6964 5.2883 6.1400
v 16.7653 5.2746 0.0000
v 16.7653 5.2746 6.1400
v 16.8342 5.2883 0.0000
v 16.8342 5.2883 6.1400
v 16.8926 5.3273 0.0000
v 16.8926 5.3273 6.1400
v 16.9316 5.3857 0.0000
v 16.9316 5.3857 6.1400
v 16.7653 5.4546 11.7400
v 17.7646 5.8685 11.5687
v 17.8469 5.4546 11.5687
v 17.5301 6.2194 11.5687
v 17.1792 6.4538 11.5687
v 16.7653 6.5362 11.5687
v 16.3514 6.4538 11.5687
v 16.0005 6.2194 11.5687
v 15.7661 5.8685 11.5687
v 15.6838 5.4546 11.5687
v 15.7661 5.0407 11.5687
v 16.0005 4.6898 11.5687
v 16.3514 4.4554 11.5687
v 16.7653 4.3730 11.5687
v 17.1792 4.4554 11.5687
v 17.5301 4.6898 11.5687
v 17.7646 5.0407 11.5687
v 18.6660 6.2419 11.0716
v 18.8226 5.4546 11.0716
v 18.2200 6.9093 11.0716
v 17.5526 7.3552 11.0716
v 16.7653 7.5118 11.0716
v 15.9780 7.3552 11.0716
v 15.3106 6.9093 11.0716
v 14.8647 6.2419 11.0716
v 14.7081 5.4546 11.0716
v 14.8647 4.6673 11.0716
v 15.3106 3.9999 11.0716
v 15.9780 3.5539 11.0716
v 16.7653 3.3973 11.0716
v 17.5526 3.5539 11.0716
v 18.2200 3.9999 11.0716
v 18.6660 4.6673 11.0716
v 19.3813 6.5382 10.2972
v 19.5969 5.4546 10.2972
v 18.7675 7.4568 10.2972
v 17.8489 8.0706 10.2972
v 16.7653 8.2862 10.2972
v 15.6817 8.0706 10.2972
v 14.7631 7.4568 10.2972
v 14.1493 6.5382 10.2972
v 13.9338 5.4546 10.2972
v 14.1493 4.3710 10.2972
v 14.7631 3.4524 10.2972
v 15.6817 2.8386 10.2972
v 16.7653 2.6230 10.2972
v 17.8489 2.8386 10.2972
v 18.7675 3.4524 10.2972
v 19.3813 4.3710 10.2972
v 19.8406 6.7284 9.3216
v 20.0940 5.4546 9.3216
v 19.1191 7.8083 9.3216
v 18.0392 8.5299 9.3216
v 16.7653 8.7833 9.3216
v 15.4915 8.5299 9.3216
v 14.4116 7.8083 9.3216
v 13.6900 6.7284 9.3216
v 13.4366 5.4546 9.3216
v 13.6900 4.1808 9.3216
v 14.4116 3.1008 9.3216
v 15.4915 2.3793 9.3216
v 16.7653 2.1259 9.3216
v 18.0392 2.3793 9.3216
v 19.1191 3.1008 9.3216
v 19.8406 4.1808 9.3216
v 19.9989 6.7940 8.2400
v 20.2653 5.4546 8.2400
v 19.2402 7.9295 8.2400
v 18.1047 8.6882 8.2400
v 16.7653 8.9546 8.2400
v 15.4259 8.6882 8.2400
v 14.2904 7.9295 8.2400
v 13.5317 6.7940 8.2400
v 13.2653 5.4546 8.2400
v 13.5317 4.1152 8.2400
v 14.2904 2.9797 8.2400
v 15.4259 2.2210 8.2400
v 16.7653 1.9546 8.2400
v 18.1047 2.2210 8.2400
v 19.2402 2.9797 8.2400
v 19.9989 4.1152 8.2400
v 19.8406 6.7284 7.1584
v 20.0940 5.4546 7.1584
v 19.1191 7.8083 7.1584
v 18.0392 8.5299 7.1584
v 16.7653 8.7833 7.1584
v 15.4915 8.5299 7.1584
v 14.4116 7.8083 7.1584
v 13.6900 6.7284 7.1584
v 13.4366 5.4546 7.1584
v 13.6900 4.1808 7.1584
v 14.4116 3.1008 7.1584
v 15.4915 2.3793 7.1584
v 16.7653 2.1259 7.1584
v 18.0392 2.3793 7.1584
v 19.1191 3.1008 7.1584
v 19.8406 4.1808 7.1584
v 19.3813 6.5382 6.1828
v 19.5969 5.4546 6.1828
v 18.7675 7.4568 6.1828
v 17.8489 8.0706 6.1828
v 16.7653 8.2862 6.1828
v 15.6817 8.0706 6.1828
v 14.7631 7.4568 6.1828
v 14.1493 6.5382 6.1828
v 13.9338 5.4546 6.1828
v 14.1493 4.3710 6.1828
v 14.7631 3.4524 6.1828
v 15.6817 2.8386 6.1828
v 16.7653 2.6230 6.1828
v 17.8489 2.8386 6.1828
v 18.7675 3.4524 6.1828
v 19.3813 4.3710 6.1828
v 18.6660 6.2419 5.4084
v 18.8226 5.4546 5.4084
v 18.2200 6.9093 5.4084
v 17.5526 7.3552 5.4084
v 16.7653 7.5118 5.4084
v 15.9780 7.3552 5.4084
v 15.3106 6.9093 5.4084
v 14.8647 6.2419 5.4084
v 14.7081 5.4546 5.4084
v 14.8647 4.6673 5.4084
v 15.3106 3.9999 5.4084
v 15.9780 3.5539 5.4084
v 16.7653 3.3973 5.4084
v 17.5526 3.5539 5.4084
v 18.2200 3.9999 5.4084
v 18.6660 4.6673 5.4084
v 17.7646 5.8685 4.9113
v 17.8469 5.4546 4.9113
v 17.5301 6.2194 4.9113
v 17.1792 6.4538 4.9113
v 16.7653 6.5362 4.9113
v 16.3514 6.4538 4.9113
v 16.0005 6.2194 4.9113
v 15.7661 5.8685 4.9113
v 15.6838 5.4546 4.9113
v 15.7661 5.0407 4.9113
v 16.0005 4.6898 4.9113
v 16.3514 4.4554 4.9113
v 16.7653 4.3730 4.9113
v 17.1792 4.4554 4.9113
v 17.5301 4.6898 4.9113
v 17.7646 5.0407 4.9113
v 16.7653 5.4546 4.7400
v 21.4509 -1.3374 4.8660
v 21.2758 -0.4572 4.8660
v 19.1509 -1.3374 16.2200
v 20.7773 0.2890 4.8660
v 20.0311 0.7875 4.8660
v 19.1509 0.9626 4.8660
v 18.2708 0.7875 4.8660
v 17.5246 0.2890 4.8660
v 17.0260 -0.4572 4.8660
v 16.8509 -1.3374 4.8660
v 17.0260 -2.2176 4.8660
v 17.5246 -2.9637 4.8660
v 18.2708 -3.4623 4.8660
v 19.1509 -3.6374 4.8660
v 20.0311 -3.4623 4.8660
v 20.7773 -2.9637 4.8660
v 21.2758 -2.2176 4.8660
v 19.3309 -1.3374 0.0000
v 19.3172 -1.2685 0.0000
v 19.3172 -1.2685 4.8660
v 19.3309 -1.3374 4.8660
v 19.2782 -1.2101 0.0000
v 19.2782 -1.2101 4.8660
v 19.2198 -1.1711 0.0000
v 19.2198 -1.1711 4.8660
v 19.1509 -1.1574 0.0000
v 19.1509 -1.1574 4.8660
v 19.0820 -1.1711 0.0000
v 19.0820 -1.1711 4.8660
v 19.0236 -1.2101 0.0000
v 19.0236 -1.2101 4.8660
v 18.9846 -1.2685 0.0000
v 18.9846 -1.2685 4.8660
v 18.9709 -1.3374 0.0000
v 18.9709 -1.3374 4.8660
v 18.9846 -1.4063 0.0000
v 18.9846 -1.4063 4.8660
v 19.0236 -1.4647 0.0000
v 19.0236 -1.4647 4.8660
v 19.0820 -1.5037 0.0000
v 19.0820 -1.5037 4.8660
v 19.1509 -1.5174 0.0000
v 19.1509 -1.5174 4.8660
v 19.2198 -1.5037 0.0000
v 19.2198 -1.5037 4.8660
v 19.2782 -1.4647 0.0000
v 19.2782 -1.4647 4.8660
v 19.3172 -1.4063 0.0000
v 19.3172 -1.4063 4.8660
v 13.1992 1.5933 2.6100
v 13.0013 2.5883 2.6100
v 10.5992 1.5933 8.7000
v 12.4377 3.4318 2.6100
v 11.5942 3.9954 2.6100
v 10.5992 4.1933 2.6100
v 9.6043 3.9954 2.6100
v 8.7608 3.4318 2.6100
v 8.1971 2.5883 2.6100
v 7.9992 1.5933 2.6100
v 8.1971 0.5984 2.6100
v 8.7608 -0.2451 2.6100
v 9.6043 -0.8088 2.6100
v 10.5992 -1.0067 2.6100
v 11.5942 -0.8088 2.6100
v 12.4377 -0.2451 2.6100
v 13.0013 0.5984 2.6100
v 10.7792 1.5933 0.0000
v 10.7655 1.6622 0.0000
v 10.7655 1.6622 2.6100
v 10.7792 1.5933 2.6100
v 10.7265 1.7206 0.0000
v 10.7265 1.7206 2.6100
v 10.6681 1.7596 0.0000
v 10.6681 1.7596 2.6100
v 10.5992 1.7733 0.0000
v 10.5992 1.7733 2.6100
v 10.5304 1.7596 0.0000
v 10.5304 1.7596 2.6100
v 10.4720 1.7206 0.0000
v 10.4720 1.7206 2.6100
v 10.4329 1.6622 0.0000
v 10.4329 1.6622 2.6100
v 10.4192 1.5933 0.0000
v 10.4192 1.5933 2.6100
v 10.4329 1.5245 0.0000
v 10.4329 1.5245 2.6100
v 10.4720 1.4661 0.0000
v 10.4720 1.4661 2.6100
v 10.5304 1.4270 0.0000
v 10.5304 1.4270 2.6100
v 10.5992 1.4133 0.0000
v 10.5992 1.4133 2.6100
v 10.6681 1.4270 0.0000
v 10.6681 1.4270 2.6100
v 10.7265 1.4661 0.0000
v 10.7265 1.4661 2.6100
v 10.7655 1.5245 0.0000
v 10.7655 1.5245 2.6100
v -5.0069 -7.5562 0.0000
v -5.0206 -7.4873 0.0000
v -5.0206 -7.4873 4.3220
v -5.0069 -7.5562 4.3220
v -5.0597 -7.4289 0.0000
v -5.0597 -7.4289 4.3220
v -5.1181 -7.3899 0.0000
v -5.1181 -7.3899 4.3220
v -5.1869 -7.3762 0.0000
v -5.1869 -7.3762 4.3220
v -5.2558 -7.3899 0.0000
v -5.2558 -7.3899 4.3220
v -5.3142 -7.4289 0.0000
v -5.3142 -7.4289 4.3220
v -5.3532 -7.4873 0.0000
v -5.3532 -7.4873 4.3220
v -5.3669 -7.5562 0.0000
v -5.3669 -7.5562 4.3220
v -5.3532 -7.6251 0.0000
v -5.3532 -7.6251 4.3220
v -5.3142 -7.6835 0.0000
v -5.3142 -7.6835 4.3220
v -5.2558 -7.7225 0.0000
v -5.2558 -7.7225 4.3220
v -5.1869 -7.7362 0.0000
v -5.1869 -7.7362 4.3220
v -5.1181 -7.7225 0.0000
v -5.1181 -7.7225 4.3220
v -5.0597 -7.6835 0.0000
v -5.0597 -7.6835 4.3220
v -5.0206 -7.6251 0.0000
v -5.0206 -7.6251 4.3220
v -5.1869 -7.5562 7.7900
v -4.8444 -7.4143 7.6902
v -4.8161 -7.5562 7.6902
v -4.9247 -7.2940 7.6902
v -5.0450 -7.2136 7.6902
v -5.1869 -7.1854 7.6902
v -5.3289 -7.2136 7.6902
v -5.4492 -7.2940 7.6902
v -5.5295 -7.4143 7.6902
v -5.5578 -7.5562 7.6902
v -5.5295 -7.6981 7.6902
v -5.4492 -7.8184 7.6902
v -5.3289 -7.8988 7.6902
v -5.1869 -7.9270 7.6902
v -5.0450 -7.8988 7.6902
v -4.9247 -7.8184 7.6902
v -4.8444 -7.6981 7.6902
v -4.5353 -7.2863 7.4004
v -4.4816 -7.5562 7.4004
v -4.6882 -7.0574 7.4004
v -4.9170 -6.9045 7.4004
v -5.1869 -6.8509 7.4004
v -5.4569 -6.9045 7.4004
v -5.6857 -7.0574 7.4004
v -5.8386 -7.2863 7.4004
v -5.8923 -7.5562 7.4004
v -5.8386 -7.8261 7.4004
v -5.6857 -8.0550 7.4004
v -5.4569 -8.2079 7.4004
v -5.1869 -8.2615 7.4004
v -4.9170 -8.2079 7.4004
v -4.6882 -8.0550 7.4004
v -4.5353 -7.8261 7.4004
v -4.2900 -7.1847 6.9491
v -4.2161 -7.5562 6.9491
v -4.5005 -6.8697 6.9491
v -4.8154 -6.6593 6.9491
v -5.1869 -6.5854 6.9491
v -5.5585 -6.6593 6.9491
v -5.8734 -6.8697 6.9491
v -6.0839 -7.1847 6.9491
v -6.1578 -7.5562 6.9491
v -6.0839 -7.9277 6.9491
v -5.8734 -8.2427 6.9491
v -5.5585 -8.4531 6.9491
v -5.1869 -8.5270 6.9491
v -4.8154 -8.4531 6.9491
v -4.5005 -8.2427 6.9491
v -4.2900 -7.9277 6.9491
v -4.1326 -7.1195 6.3804
v -4.0457 -7.5562 6.3804
v -4.3799 -6.7492 6.3804
v -4.7502 -6.5018 6.3804
v -5.1869 -6.4149 6.3804
v -5.6237 -6.5018 6.3804
v -5.9939 -6.7492 6.3804
v -6.2413 -7.1195 6.3804
v -6.3282 -7.5562 6.3804
v -6.2413 -7.9929 6.3804
v -5.9939 -8.3632 6.3804
v -5.6237 -8.6106 6.3804
v -5.1869 -8.6975 6.3804
v -4.7502 -8.6106 6.3804
v -4.3799 -8.3632 6.3804
v -4.1326 -7.9929 6.3804
v -4.0783 -7.0970 5.7500
v -3.9869 -7.5562 5.7500
v -4.3384 -6.7077 5.7500
v -4.7277 -6.4475 5.7500
v -5.1869 -6.3562 5.7500
v -5.6462 -6.4475 5.7500
v -6.0355 -6.7077 5.7500
v -6.2956 -7.0970 5.7500
v -6.3869 -7.5562 5.7500
v -6.2956 -8.0154 5.7500
v -6.0355 -8.4047 5.7500
v -5.6462 -8.6649 5.7500
v -5.1869 -8.7562 5.7500
v -4.7277 -8.6649 5.7500
v -4.3384 -8.4047 5.7500
v -4.0783 -8.0154 5.7500
v -4.1326 -7.1195 5.1196
v -4.0457 -7.5562 5.1196
v -4.3799 -6.7492 5.1196
v -4.7502 -6.5018 5.1196
v -5.1869 -6.4149 5.1196
v -5.6237 -6.5018 5.1196
v -5.9939 -6.7492 5.1196
v -6.2413 -7.1195 5.1196
v -6.3282 -7.5562 5.1196
v -6.2413 -7.9929 5.1196
v -5.9939 -8.3632 5.1196
v -5.6237 -8.6106 5.1196
v -5.1869 -8.6975 5.1196
v -4.7502 -8.6106 5.1196
v -4.3799 -8.3632 5.1196
v -4.1326 -7.9929 5.1196
v -4.2900 -7.1847 4.5509
v -4.2161 -7.5562 4.5509
v -4.5005 -6.8697 4.5509
v -4.8154 -6.6593 4.5509
v -5.1869 -6.5854 4.5509
v -5.5585 -6.6593 4.5509
v -5.8734 -6.8697 4.5509
v -6.0839 -7.1847 4.5509
v -6.1578 -7.5562 4.5509
v -6.0839 -7.9277 4.5509
v -5.8734 -8.2427 4.5509
v -5.5585 -8.4531 4.5509
v -5.1869 -8.5270 4.5509
v -4.8154 -8.4531 4.5509
v -4.5005 -8.2427 4.5509
v -4.2900 -7.9277 4.5509
v -4.5353 -7.2863 4.0996
v -4.4816 -7.5562 4.0996
v -4.6882 -7.0574 4.0996
v -4.9170 -6.9045 4.0996
v -5.1869 -6.8509 4.0996
v -5.4569 -6.9045 4.0996
v -5.6857 -7.0574 4.0996
v -5.8386 -7.2863 4.0996
v -5.8923 -7.5562 4.0996
v -5.8386 -7.8261 4.0996
v -5.6857 -8.0550 4.0996
v -5.4569 -8.2079 4.0996
v -5.1869 -8.2615 4.0996
v -4.9170 -8.2079 4.0996
v -4.6882 -8.0550 4.0996
v -4.5353 -7.8261 4.0996
v -4.8444 -7.4143 3.8098
v -4.8161 -7.5562 3.8098
v -4.9247 -7.2940 3.8098
v -5.0450 -7.2136 3.8098
v -5.1869 -7.1854 3.8098
v -5.3289 -7.2136 3.8098
v -5.4492 -7.2940 3.8098
v -5.5295 -7.4143 3.8098
v -5.5578 -7.5562 3.8098
v -5.5295 -7.6981 3.8098
v -5.4492 -7.8184 3.8098
v -5.3289 -7.8988 3.8098
v -5.1869 -7.9270 3.8098
v -5.0450 -7.8988 3.8098
v -4.9247 -7.8184 3.8098
v -4.8444 -7.6981 3.8098
v -5.1869 -7.5562 3.7100
v 30.3309 23.0976 0.0000
v 30.3309 27.6811 0.0000
v 30.3309 27.6811 14.2440
v 30.3309 23.0976 14.2440
v 25.7474 27.6811 0.0000
v 25.7474 27.6811 14.2440
v 25.7474 23.0976 0.0000
v 25.7474 23.0976 14.2440
v 29.4155 -18.1701 0.0000
v 29.4018 -18.1012 0.0000
v 29.4018 -18.1012 11.7066
v 29.4155 -18.1701 11.7066
v 29.3628 -18.0428 0.0000
v 29.3628 -18.0428 11.7066
v 29.3044 -18.0038 0.0000
v 29.3044 -18.0038 11.7066
v 29.2355 -17.9901 0.0000
v 29.2355 -17.9901 11.7066
v 29.1667 -18.0038 0.0000
v 29.1667 -18.0038 11.7066
v 29.1083 -18.0428 0.0000
v 29.1083 -18.0428 11.7066
v 29.0692 -18.1012 0.0000
v 29.0692 -18.1012 11.7066
v 29.0555 -18.1701 0.0000
v 29.0555 -18.1701 11.7066
v 29.0692 -18.2390 0.0000
v 29.0692 -18.2390 11.7066
v 29.1083 -18.2974 0.0000
v 29.1083 -18.2974 11.7066
v 29.1667 -18.3364 0.0000
v 29.1667 -18.3364 11.7066
v 29.2355 -18.3501 0.0000
v 29.2355 -18.3501 11.7066
v 29.3044 -18.3364 0.0000
v 29.3044 -18.3364 11.7066
v 29.3628 -18.2974 0.0000
v 29.3628 -18.2974 11.7066
v 29.4018 -18.2390 0.0000
v 29.4018 -18.2390 11.7066
v 29.2355 -18.1701 13.3340
v 29.5259 -18.0498 13.2842
v 29.5498 -18.1701 13.2842
v 29.4578 -17.9478 13.2842
v 29.3558 -17.8797 13.2842
v 29.2355 -17.8558 13.2842
v 29.1153 -17.8797 13.2842
v 29.0133 -17.9478 13.2842
v 28.9452 -18.0498 13.2842
v 28.9212 -18.1701 13.2842
v 28.9452 -18.2904 13.2842
v 29.0133 -18.3923 13.2842
v 29.1153 -18.4605 13.2842
v 29.2355 -18.4844 13.2842
v 29.3558 -18.4605 13.2842
v 29.4578 -18.3923 13.2842
v 29.5259 -18.2904 13.2842
v 29.7879 -17.9413 13.1397
v 29.8334 -18.1701 13.1397
v 29.6583 -17.7473 13.1397
v 29.4643 -17.6177 13.1397
v 29.2355 -17.5722 13.1397
v 29.0068 -17.6177 13.1397
v 28.8128 -17.7473 13.1397
v 28.6832 -17.9413 13.1397
v 28.6377 -18.1701 13.1397
v 28.6832 -18.3989 13.1397
v 28.8128 -18.5928 13.1397
v 29.0068 -18.7224 13.1397
v 29.2355 -18.7679 13.1397
v 29.4643 -18.7224 13.1397
v 29.6583 -18.5928 13.1397
v 29.7879 -18.3989 13.1397
v 29.9958 -17.8552 12.9147
v 30.0584 -18.1701 12.9147
v 29.8174 -17.5882 12.9147
v 29.5504 -17.4099 12.9147
v 29.2355 -17.3472 12.9147
v 28.9206 -17.4099 12.9147
v 28.6537 -17.5882 12.9147
v 28.4753 -17.8552 12.9147
v 28.4127 -18.1701 12.9147
v 28.4753 -18.4850 12.9147
v 28.6537 -18.7519 12.9147
v 28.9206 -18.9303 12.9147
v 29.2355 -18.9929 12.9147
v 29.5504 -18.9303 12.9147
v 29.8174 -18.7519 12.9147
v 29.9958 -18.4850 12.9147
v 30.1292 -17.7999 12.6312
v 30.2029 -18.1701 12.6312
v 29.9195 -17.4861 12.6312
v 29.6057 -17.2764 12.6312
v 29.2355 -17.2028 12.6312
v 28.8654 -17.2764 12.6312
v 28.5515 -17.4861 12.6312
v 28.3418 -17.7999 12.6312
v 28.2682 -18.1701 12.6312
v 28.3418 -18.5403 12.6312
v 28.5515 -18.8541 12.6312
v 28.8654 -19.0638 12.6312
v 29.2355 -19.1374 12.6312
v 29.6057 -19.0638 12.6312
v 29.9195 -18.8541 12.6312
v 30.1292 -18.5403 12.6312
v 30.1752 -17.7808 12.3169
v 30.2526 -18.1701 12.3169
v 29.9547 -17.4509 12.3169
v 29.6248 -17.2304 12.3169
v 29.2355 -17.1530 12.3169
v 28.8463 -17.2304 12.3169
v 28.5163 -17.4509 12.3169
v 28.2959 -17.7808 12.3169
v 28.2184 -18.1701 12.3169
v 28.2959 -18.5593 12.3169
v 28.5163 -18.8893 12.3169
v 28.8463 -19.1098 12.3169
v 29.2355 -19.1872 12.3169
v 29.6248 -19.1098 12.3169
v 29.9547 -18.8893 12.3169
v 30.1752 -18.5593 12.3169
v 30.1292 -17.7999 12.0026
v 30.2029 -18.1701 12.0026
v 29.9195 -17.4861 12.0026
v 29.6057 -17.2764 12.0026
v 29.2355 -17.2028 12.0026
v 28.8654 -17.2764 12.0026
v 28.5515 -17.4861 12.0026
v 28.3418 -17.7999 12.0026
v 28.2682 -18.1701 12.0026
v 28.3418 -18.5403 12.0026
v 28.5515 -18.8541 12.0026
v 28.8654 -19.0638 12.0026
v 29.2355 -19.1374 12.0026
v 29.6057 -19.0638 12.0026
v 29.9195 -18.8541 12.0026
v 30.1292 -18.5403 12.0026
v 29.9958 -17.8552 11.7191
v 30.0584 -18.1701 11.7191
v 29.8174 -17.5882 11.7191
v 29.5504 -17.4099 11.7191
v 29.2355 -17.3472 11.7191
v 28.9206 -17.4099 11.7191
v 28.6537 -17.5882 11.7191
v 28.4753 -17.8552 11.7191
v 28.4127 -18.1701 11.7191
v 28.4753 -18.4850 11.7191
v 28.6537 -18.7519 11.7191
v 28.9206 -18.9303 11.7191
v 29.2355 -18.9929 11.7191
v 29.5504 -18.9303 11.7191
v 29.8174 -18.7519 11.7191
v 29.9958 -18.4850 11.7191
v 29.7879 -17.9413 11.4940
v 29.8334 -18.1701 11.4940
v 29.6583 -17.7473 11.4940
v 29.4643 -17.6177 11.4940
v 29.2355 -17.5722 11.4940
v 29.0068 -17.6177 11.4940
v 28.8128 -17.7473 11.4940
v 28.6832 -17.9413 11.4940
v 28.6377 -18.1701 11.4940
v 28.6832 -18.3989 11.4940
v 28.8128 -18.5928 11.4940
v 29.0068 -18.7224 11.4940
v 29.2355 -18.7679 11.4940
v 29.4643 -18.7224 11.4940
v 29.6583 -18.5928 11.4940
v 29.7879 -18.3989 11.4940
v 29.5259 -18.0498 11.3496
v 29.5498 -18.1701 11.3496
v 29.4578 -17.9478 11.3496
v 29.3558 -17.8797 11.3496
v 29.2355 -17.8558 11.3496
v 29.1153 -17.8797 11.3496
v 29.0133 -17.9478 11.3496
v 28.9452 -18.0498 11.3496
v 28.9212 -18.1701 11.3496
v 28.9452 -18.2904 11.3496
v 29.0133 -18.3923 11.3496
v 29.1153 -18.4605 11.3496
v 29.2355 -18.4844 11.3496
v 29.3558 -18.4605 11.3496
v 29.4578 -18.3923 11.3496
v 29.5259 -18.2904 11.3496
v 29.2355 -18.1701 11.2998
v 26.8931 -12.3587 0.0000
v 26.8794 -12.2898 0.0000
v 26.8794 -12.2898 5.0880
v 26.8931 -12.3587 5.0880
v 26.8404 -12.2314 0.0000
v 26.8404 -12.2314 5.0880
v 26.7820 -12.1924 0.0000
v 26.7820 -12.1924 5.0880
v 26.7131 -12.1787 0.0000
v 26.7131 -12.1787 5.0880
v 26.6442 -12.1924 0.0000
v 26.6442 -12.1924 5.0880
v 26.5858 -12.2314 0.0000
v 26.5858 -12.2314 5.0880
v 26.5468 -12.2898 0.0000
v 26.5468 -12.2898 5.0880
v 26.5331 -12.3587 0.0000
v 26.5331 -12.3587 5.0880
v 26.5468 -12.4276 0.0000
v 26.5468 -12.4276 5.0880
v 26.5858 -12.4860 0.0000
v 26.5858 -12.4860 5.0880
v 26.6442 -12.5250 0.0000
v 26.6442 -12.5250 5.0880
v 26.7131 -12.5387 0.0000
v 26.7131 -12.5387 5.0880
v 26.7820 -12.5250 0.0000
v 26.7820 -12.5250 5.0880
v 26.8404 -12.4860 0.0000
v 26.8404 -12.4860 5.0880
v 26.8794 -12.4276 0.0000
v 26.8794 -12.4276 5.0880
v 26.7131 -12.3587 11.4230
v 27.8435 -11.8905 11.2292
v 27.9366 -12.3587 11.2292
v 27.5782 -11.4935 11.2292
v 27.1813 -11.2283 11.2292
v 26.7131 -11.1352 11.2292
v 26.2449 -11.2283 11.2292
v 25.8479 -11.4935 11.2292
v 25.5827 -11.8905 11.2292
v 25.4896 -12.3587 11.2292
v 25.5827 -12.8269 11.2292
v 25.8479 -13.2238 11.2292
v 26.2449 -13.4891 11.2292
v 26.7131 -13.5822 11.2292
v 27.1813 -13.4891 11.2292
v 27.5782 -13.2238 11.2292
v 27.8435 -12.8269 11.2292
v 28.8632 -11.4681 10.6668
v 29.0404 -12.3587 10.6668
v 28.3587 -10.7130 10.6668
v 27.6037 -10.2086 10.6668
v 26.7131 -10.0314 10.6668
v 25.8225 -10.2086 10.6668
v 25.0675 -10.7130 10.6668
v 24.5630 -11.4681 10.6668
v 24.3858 -12.3587 10.6668
v 24.5630 -13.2493 10.6668
v 25.0675 -14.0043 10.6668
v 25.8225 -14.5088 10.6668
v 26.7131 -14.6859 10.6668
v 27.6037 -14.5088 10.6668
v 28.3587 -14.0043 10.6668
v 28.8632 -13.2493 10.6668
v 29.6725 -11.1329 9.7909
v 29.9163 -12.3587 9.7909
v 28.9781 -10.0937 9.7909
v 27.9389 -9.3993 9.7909
v 26.7131 -9.1555 9.7909
v 25.4873 -9.3993 9.7909
v 24.4481 -10.0937 9.7909
v 23.7537 -11.1329 9.7909
v 23.5099 -12.3587 9.7909
v 23.7537 -13.5845 9.7909
v 24.4481 -14.6237 9.7909
v 25.4873 -15.3181 9.7909
v 26.7131 -15.5619 9.7909
v 27.9389 -15.3181 9.7909
v 28.9781 -14.6237 9.7909
v 29.6725 -13.5845 9.7909
v 30.1920 -10.9176 8.6871
v 30.4787 -12.3587 8.6871
v 29.3758 -9.6960 8.6871
v 28.1541 -8.8797 8.6871
v 26.7131 -8.5931 8.6871
v 25.2721 -8.8797 8.6871
v 24.0504 -9.6960 8.6871
v 23.2341 -10.9176 8.6871
v 22.9475 -12.3587 8.6871
v 23.2341 -13.7997 8.6871
v 24.0504 -15.0214 8.6871
v 25.2721 -15.8376 8.6871
v 26.7131 -16.1243 8.6871
v 28.1541 -15.8376 8.6871
v 29.3758 -15.0214 8.6871
v 30.1920 -13.7997 8.6871
v 30.3711 -10.8435 7.4636
v 30.6725 -12.3587 7.4636
v 29.5128 -9.5590 7.4636
v 28.2283 -8.7007 7.4636
v 26.7131 -8.3993 7.4636
v 25.1979 -8.7007 7.4636
v 23.9134 -9.5590 7.4636
v 23.0551 -10.8435 7.4636
v 22.7537 -12.3587 7.4636
v 23.0551 -13.8739 7.4636
v 23.9134 -15.1584 7.4636
v 25.1979 -16.0167 7.4636
v 26.7131 -16.3181 7.4636
v 28.2283 -16.0167 7.4636
v 29.5128 -15.1584 7.4636
v 30.3711 -13.8739 7.4636
v 30.1920 -10.9176 6.2401
v 30.4787 -12.3587 6.2401
v 29.3758 -9.6960 6.2401
v 28.1541 -8.8797 6.2401
v 26.7131 -8.5931 6.2401
v 25.2721 -8.8797 6.2401
v 24.0504 -9.6960 6.2401
v 23.2341 -10.9176 6.2401
v 22.9475 -12.3587 6.2401
v 23.2341 -13.7997 6.2401
v 24.0504 -15.0214 6.2401
v 25.2721 -15.8376 6.2401
v 26.7131 -16.1243 6.2401
v 28.1541 -15.8376 6.2401
v 29.3758 -15.0214 6.2401
v 30.1920 -13.7997 6.2401
v 29.6725 -11.1329 5.1363
v 29.9163 -12.3587 5.1363
v 28.9781 -10.0937 5.1363
v 27.9389 -9.3993 5.1363
v 26.7131 -9.1555 5.1363
v 25.4873 -9.3993 5.1363
v 24.4481 -10.0937 5.1363
v 23.7537 -11.1329 5.1363
v 23.5099 -12.3587 5.1363
v 23.7537 -13.5845 5.1363
v 24.4481 -14.6237 5.1363
v 25.4873 -15.3181 5.1363
v 26.7131 -15.5619 5.1363
v 27.9389 -15.3181 5.1363
v 28.9781 -14.6237 5.1363
v 29.6725 -13.5845 5.1363
v 28.8632 -11.4681 4.2604
v 29.0404 -12.3587 4.2604
v 28.3587 -10.7130 4.2604
v 27.6037 -10.2086 4.2604
v 26.7131 -10.0314 4.2604
v 25.8225 -10.2086 4.2604
v 25.0675 -10.7130 4.2604
v 24.5630 -11.4681 4.2604
v 24.3858 -12.3587 4.2604
v 24.5630 -13.2493 4.2604
v 25.0675 -14.0043 4.2604
v 25.8225 -14.5088 4.2604
v 26.7131 -14.6859 4.2604
v 27.6037 -14.5088 4.2604
v 28.3587 -14.0043 4.2604
v 28.8632 -13.2493 4.2604
v 27.8435 -11.8905 3.6980
v 27.9366 -12.3587 3.6980
v 27.5782 -11.4935 3.6980
v 27.1813 -11.2283 3.6980
v 26.7131 -11.1352 3.6980
v 26.2449 -11.2283 3.6980
v 25.8479 -11.4935 3.6980
v 25.5827 -11.8905 3.6980
v 25.4896 -12.3587 3.6980
v 25.5827 -12.8269 3.6980
v 25.8479 -13.2238 3.6980
v 26.2449 -13.4891 3.6980
v 26.7131 -13.5822 3.6980
v 27.1813 -13.4891 3.6980
v 27.5782 -13.2238 3.6980
v 27.8435 -12.8269 3.6980
v 26.7131 -12.3587 3.5042
v -10.4970 5.0961 0.0000
v -10.5107 5.1650 0.0000
v -10.5107 5.1650 3.4886
v -10.4970 5.0961 3.4886
v -10.5497 5.2234 0.0000
v -10.5497 5.2234 3.4886
v -10.6081 5.2624 0.0000
v -10.6081 5.2624 3.4886
v -10.6770 5.2761 0.0000
v -10.6770 5.2761 3.4886
v -10.7459 5.2624 0.0000
v -10.7459 5.2624 3.4886
v -10.8043 5.2234 0.0000
v -10.8043 5.2234 3.4886
v -10.8433 5.1650 0.0000
v -10.8433 5.1650 3.4886
v -10.8570 5.0961 0.0000
v -10.8570 5.0961 3.4886
v -10.8433 5.0273 0.0000
v -10.8433 5.0273 3.4886
v -10.8043 4.9689 0.0000
v -10.8043 4.9689 3.4886
v -10.7459 4.9298 0.0000
v -10.7459 4.9298 3.4886
v -10.6770 4.9161 0.0000
v -10.6770 4.9161 3.4886
v -10.6081 4.9298 0.0000
v -10.6081 4.9298 3.4886
v -10.5497 4.9689 0.0000
v -10.5497 4.9689 3.4886
v -10.5107 5.0273 0.0000
v -10.5107 5.0273 3.4886
v -10.6770 5.0961 8.0470
v -9.8636 5.4330 7.9076
v -9.7966 5.0961 7.9076
v -10.0544 5.7187 7.9076
v -10.3401 5.9095 7.9076
v -10.6770 5.9765 7.9076
v -11.0139 5.9095 7.9076
v -11.2995 5.7187 7.9076
v -11.4904 5.4330 7.9076
v -11.5574 5.0961 7.9076
v -11.4904 4.7592 7.9076
v -11.2995 4.4736 7.9076
v -11.0139 4.2828 7.9076
v -10.6770 4.2157 7.9076
v -10.3401 4.2828 7.9076
v -10.0544 4.4736 7.9076
v -9.8636 4.7592 7.9076
v -9.1298 5.7370 7.5029
v -9.0024 5.0961 7.5029
v -9.4929 6.2803 7.5029
v -10.0361 6.6433 7.5029
v -10.6770 6.7707 7.5029
v -11.3178 6.6433 7.5029
v -11.8611 6.2803 7.5029
v -12.2241 5.7370 7.5029
v -12.3516 5.0961 7.5029
v -12.2241 4.4553 7.5029
v -11.8611 3.9120 7.5029
v -11.3178 3.5490 7.5029
v -10.6770 3.4215 7.5029
v -10.0361 3.5490 7.5029
v -9.4929 3.9120 7.5029
v -9.1298 4.4553 7.5029
v -8.5475 5.9782 6.8726
v -8.3721 5.0961 6.8726
v -9.0472 6.7260 6.8726
v -9.7949 7.2256 6.8726
v -10.6770 7.4010 6.8726
v -11.5590 7.2256 6.8726
v -12.3068 6.7260 6.8726
v -12.8064 5.9782 6.8726
v -12.9819 5.0961 6.8726
v -12.8064 4.2141 6.8726
v -12.3068 3.4663 6.8726
v -11.5590 2.9667 6.8726
v -10.6770 2.7912 6.8726
v -9.7949 2.9667 6.8726
v -9.0472 3.4663 6.8726
v -8.5475 4.2141 6.8726
v -8.1737 6.1330 6.0784
v -7.9674 5.0961 6.0784
v -8.7610 7.0121 6.0784
v -9.6401 7.5995 6.0784
v -10.6770 7.8057 6.0784
v -11.7139 7.5995 6.0784
v -12.5929 7.0121 6.0784
v -13.1803 6.1330 6.0784
v -13.3866 5.0961 6.0784
v -13.1803 4.0592 6.0784
v -12.5929 3.1802 6.0784
v -11.7139 2.5928 6.0784
v -10.6770 2.3866 6.0784
v -9.6401 2.5928 6.0784
v -8.7610 3.1802 6.0784
v -8.1737 4.0592 6.0784
v -8.0448 6.1864 5.1980
v -7.8280 5.0961 5.1980
v -8.6624 7.1107 5.1980
v -9.5867 7.7283 5.1980
v -10.6770 7.9452 5.1980
v -11.7673 7.7283 5.1980
v -12.6915 7.1107 5.1980
v -13.3091 6.1864 5.1980
v -13.5260 5.0961 5.1980
v -13.3091 4.0059 5.1980
v -12.6915 3.0816 5.1980
v -11.7673 2.4640 5.1980
v -10.6770 2.2471 5.1980
v -9.5867 2.4640 5.1980
v -8.6624 3.0816 5.1980
v -8.0448 4.0059 5.1980
v -8.1737 6.1330 4.3176
v -7.9674 5.0961 4.3176
v -8.7610 7.0121 4.3176
v -9.6401 7.5995 4.3176
v -10.6770 7.8057 4.3176
v -11.7139 7.5995 4.3176
v -12.5929 7.0121 4.3176
v -13.1803 6.1330 4.3176
v -13.3866 5.0961 4.3176
v -13.1803 4.0592 4.3176
v -12.5929 3.1802 4.3176
v -11.7139 2.5928 4.3176
v -10.6770 2.3866 4.3176
v -9.6401 2.5928 4.3176
v -8.7610 3.1802 4.3176
v -8.1737 4.0592 4.3176
v -8.5475 5.9782 3.5234
v -8.3721 5.0961 3.5234
v -9.0472 6.7260 3.5234
v -9.7949 7.2256 3.5234
v -10.6770 7.4010 3.5234
v -11.5590 7.2256 3.5234
v -12.3068 6.7260 3.5234
v -12.8064 5.9782 3.5234
v -12.9819 5.0961 3.5234
v -12.8064 4.2141 3.5234
v -12.3068 3.4663 3.5234
v -11.5590 2.9667 3.5234
v -10.6770 2.7912 3.5234
v -9.7949 2.9667 3.5234
v -9.0472 3.4663 3.5234
v -8.5475 4.2141 3.5234
v -9.1298 5.7370 2.8931
v -9.0024 5.0961 2.8931
v -9.4929 6.2803 2.8931
v -10.0361 6.6433 2.8931
v -10.6770 6.7707 2.8931
v -11.3178 6.6433 2.8931
v -11.8611 6.2803 2.8931
v -12.2241 5.7370 2.8931
v -12.3516 5.0961 2.8931
v -12.2241 4.4553 2.8931
v -11.8611 3.9120 2.8931
v -11.3178 3.5490 2.8931
v -10.6770 3.4215 2.8931
v -10.0361 3.5490 2.8931
v -9.4929 3.9120 2.8931
v -9.1298 4.4553 2.8931
v -9.8636 5.4330 2.4884
v -9.7966 5.0961 2.4884
v -10.0544 5.7187 2.4884
v -10.3401 5.9095 2.4884
v -10.6770 5.9765 2.4884
v -11.0139 5.9095 2.4884
v -11.2995 5.7187 2.4884
v -11.4904 5.4330 2.4884
v -11.5574 5.0961 2.4884
v -11.4904 4.7592 2.4884
v -11.2995 4.4736 2.4884
v -11.0139 4.2828 2.4884
v -10.6770 4.2157 2.4884
v -10.3401 4.2828 2.4884
v -10.0544 4.4736 2.4884
v -9.8636 4.7592 2.4884
v -10.6770 5.0961 2.3490
v -28.3826 -3.3177 0.0000
v -28.3963 -3.2488 0.0000
v -28.3963 -3.2488 3.2456
v -28.3826 -3.3177 3.2456
v -28.4353 -3.1905 0.0000
v -28.4353 -3.1905 3.2456
v -28.4937 -3.1514 0.0000
v -28.4937 -3.1514 3.2456
v -28.5626 -3.1377 0.0000
v -28.5626 -3.1377 3.2456
v -28.6315 -3.1514 0.0000
v -28.6315 -3.1514 3.2456
v -28.6899 -3.1905 0.0000
v -28.6899 -3.1905 3.2456
v -28.7289 -3.2488 0.0000
v -28.7289 -3.2488 3.2456
v -28.7426 -3.3177 0.0000
v -28.7426 -3.3177 3.2456
v -28.7289 -3.3866 0.0000
v -28.7289 -3.3866 3.2456
v -28.6899 -3.4450 0.0000
v -28.6899 -3.4450 3.2456
v -28.6315 -3.4840 0.0000
v -28.6315 -3.4840 3.2456
v -28.5626 -3.4977 0.0000
v -28.5626 -3.4977 3.2456
v -28.4937 -3.4840 0.0000
v -28.4937 -3.4840 3.2456
v -28.4353 -3.4450 0.0000
v -28.4353 -3.4450 3.2456
v -28.3963 -3.3866 0.0000
v -28.3963 -3.3866 3.2456
v -28.5626 -3.3177 9.7080
v -27.4095 -2.8401 9.5103
v -27.3145 -3.3177 9.5103
v -27.6800 -2.4352 9.5103
v -28.0850 -2.1646 9.5103
v -28.5626 -2.0696 9.5103
v -29.0402 -2.1646 9.5103
v -29.4451 -2.4352 9.5103
v -29.7157 -2.8401 9.5103
v -29.8107 -3.3177 9.5103
v -29.7157 -3.7954 9.5103
v -29.4451 -4.2003 9.5103
v -29.0402 -4.4708 9.5103
v -28.5626 -4.5658 9.5103
v -28.0850 -4.4708 9.5103
v -27.6800 -4.2003 9.5103
v -27.4095 -3.7954 9.5103
v -26.3692 -2.4092 8.9366
v -26.1885 -3.3177 8.9366
v -26.8839 -1.6390 8.9366
v -27.6541 -1.1244 8.9366
v -28.5626 -0.9437 8.9366
v -29.4711 -1.1244 8.9366
v -30.2413 -1.6390 8.9366
v -30.7559 -2.4092 8.9366
v -30.9366 -3.3177 8.9366
v -30.7559 -4.2262 8.9366
v -30.2413 -4.9964 8.9366
v -29.4711 -5.5111 8.9366
v -28.5626 -5.6918 8.9366
v -27.6541 -5.5111 8.9366
v -26.8839 -4.9964 8.9366
v -26.3692 -4.2262 8.9366
v -25.5437 -2.0673 8.0431
v -25.2950 -3.3177 8.0431
v -26.2520 -1.0072 8.0431
v -27.3121 -0.2989 8.0431
v -28.5626 -0.0501 8.0431
v -29.8130 -0.2989 8.0431
v -30.8731 -1.0072 8.0431
v -31.5815 -2.0673 8.0431
v -31.8302 -3.3177 8.0431
v -31.5815 -4.5682 8.0431
v -30.8731 -5.6283 8.0431
v -29.8130 -6.3366 8.0431
v -28.5626 -6.5853 8.0431
v -27.3121 -6.3366 8.0431
v -26.2520 -5.6283 8.0431
v -25.5437 -4.5682 8.0431
v -25.0137 -1.8477 6.9171
v -24.7213 -3.3177 6.9171
v -25.8464 -0.6015 6.9171
v -27.0926 0.2312 6.9171
v -28.5626 0.5236 6.9171
v -30.0326 0.2312 6.9171
v -31.2788 -0.6015 6.9171
v -32.1115 -1.8477 6.9171
v -32.4039 -3.3177 6.9171
v -32.1115 -4.7877 6.9171
v -31.2788 -6.0339 6.9171
v -30.0326 -6.8666 6.9171
v -28.5626 -7.1590 6.9171
v -27.0926 -6.8666 6.9171
v -25.8464 -6.0339 6.9171
v -25.0137 -4.7877 6.9171
v -24.8311 -1.7721 5.6690
v -24.5236 -3.3177 5.6690
v -25.7066 -0.4617 5.6690
v -27.0169 0.4138 5.6690
v -28.5626 0.7213 5.6690
v -30.1082 0.4138 5.6690
v -31.4186 -0.4617 5.6690
v -32.2941 -1.7721 5.6690
v -32.6016 -3.3177 5.6690
v -32.2941 -4.8634 5.6690
v -31.4186 -6.1737 5.6690
v -30.1082 -7.0493 5.6690
v -28.5626 -7.3567 5.6690
v -27.0169 -7.0493 5.6690
v -25.7066 -6.1737 5.6690
v -24.8311 -4.8634 5.6690
v -25.0137 -1.8477 4.4209
v -24.7213 -3.3177 4.4209
v -25.8464 -0.6015 4.4209
v -27.0926 0.2312 4.4209
v -28.5626 0.5236 4.4209
v -30.0326 0.2312 4.4209
v -31.2788 -0.6015 4.4209
v -32.1115 -1.8477 4.4209
v -32.4039 -3.3177 4.4209
v -32.1115 -4.7877 4.4209
v -31.2788 -6.0339 4.4209
v -30.0326 -6.8666 4.4209
v -28.5626 -7.1590 4.4209
v -27.0926 -6.8666 4.4209
v -25.8464 -6.0339 4.4209
v -25.0137 -4.7877 4.4209
v -25.5437 -2.0673 3.2950
v -25.2950 -3.3177 3.2950
v -26.2520 -1.0072 3.2950
v -27.3121 -0.2989 3.2950
v -28.5626 -0.0501 3.2950
v -29.8130 -0.2989 3.2950
v -30.8731 -1.0072 3.2950
v -31.5815 -2.0673 3.2950
v -31.8302 -3.3177 3.2950
v -31.5815 -4.5682 3.2950
v -30.8731 -5.6283 3.2950
v -29.8130 -6.3366 3.2950
v -28.5626 -6.5853 3.2950
v -27.3121 -6.3366 3.2950
v -26.2520 -5.6283 3.2950
v -25.5437 -4.5682 3.2950
v -26.3692 -2.4092 2.4014
v -26.1885 -3.3177 2.4014
v -26.8839 -1.6390 2.4014
v -27.6541 -1.1244 2.4014
v -28.5626 -0.9437 2.4014
v -29.4711 -1.1244 2.4014
v -30.2413 -1.6390 2.4014
v -30.7559 -2.4092 2.4014
v -30.9366 -3.3177 2.4014
v -30.7559 -4.2262 2.4014
v -30.2413 -4.9964 2.4014
v -29.4711 -5.5111 2.4014
v -28.5626 -5.6918 2.4014
v -27.6541 -5.5111 2.4014
v -26.8839 -4.9964 2.4014
v -26.3692 -4.2262 2.4014
v -27.4095 -2.8401 1.8277
v -27.3145 -3.3177 1.8277
v -27.6800 -2.4352 1.8277
v -28.0850 -2.1646 1.8277
v -28.5626 -2.0696 1.8277
v -29.0402 -2.1646 1.8277
v -29.4451 -2.4352 1.8277
v -29.7157 -2.8401 1.8277
v -29.8107 -3.3177 1.8277
v -29.7157 -3.7954 1.8277
v -29.4451 -4.2003 1.8277
v -29.0402 -4.4708 1.8277
v -28.5626 -4.5658 1.8277
v -28.0850 -4.4708 1.8277
v -27.6800 -4.2003 1.8277
v -27.4095 -3.7954 1.8277
v -28.5626 -3.3177 1.6300
v 43.0629 5.9026 0.0000
v 43.0629 16.1980 0.0000
v 43.0629 16.1980 10.9340
v 43.0629 5.9026 10.9340
v 32.7674 16.1980 0.0000
v 32.7674 16.1980 10.9340
v 32.7674 5.9026 0.0000
v 32.7674 5.9026 10.9340
v 43.7547 1.7275 0.0000
v 43.7547 6.3456 0.0000
v 43.7547 6.3456 11.0010
v 43.7547 1.7275 11.0010
v 39.1366 6.3456 0.0000
v 39.1366 6.3456 11.0010
v 39.1366 1.7275 0.0000
v 39.1366 1.7275 11.0010
v -6.0927 -30.1909 0.0000
v -6.1064 -30.1220 0.0000
v -6.1064 -30.1220 4.7732
v -6.0927 -30.1909 4.7732
v -6.1454 -30.0636 0.0000
v -6.1454 -30.0636 4.7732
v -6.2038 -30.0246 0.0000
v -6.2038 -30.0246 4.7732
v -6.2727 -30.0109 0.0000
v -6.2727 -30.0109 4.7732
v -6.3416 -30.0246 0.0000
v -6.3416 -30.0246 4.7732
v -6.4000 -30.0636 0.0000
v -6.4000 -30.0636 4.7732
v -6.4390 -30.1220 0.0000
v -6.4390 -30.1220 4.7732
v -6.4527 -30.1909 0.0000
v -6.4527 -30.1909 4.7732
v -6.4390 -30.2598 0.0000
v -6.4390 -30.2598 4.7732
v -6.4000 -30.3182 0.0000
v -6.4000 -30.3182 4.7732
v -6.3416 -30.3572 0.0000
v -6.3416 -30.3572 4.7732
v -6.2727 -30.3709 0.0000
v -6.2727 -30.3709 4.7732
v -6.2038 -30.3572 0.0000
v -6.2038 -30.3572 4.7732
v -6.1454 -30.3182 0.0000
v -6.1454 -30.3182 4.7732
v -6.1064 -30.2598 0.0000
v -6.1064 -30.2598 4.7732
v -6.2727 -30.1909 9.4420
v -5.4397 -29.8459 9.2992
v -5.3710 -30.1909 9.2992
v -5.6351 -29.5533 9.2992
v -5.9277 -29.3578 9.2992
v -6.2727 -29.2892 9.2992
v -6.6178 -29.3578 9.2992
v -6.9103 -29.5533 9.2992
v -7.1058 -29.8459 9.2992
v -7.1744 -30.1909 9.2992
v -7.1058 -30.5360 9.2992
v -6.9103 -30.8285 9.2992
v -6.6178 -31.0240 9.2992
v -6.2727 -31.0926 9.2992
v -5.9277 -31.0240 9.2992
v -5.6351 -30.8285 9.2992
v -5.4397 -30.5360 9.2992
v -4.6881 -29.5346 8.8847
v -4.5576 -30.1909 8.8847
v -5.0599 -28.9781 8.8847
v -5.6164 -28.6063 8.8847
v -6.2727 -28.4758 8.8847
v -6.9291 -28.6063 8.8847
v -7.4855 -28.9781 8.8847
v -7.8573 -29.5346 8.8847
v -7.9879 -30.1909 8.8847
v -7.8573 -30.8473 8.8847
v -7.4855 -31.4037 8.8847
v -6.9291 -31.7755 8.8847
v -6.2727 -31.9061 8.8847
v -5.6164 -31.7755 8.8847
v -5.0599 -31.4037 8.8847
v -4.6881 -30.8473 8.8847
v -4.0917 -29.2875 8.2392
v -3.9120 -30.1909 8.2392
v -4.6034 -28.5216 8.2392
v -5.3693 -28.0099 8.2392
v -6.2727 -27.8302 8.2392
v -7.1761 -28.0099 8.2392
v -7.9420 -28.5216 8.2392
v -8.4538 -29.2875 8.2392
v -8.6334 -30.1909 8.2392
v -8.4538 -31.0943 8.2392
v -7.9420 -31.8602 8.2392
v -7.1761 -32.3719 8.2392
v -6.2727 -32.5516 8.2392
v -5.3693 -32.3719 8.2392
v -4.6034 -31.8602 8.2392
v -4.0917 -31.0943 8.2392
v -3.7088 -29.1289 7.4257
v -3.4975 -30.1909 7.4257
v -4.3104 -28.2286 7.4257
v -5.2107 -27.6270 7.4257
v -6.2727 -27.4157 7.4257
v -7.3347 -27.6270 7.4257
v -8.2351 -28.2286 7.4257
v -8.8367 -29.1289 7.4257
v -9.0479 -30.1909 7.4257
v -8.8367 -31.2529 7.4257
v -8.2351 -32.1533 7.4257
v -7.3347 -32.7549 7.4257
v -6.2727 -32.9661 7.4257
v -5.2107 -32.7549 7.4257
v -4.3104 -32.1533 7.4257
v -3.7088 -31.2529 7.4257
v -3.5768 -29.0743 6.5240
v -3.3547 -30.1909 6.5240
v -4.2094 -28.1276 6.5240
v -5.1561 -27.4950 6.5240
v -6.2727 -27.2729 6.5240
v -7.3894 -27.4950 6.5240
v -8.3361 -28.1276 6.5240
v -8.9686 -29.0743 6.5240
v -9.1907 -30.1909 6.5240
v -8.9686 -31.3076 6.5240
v -8.3361 -32.2543 6.5240
v -7.3894 -32.8868 6.5240
v -6.2727 -33.1089 6.5240
v -5.1561 -32.8868 6.5240
v -4.2094 -32.2543 6.5240
v -3.5768 -31.3076 6.5240
v -3.7088 -29.1289 5.6223
v -3.4975 -30.1909 5.6223
v -4.3104 -28.2286 5.6223
v -5.2107 -27.6270 5.6223
v -6.2727 -27.4157 5.6223
v -7.3347 -27.6270 5.6223
v -8.2351 -28.2286 5.6223
v -8.8367 -29.1289 5.6223
v -9.0479 -30.1909 5.6223
v -8.8367 -31.2529 5.6223
v -8.2351 -32.1533 5.6223
v -7.3347 -32.7549 5.6223
v -6.2727 -32.9661 5.6223
v -5.2107 -32.7549 5.6223
v -4.3104 -32.1533 5.6223
v -3.7088 -31.2529 5.6223
v -4.0917 -29.2875 4.8088
v -3.9120 -30.1909 4.8088
v -4.6034 -28.5216 4.8088
v -5.3693 -28.0099 4.8088
v -6.2727 -27.8302 4.8088
v -7.1761 -28.0099 4.8088
v -7.9420 -28.5216 4.8088
v -8.4538 -29.2875 4.8088
v -8.6334 -30.1909 4.8088
v -8.4538 -31.0943 4.8088
v -7.9420 -31.8602 4.8088
v -7.1761 -32.3719 4.8088
v -6.2727 -32.5516 4.8088
v -5.3693 -32.3719 4.8088
v -4.6034 -31.8602 4.8088
v -4.0917 -31.0943 4.8088
v -4.6881 -29.5346 4.1633
v -4.5576 -30.1909 4.1633
v -5.0599 -28.9781 4.1633
v -5.6164 -28.6063 4.1633
v -6.2727 -28.4758 4.1633
v -6.9291 -28.6063 4.1633
v -7.4855 -28.9781 4.1633
v -7.8573 -29.5346 4.1633
v -7.9879 -30.1909 4.1633
v -7.8573 -30.8473 4.1633
v -7.4855 -31.4037 4.1633
v -6.9291 -31.7755 4.1633
v -6.2727 -31.9061 4.1633
v -5.6164 -31.7755 4.1633
v -5.0599 -31.4037 4.1633
v -4.6881 -30.8473 4.1633
v -5.4397 -29.8459 3.7488
v -5.3710 -30.1909 3.7488
v -5.6351 -29.5533 3.7488
v -5.9277 -29.3578 3.7488
v -6.2727 -29.2892 3.7488
v -6.6178 -29.3578 3.7488
v -6.9103 -29.5533 3.7488
v -7.1058 -29.8459 3.7488
v -7.1744 -30.1909 3.7488
v -7.1058 -30.5360 3.7488
v -6.9103 -30.8285 3.7488
v -6.6178 -31.0240 3.7488
v -6.2727 -31.0926 3.7488
v -5.9277 -31.0240 3.7488
v -5.6351 -30.8285 3.7488
v -5.4397 -30.5360 3.7488
v -6.2727 -30.1909 3.6060
g HREBENACE
f 1968 1969 1970
f 1968 1970 1971
f 1969 1972 1973
f 1969 1973 1970
f 1972 1974 1975
f 1972 1975 1973
f 1974 1976 1977
f 1974 1977 1975
f 1976 1978 1979
f 1976 1979 1977
f 1978 1980 1981
f 1978 1981 1979
f 1980 1982 1983
f 1980 1983 1981
f 1982 1984 1985
f 1982 1985 1983
f 1971 1970 1986
f 1971 1986 1987
f 1970 1973 1988
f 1970 1988 1986
f 1973 1975 1989
f 1973 1989 1988
f 1975 1977 1990
f 1975 1990 1989
f 1977 1979 1991
f 1977 1991 1990
f 1979 1981 1992
f 1979 1992 1991
f 1981 1983 1993
f 1981 1993 1992
f 1983 1985 1994
f 1983 1994 1993
f 1987 1986 1995
f 1987 1995 1996
f 1986 1988 1997
f 1986 1997 1995
f 1988 1989 1998
f 1988 1998 1997
f 1989 1990 1999
f 1989 1999 1998
f 1990 1991 2000
f 1990 2000 1999
f 1991 1992 2001
f 1991 2001 2000
f 1992 1993 2002
f 1992 2002 2001
f 1993 1994 2003
f 1993 2003 2002
f 1996 1995 2004
f 1996 2004 2005
f 1995 1997 2006
f 1995 2006 2004
f 1997 1998 2007
f 1997 2007 2006
f 1998 1999 2008
f 1998 2008 2007
f 1999 2000 2009
f 1999 2009 2008
f 2000 2001 2010
f 2000 2010 2009
f 2001 2002 2011
f 2001 2011 2010
f 2002 2003 2012
f 2002 2012 2011
f 2005 2004 2013
f 2005 2013 2014
f 2004 2006 2015
f 2004 2015 2013
f 2006 2007 2016
f 2006 2016 2015
f 2007 2008 2017
f 2007 2017 2016
f 2008 2009 2018
f 2008 2018 2017
f 2009 2010 2019
f 2009 2019 2018
f 2010 2011 2020
f 2010 2020 2019
f 2011 2012 2021
f 2011 2021 2020
f 2014 2013 2022
f 2014 2022 2023
f 2013 2015 2024
f 2013 2024 2022
f 2015 2016 2025
f 2015 2025 2024
f 2016 2017 2026
f 2016 2026 2025
f 2017 2018 2027
f 2017 2027 2026
f 2018 2019 2028
f 2018 2028 2027
f 2019 2020 2029
f 2019 2029 2028
f 2020 2021 2030
f 2020 2030 2029
f 2031 2032 2033
f 2031 2033 2034
f 2032 2035 2036
f 2032 2036 2033
f 2035 2037 2038
f 2035 2038 2036
f 2037 2039 2040
f 2037 2040 2038
f 2039 2041 2042
f 2039 2042 2040
f 2041 2043 2044
f 2041 2044 2042
f 2043 2045 2046
f 2043 2046 2044
f 2045 2047 2048
f 2045 2048 2046
f 2034 2033 2049
f 2034 2049 2050
f 2033 2036 2051
f 2033 2051 2049
f 2036 2038 2052
f 2036 2052 2051
f 2038 2040 2053
f 2038 2053 2052
f 2040 2042 2054
f 2040 2054 2053
f 2042 2044 2055
f 2042 2055 2054
f 2044 2046 2056
f 2044 2056 2055
f 2046 2048 2057
f 2046 2057 2056
f 2050 2049 2058
f 2050 2058 2059
f 2049 2051 2060
f 2049 2060 2058
f 2051 2052 2061
f 2051 2061 2060
f 2052 2053 2062
f 2052 2062 2061
f 2053 2054 2063
f 2053 2063 2062
f 2054 2055 2064
f 2054 2064 2063
f 2055 2056 2065
f 2055 2065 2064
f 2056 2057 2066
f 2056 2066 2065
f 2059 2058 2067
f 2059 2067 2068
f 2058 2060 2069
f 2058 2069 2067
f 2060 2061 2070
f 2060 2070 2069
f 2061 2062 2071
f 2061 2071 2070
f 2062 2063 2072
f 2062 2072 2071
f 2063 2064 2073
f 2063 2073 2072
f 2064 2065 2074
f 2064 2074 2073
f 2065 2066 2075
f 2065 2075 2074
f 2068 2067 2076
f 2068 2076 2077
f 2067 2069 2078
f 2067 2078 2076
f 2069 2070 2079
f 2069 2079 2078
f 2070 2071 2080
f 2070 2080 2079
f 2071 2072 2081
f 2071 2081 2080
f 2072 2073 2082
f 2072 2082 2081
f 2073 2074 2083
f 2073 2083 2082
f 2074 2075 2084
f 2074 2084 2083
f 2077 2076 2085
f 2077 2085 2086
f 2076 2078 2087
f 2076 2087 2085
f 2078 2079 2088
f 2078 2088 2087
f 2079 2080 2089
f 2079 2089 2088
f 2080 2081 2090
f 2080 2090 2089
f 2081 2082 2091
f 2081 2091 2090
f 2082 2083 2092
f 2082 2092 2091
f 2083 2084 2093
f 2083 2093 2092
f 2086 2085 2094
f 2086 2094 2095
f 2085 2087 2096
f 2085 2096 2094
f 2087 2088 2097
f 2087 2097 2096
f 2088 2089 2098
f 2088 2098 2097
f 2089 2090 2099
f 2089 2099 2098
f 2090 2091 2100
f 2090 2100 2099
f 2091 2092 2101
f 2091 2101 2100
f 2092 2093 2102
f 2092 2102 2101
f 2095 2094 2103
f 2095 2103 2104
f 2094 2096 2105
f 2094 2105 2103
f 2096 2097 2106
f 2096 2106 2105
f 2097 2098 2107
f 2097 2107 2106
f 2098 2099 2108
f 2098 2108 2107
f 2099 2100 2109
f 2099 2109 2108
f 2100 2101 2110
f 2100 2110 2109
f 2101 2102 2111
f 2101 2111 2110
f 2104 2103 2112
f 2104 2112 2113
f 2103 2105 2114
f 2103 2114 2112
f 2105 2106 2115
f 2105 2115 2114
f 2106 2107 2116
f 2106 2116 2115
f 2107 2108 2117
f 2107 2117 2116
f 2108 2109 2118
f 2108 2118 2117
f 2109 2110 2119
f 2109 2119 2118
f 2110 2111 2120
f 2110 2120 2119
f 2113 2112 2121
f 2113 2121 2122
f 2112 2114 2123
f 2112 2123 2121
f 2114 2115 2124
f 2114 2124 2123
f 2115 2116 2125
f 2115 2125 2124
f 2116 2117 2126
f 2116 2126 2125
f 2117 2118 2127
f 2117 2127 2126
f 2118 2119 2128
f 2118 2128 2127
f 2119 2120 2129
f 2119 2129 2128
f 2122 2121 2130
f 2122 2130 2131
f 2121 2123 2132
f 2121 2132 2130
f 2123 2124 2133
f 2123 2133 2132
f 2124 2125 2134
f 2124 2134 2133
f 2125 2126 2135
f 2125 2135 2134
f 2126 2127 2136
f 2126 2136 2135
f 2127 2128 2137
f 2127 2137 2136
f 2128 2129 2138
f 2128 2138 2137
f 2131 2130 2139
f 2131 2139 2140
f 2130 2132 2141
f 2130 2141 2139
f 2132 2133 2142
f 2132 2142 2141
f 2133 2134 2143
f 2133 2143 2142
f 2134 2135 2144
f 2134 2144 2143
f 2135 2136 2145
f 2135 2145 2144
f 2136 2137 2146
f 2136 2146 2145
f 2137 2138 2147
f 2137 2147 2146
f 2140 2139 2148
f 2140 2148 2149
f 2139 2141 2150
f 2139 2150 2148
f 2141 2142 2151
f 2141 2151 2150
f 2142 2143 2152
f 2142 2152 2151
f 2143 2144 2153
f 2143 2153 2152
f 2144 2145 2154
f 2144 2154 2153
f 2145 2146 2155
f 2145 2155 2154
f 2146 2147 2156
f 2146 2156 2155
f 2149 2148 2157
f 2149 2157 2158
f 2148 2150 2159
f 2148 2159 2157
f 2150 2151 2160
f 2150 2160 2159
f 2151 2152 2161
f 2151 2161 2160
f 2152 2153 2162
f 2152 2162 2161
f 2153 2154 2163
f 2153 2163 2162
f 2154 2155 2164
f 2154 2164 2163
f 2155 2156 2165
f 2155 2165 2164
f 2158 2157 2166
f 2158 2166 2167
f 2157 2159 2168
f 2157 2168 2166
f 2159 2160 2169
f 2159 2169 2168
f 2160 2161 2170
f 2160 2170 2169
f 2161 2162 2171
f 2161 2171 2170
f 2162 2163 2172
f 2162 2172 2171
f 2163 2164 2173
f 2163 2173 2172
f 2164 2165 2174
f 2164 2174 2173
f 2167 2166 2175
f 2167 2175 2176
f 2166 2168 2177
f 2166 2177 2175
f 2168 2169 2178
f 2168 2178 2177
f 2169 2170 2179
f 2169 2179 2178
f 2170 2171 2180
f 2170 2180 2179
f 2171 2172 2181
f 2171 2181 2180
f 2172 2173 2182
f 2172 2182 2181
f 2173 2174 2183
f 2173 2183 2182
f 2176 2175 2184
f 2176 2184 2185
f 2175 2177 2186
f 2175 2186 2184
f 2177 2178 2187
f 2177 2187 2186
f 2178 2179 2188
f 2178 2188 2187
f 2179 2180 2189
f 2179 2189 2188
f 2180 2181 2190
f 2180 2190 2189
f 2181 2182 2191
f 2181 2191 2190
f 2182 2183 2192
f 2182 2192 2191
f 2185 2184 2193
f 2185 2193 2194
f 2184 2186 2195
f 2184 2195 2193
f 2186 2187 2196
f 2186 2196 2195
f 2187 2188 2197
f 2187 2197 2196
f 2188 2189 2198
f 2188 2198 2197
f 2189 2190 2199
f 2189 2199 2198
f 2190 2191 2200
f 2190 2200 2199
f 2191 2192 2201
f 2191 2201 2200
f 2194 2193 2202
f 2194 2202 2203
f 2193 2195 2204
f 2193 2204 2202
f 2195 2196 2205
f 2195 2205 2204
f 2196 2197 2206
f 2196 2206 2205
f 2197 2198 2207
f 2197 2207 2206
f 2198 2199 2208
f 2198 2208 2207
f 2199 2200 2209
f 2199 2209 2208
f 2200 2201 2210
f 2200 2210 2209
f 2203 2202 2211
f 2203 2211 2212
f 2202 2204 2213
f 2202 2213 2211
f 2204 2205 2214
f 2204 2214 2213
f 2205 2206 2215
f 2205 2215 2214
f 2206 2207 2216
f 2206 2216 2215
f 2207 2208 2217
f 2207 2217 2216
f 2208 2209 2218
f 2208 2218 2217
f 2209 2210 2219
f 2209 2219 2218
f 2212 2211 2220
f 2212 2220 2221
f 2211 2213 2222
f 2211 2222 2220
f 2213 2214 2223
f 2213 2223 2222
f 2214 2215 2224
f 2214 2224 2223
f 2215 2216 2225
f 2215 2225 2224
f 2216 2217 2226
f 2216 2226 2225
f 2217 2218 2227
f 2217 2227 2226
f 2218 2219 2228
f 2218 2228 2227
f 2221 2220 2229
f 2221 2229 2230
f 2220 2222 2231
f 2220 2231 2229
f 2222 2223 2232
f 2222 2232 2231
f 2223 2224 2233
f 2223 2233 2232
f 2224 2225 2234
f 2224 2234 2233
f 2225 2226 2235
f 2225 2235 2234
f 2226 2227 2236
f 2226 2236 2235
f 2227 2228 2237
f 2227 2237 2236
f 2230 2229 2238
f 2230 2238 2239
f 2229 2231 2240
f 2229 2240 2238
f 2231 2232 2241
f 2231 2241 2240
f 2232 2233 2242
f 2232 2242 2241
f 2233 2234 2243
f 2233 2243 2242
f 2234 2235 2244
f 2234 2244 2243
f 2235 2236 2245
f 2235 2245 2244
f 2236 2237 2246
f 2236 2246 2245
f 2239 2238 2247
f 2239 2247 2248
f 2238 2240 2249
f 2238 2249 2247
f 2240 2241 2250
f 2240 2250 2249
f 2241 2242 2251
f 2241 2251 2250
f 2242 2243 2252
f 2242 2252 2251
f 2243 2244 2253
f 2243 2253 2252
f 2244 2245 2254
f 2244 2254 2253
f 2245 2246 2255
f 2245 2255 2254
f 2248 2247 2256
f 2248 2256 2257
f 2247 2249 2258
f 2247 2258 2256
f 2249 2250 2259
f 2249 2259 2258
f 2250 2251 2260
f 2250 2260 2259
f 2251 2252 2261
f 2251 2261 2260
f 2252 2253 2262
f 2252 2262 2261
f 2253 2254 2263
f 2253 2263 2262
f 2254 2255 2264
f 2254 2264 2263
f 2257 2256 2265
f 2257 2265 2266
f 2256 2258 2267
f 2256 2267 2265
f 2258 2259 2268
f 2258 2268 2267
f 2259 2260 2269
f 2259 2269 2268
f 2260 2261 2270
f 2260 2270 2269
f 2261 2262 2271
f 2261 2271 2270
f 2262 2263 2272
f 2262 2272 2271
f 2263 2264 2273
f 2263 2273 2272
f 2266 2265 2274
f 2266 2274 2275
f 2265 2267 2276
f 2265 2276 2274
f 2267 2268 2277
f 2267 2277 2276
f 2268 2269 2278
f 2268 2278 2277
f 2269 2270 2279
f 2269 2279 2278
f 2270 2271 2280
f 2270 2280 2279
f 2271 2272 2281
f 2271 2281 2280
f 2272 2273 2282
f 2272 2282 2281
f 2275 2274 2283
f 2275 2283 2284
f 2274 2276 2285
f 2274 2285 2283
f 2276 2277 2286
f 2276 2286 2285
f 2277 2278 2287
f 2277 2287 2286
f 2278 2279 2288
f 2278 2288 2287
f 2279 2280 2289
f 2279 2289 2288
f 2280 2281 2290
f 2280 2290 2289
f 2281 2282 2291
f 2281 2291 2290
f 2284 2283 2292
f 2284 2292 2293
f 2283 2285 2294
f 2283 2294 2292
f 2285 2286 2295
f 2285 2295 2294
f 2286 2287 2296
f 2286 2296 2295
f 2287 2288 2297
f 2287 2297 2296
f 2288 2289 2298
f 2288 2298 2297
f 2289 2290 2299
f 2289 2299 2298
f 2290 2291 2300
f 2290 2300 2299
f 2293 2292 2301
f 2293 2301 2302
f 2292 2294 2303
f 2292 2303 2301
f 2294 2295 2304
f 2294 2304 2303
f 2295 2296 2305
f 2295 2305 2304
f 2296 2297 2306
f 2296 2306 2305
f 2297 2298 2307
f 2297 2307 2306
f 2298 2299 2308
f 2298 2308 2307
f 2299 2300 2309
f 2299 2309 2308
f 2302 2301 2310
f 2302 2310 2311
f 2301 2303 2312
f 2301 2312 2310
f 2303 2304 2313
f 2303 2313 2312
f 2304 2305 2314
f 2304 2314 2313
f 2305 2306 2315
f 2305 2315 2314
f 2306 2307 2316
f 2306 2316 2315
f 2307 2308 2317
f 2307 2317 2316
f 2308 2309 2318
f 2308 2318 2317
f 2319 2320 2321
f 2319 2321 2322
f 2320 2323 2324
f 2320 2324 2321
f 2323 2325 2326
f 2323 2326 2324
f 2325 2327 2328
f 2325 2328 2326
f 2327 2329 2330
f 2327 2330 2328
f 2329 2331 2332
f 2329 2332 2330
f 2331 2333 2334
f 2331 2334 2332
f 2333 2335 2336
f 2333 2336 2334
f 2322 2321 2337
f 2322 2337 2338
f 2321 2324 2339
f 2321 2339 2337
f 2324 2326 2340
f 2324 2340 2339
f 2326 2328 2341
f 2326 2341 2340
f 2328 2330 2342
f 2328 2342 2341
f 2330 2332 2343
f 2330 2343 2342
f 2332 2334 2344
f 2332 2344 2343
f 2334 2336 2345
f 2334 2345 2344
f 2338 2337 2346
f 2338 2346 2347
f 2337 2339 2348
f 2337 2348 2346
f 2339 2340 2349
f 2339 2349 2348
f 2340 2341 2350
f 2340 2350 2349
f 2341 2342 2351
f 2341 2351 2350
f 2342 2343 2352
f 2342 2352 2351
f 2343 2344 2353
f 2343 2353 2352
f 2344 2345 2354
f 2344 2354 2353
f 2347 2346 2355
f 2347 2355 2356
f 2346 2348 2357
f 2346 2357 2355
f 2348 2349 2358
f 2348 2358 2357
f 2349 2350 2359
f 2349 2359 2358
f 2350 2351 2360
f 2350 2360 2359
f 2351 2352 2361
f 2351 2361 2360
f 2352 2353 2362
f 2352 2362 2361
f 2353 2354 2363
f 2353 2363 2362
f 2356 2355 2364
f 2356 2364 2365
f 2355 2357 2366
f 2355 2366 2364
f 2357 2358 2367
f 2357 2367 2366
f 2358 2359 2368
f 2358 2368 2367
f 2359 2360 2369
f 2359 2369 2368
f 2360 2361 2370
f 2360 2370 2369
f 2361 2362 2371
f 2361 2371 2370
f 2362 2363 2372
f 2362 2372 2371
f 2365 2364 2373
f 2365 2373 2374
f 2364 2366 2375
f 2364 2375 2373
f 2366 2367 2376
f 2366 2376 2375
f 2367 2368 2377
f 2367 2377 2376
f 2368 2369 2378
f 2368 2378 2377
f 2369 2370 2379
f 2369 2379 2378
f 2370 2371 2380
f 2370 2380 2379
f 2371 2372 2381
f 2371 2381 2380
f 2374 2373 2382
f 2374 2382 2383
f 2373 2375 2384
f 2373 2384 2382
f 2375 2376 2385
f 2375 2385 2384
f 2376 2377 2386
f 2376 2386 2385
f 2377 2378 2387
f 2377 2387 2386
f 2378 2379 2388
f 2378 2388 2387
f 2379 2380 2389
f 2379 2389 2388
f 2380 2381 2390
f 2380 2390 2389
f 2383 2382 2391
f 2383 2391 2392
f 2382 2384 2393
f 2382 2393 2391
f 2384 2385 2394
f 2384 2394 2393
f 2385 2386 2395
f 2385 2395 2394
f 2386 2387 2396
f 2386 2396 2395
f 2387 2388 2397
f 2387 2397 2396
f 2388 2389 2398
f 2388 2398 2397
f 2389 2390 2399
f 2389 2399 2398
f 2392 2391 2400
f 2392 2400 2401
f 2391 2393 2402
f 2391 2402 2400
f 2393 2394 2403
f 2393 2403 2402
f 2394 2395 2404
f 2394 2404 2403
f 2395 2396 2405
f 2395 2405 2404
f 2396 2397 2406
f 2396 2406 2405
f 2397 2398 2407
f 2397 2407 2406
f 2398 2399 2408
f 2398 2408 2407
f 2401 2400 2409
f 2401 2409 2410
f 2400 2402 2411
f 2400 2411 2409
f 2402 2403 2412
f 2402 2412 2411
f 2403 2404 2413
f 2403 2413 2412
f 2404 2405 2414
f 2404 2414 2413
f 2405 2406 2415
f 2405 2415 2414
f 2406 2407 2416
f 2406 2416 2415
f 2407 2408 2417
f 2407 2417 2416
f 2410 2409 2418
f 2410 2418 2419
f 2409 2411 2420
f 2409 2420 2418
f 2411 2412 2421
f 2411 2421 2420
f 2412 2413 2422
f 2412 2422 2421
f 2413 2414 2423
f 2413 2423 2422
f 2414 2415 2424
f 2414 2424 2423
f 2415 2416 2425
f 2415 2425 2424
f 2416 2417 2426
f 2416 2426 2425
f 2419 2418 2427
f 2419 2427 2428
f 2418 2420 2429
f 2418 2429 2427
f 2420 2421 2430
f 2420 2430 2429
f 2421 2422 2431
f 2421 2431 2430
f 2422 2423 2432
f 2422 2432 2431
f 2423 2424 2433
f 2423 2433 2432
f 2424 2425 2434
f 2424 2434 2433
f 2425 2426 2435
f 2425 2435 2434
f 2428 2427 2436
f 2428 2436 2437
f 2427 2429 2438
f 2427 2438 2436
f 2429 2430 2439
f 2429 2439 2438
f 2430 2431 2440
f 2430 2440 2439
f 2431 2432 2441
f 2431 2441 2440
f 2432 2433 2442
f 2432 2442 2441
f 2433 2434 2443
f 2433 2443 2442
f 2434 2435 2444
f 2434 2444 2443
f 2437 2436 2445
f 2437 2445 2446
f 2436 2438 2447
f 2436 2447 2445
f 2438 2439 2448
f 2438 2448 2447
f 2439 2440 2449
f 2439 2449 2448
f 2440 2441 2450
f 2440 2450 2449
f 2441 2442 2451
f 2441 2451 2450
f 2442 2443 2452
f 2442 2452 2451
f 2443 2444 2453
f 2443 2453 2452
f 2446 2445 2454
f 2446 2454 2455
f 2445 2447 2456
f 2445 2456 2454
f 2447 2448 2457
f 2447 2457 2456
f 2448 2449 2458
f 2448 2458 2457
f 2449 2450 2459
f 2449 2459 2458
f 2450 2451 2460
f 2450 2460 2459
f 2451 2452 2461
f 2451 2461 2460
f 2452 2453 2462
f 2452 2462 2461
f 2455 2454 2463
f 2455 2463 2464
f 2454 2456 2465
f 2454 2465 2463
f 2456 2457 2466
f 2456 2466 2465
f 2457 2458 2467
f 2457 2467 2466
f 2458 2459 2468
f 2458 2468 2467
f 2459 2460 2469
f 2459 2469 2468
f 2460 2461 2470
f 2460 2470 2469
f 2461 2462 2471
f 2461 2471 2470
f 2464 2463 2472
f 2464 2472 2473
f 2463 2465 2474
f 2463 2474 2472
f 2465 2466 2475
f 2465 2475 2474
f 2466 2467 2476
f 2466 2476 2475
f 2467 2468 2477
f 2467 2477 2476
f 2468 2469 2478
f 2468 2478 2477
f 2469 2470 2479
f 2469 2479 2478
f 2470 2471 2480
f 2470 2480 2479
f 2473 2472 2481
f 2473 2481 2482
f 2472 2474 2483
f 2472 2483 2481
f 2474 2475 2484
f 2474 2484 2483
f 2475 2476 2485
f 2475 2485 2484
f 2476 2477 2486
f 2476 2486 2485
f 2477 2478 2487
f 2477 2487 2486
f 2478 2479 2488
f 2478 2488 2487
f 2479 2480 2489
f 2479 2489 2488
f 2482 2481 2490
f 2482 2490 2491
f 2481 2483 2492
f 2481 2492 2490
f 2483 2484 2493
f 2483 2493 2492
f 2484 2485 2494
f 2484 2494 2493
f 2485 2486 2495
f 2485 2495 2494
f 2486 2487 2496
f 2486 2496 2495
f 2487 2488 2497
f 2487 2497 2496
f 2488 2489 2498
f 2488 2498 2497
f 2491 2490 2499
f 2491 2499 2500
f 2490 2492 2501
f 2490 2501 2499
f 2492 2493 2502
f 2492 2502 2501
f 2493 2494 2503
f 2493 2503 2502
f 2494 2495 2504
f 2494 2504 2503
f 2495 2496 2505
f 2495 2505 2504
f 2496 2497 2506
f 2496 2506 2505
f 2497 2498 2507
f 2497 2507 2506
f 2500 2499 2508
f 2500 2508 2509
f 2499 2501 2510
f 2499 2510 2508
f 2501 2502 2511
f 2501 2511 2510
f 2502 2503 2512
f 2502 2512 2511
f 2503 2504 2513
f 2503 2513 2512
f 2504 2505 2514
f 2504 2514 2513
f 2505 2506 2515
f 2505 2515 2514
f 2506 2507 2516
f 2506 2516 2515
f 2509 2508 2517
f 2509 2517 2518
f 2508 2510 2519
f 2508 2519 2517
f 2510 2511 2520
f 2510 2520 2519
f 2511 2512 2521
f 2511 2521 2520
f 2512 2513 2522
f 2512 2522 2521
f 2513 2514 2523
f 2513 2523 2522
f 2514 2515 2524
f 2514 2524 2523
f 2515 2516 2525
f 2515 2525 2524
f 2518 2517 2526
f 2518 2526 2527
f 2517 2519 2528
f 2517 2528 2526
f 2519 2520 2529
f 2519 2529 2528
f 2520 2521 2530
f 2520 2530 2529
f 2521 2522 2531
f 2521 2531 2530
f 2522 2523 2532
f 2522 2532 2531
f 2523 2524 2533
f 2523 2533 2532
f 2524 2525 2534
f 2524 2534 2533
f 2527 2526 2535
f 2527 2535 2536
f 2526 2528 2537
f 2526 2537 2535
f 2528 2529 2538
f 2528 2538 2537
f 2529 2530 2539
f 2529 2539 2538
f 2530 2531 2540
f 2530 2540 2539
f 2531 2532 2541
f 2531 2541 2540
f 2532 2533 2542
f 2532 2542 2541
f 2533 2534 2543
f 2533 2543 2542
f 2536 2535 2544
f 2536 2544 2545
f 2535 2537 2546
f 2535 2546 2544
f 2537 2538 2547
f 2537 2547 2546
f 2538 2539 2548
f 2538 2548 2547
f 2539 2540 2549
f 2539 2549 2548
f 2540 2541 2550
f 2540 2550 2549
f 2541 2542 2551
f 2541 2551 2550
f 2542 2543 2552
f 2542 2552 2551
f 2545 2544 2553
f 2545 2553 2554
f 2544 2546 2555
f 2544 2555 2553
f 2546 2547 2556
f 2546 2556 2555
f 2547 2548 2557
f 2547 2557 2556
f 2548 2549 2558
f 2548 2558 2557
f 2549 2550 2559
f 2549 2559 2558
f 2550 2551 2560
f 2550 2560 2559
f 2551 2552 2561
f 2551 2561 2560
f 2554 2553 2562
f 2554 2562 2563
f 2553 2555 2564
f 2553 2564 2562
f 2555 2556 2565
f 2555 2565 2564
f 2556 2557 2566
f 2556 2566 2565
f 2557 2558 2567
f 2557 2567 2566
f 2558 2559 2568
f 2558 2568 2567
f 2559 2560 2569
f 2559 2569 2568
f 2560 2561 2570
f 2560 2570 2569
f 2563 2562 2571
f 2563 2571 2572
f 2562 2564 2573
f 2562 2573 2571
f 2564 2565 2574
f 2564 2574 2573
f 2565 2566 2575
f 2565 2575 2574
f 2566 2567 2576
f 2566 2576 2575
f 2567 2568 2577
f 2567 2577 2576
f 2568 2569 2578
f 2568 2578 2577
f 2569 2570 2579
f 2569 2579 2578
f 2572 2571 2580
f 2572 2580 2581
f 2571 2573 2582
f 2571 2582 2580
f 2573 2574 2583
f 2573 2583 2582
f 2574 2575 2584
f 2574 2584 2583
f 2575 2576 2585
f 2575 2585 2584
f 2576 2577 2586
f 2576 2586 2585
f 2577 2578 2587
f 2577 2587 2586
f 2578 2579 2588
f 2578 2588 2587
f 2581 2580 2589
f 2581 2589 2590
f 2580 2582 2591
f 2580 2591 2589
f 2582 2583 2592
f 2582 2592 2591
f 2583 2584 2593
f 2583 2593 2592
f 2584 2585 2594
f 2584 2594 2593
f 2585 2586 2595
f 2585 2595 2594
f 2586 2587 2596
f 2586 2596 2595
f 2587 2588 2597
f 2587 2597 2596
f 2590 2589 2598
f 2590 2598 2599
f 2589 2591 2600
f 2589 2600 2598
f 2591 2592 2601
f 2591 2601 2600
f 2592 2593 2602
f 2592 2602 2601
f 2593 2594 2603
f 2593 2603 2602
f 2594 2595 2604
f 2594 2604 2603
f 2595 2596 2605
f 2595 2605 2604
f 2596 2597 2606
f 2596 2606 2605
f 2607 2608 2609
f 2607 2609 2610
f 2608 2611 2612
f 2608 2612 2609
f 2611 2613 2614
f 2611 2614 2612
f 2613 2615 2616
f 2613 2616 2614
f 2615 2617 2618
f 2615 2618 2616
f 2617 2619 2620
f 2617 2620 2618
f 2619 2621 2622
f 2619 2622 2620
f 2621 2623 2624
f 2621 2624 2622
f 2610 2609 2625
f 2610 2625 2626
f 2609 2612 2627
f 2609 2627 2625
f 2612 2614 2628
f 2612 2628 2627
f 2614 2616 2629
f 2614 2629 2628
f 2616 2618 2630
f 2616 2630 2629
f 2618 2620 2631
f 2618 2631 2630
f 2620 2622 2632
f 2620 2632 2631
f 2622 2624 2633
f 2622 2633 2632
f 2626 2625 2634
f 2626 2634 2635
f 2625 2627 2636
f 2625 2636 2634
f 2627 2628 2637
f 2627 2637 2636
f 2628 2629 2638
f 2628 2638 2637
f 2629 2630 2639
f 2629 2639 2638
f 2630 2631 2640
f 2630 2640 2639
f 2631 2632 2641
f 2631 2641 2640
f 2632 2633 2642
f 2632 2642 2641
f 2635 2634 2643
f 2635 2643 2644
f 2634 2636 2645
f 2634 2645 2643
f 2636 2637 2646
f 2636 2646 2645
f 2637 2638 2647
f 2637 2647 2646
f 2638 2639 2648
f 2638 2648 2647
f 2639 2640 2649
f 2639 2649 2648
f 2640 2641 2650
f 2640 2650 2649
f 2641 2642 2651
f 2641 2651 2650
f 2644 2643 2652
f 2644 2652 2653
f 2643 2645 2654
f 2643 2654 2652
f 2645 2646 2655
f 2645 2655 2654
f 2646 2647 2656
f 2646 2656 2655
f 2647 2648 2657
f 2647 2657 2656
f 2648 2649 2658
f 2648 2658 2657
f 2649 2650 2659
f 2649 2659 2658
f 2650 2651 2660
f 2650 2660 2659
f 2653 2652 2661
f 2653 2661 2662
f 2652 2654 2663
f 2652 2663 2661
f 2654 2655 2664
f 2654 2664 2663
f 2655 2656 2665
f 2655 2665 2664
f 2656 2657 2666
f 2656 2666 2665
f 2657 2658 2667
f 2657 2667 2666
f 2658 2659 2668
f 2658 2668 2667
f 2659 2660 2669
f 2659 2669 2668
f 2662 2661 2670
f 2662 2670 2671
f 2661 2663 2672
f 2661 2672 2670
f 2663 2664 2673
f 2663 2673 2672
f 2664 2665 2674
f 2664 2674 2673
f 2665 2666 2675
f 2665 2675 2674
f 2666 2667 2676
f 2666 2676 2675
f 2667 2668 2677
f 2667 2677 2676
f 2668 2669 2678
f 2668 2678 2677
f 2671 2670 2679
f 2671 2679 2680
f 2670 2672 2681
f 2670 2681 2679
f 2672 2673 2682
f 2672 2682 2681
f 2673 2674 2683
f 2673 2683 2682
f 2674 2675 2684
f 2674 2684 2683
f 2675 2676 2685
f 2675 2685 2684
f 2676 2677 2686
f 2676 2686 2685
f 2677 2678 2687
f 2677 2687 2686
f 2680 2679 2688
f 2680 2688 2689
f 2679 2681 2690
f 2679 2690 2688
f 2681 2682 2691
f 2681 2691 2690
f 2682 2683 2692
f 2682 2692 2691
f 2683 2684 2693
f 2683 2693 2692
f 2684 2685 2694
f 2684 2694 2693
f 2685 2686 2695
f 2685 2695 2694
f 2686 2687 2696
f 2686 2696 2695
f 2689 2688 2697
f 2689 2697 2698
f 2688 2690 2699
f 2688 2699 2697
f 2690 2691 2700
f 2690 2700 2699
f 2691 2692 2701
f 2691 2701 2700
f 2692 2693 2702
f 2692 2702 2701
f 2693 2694 2703
f 2693 2703 2702
f 2694 2695 2704
f 2694 2704 2703
f 2695 2696 2705
f 2695 2705 2704
f 2698 2697 2706
f 2698 2706 2707
f 2697 2699 2708
f 2697 2708 2706
f 2699 2700 2709
f 2699 2709 2708
f 2700 2701 2710
f 2700 2710 2709
f 2701 2702 2711
f 2701 2711 2710
f 2702 2703 2712
f 2702 2712 2711
f 2703 2704 2713
f 2703 2713 2712
f 2704 2705 2714
f 2704 2714 2713
f 2707 2706 2715
f 2707 2715 2716
f 2706 2708 2717
f 2706 2717 2715
f 2708 2709 2718
f 2708 2718 2717
f 2709 2710 2719
f 2709 2719 2718
f 2710 2711 2720
f 2710 2720 2719
f 2711 2712 2721
f 2711 2721 2720
f 2712 2713 2722
f 2712 2722 2721
f 2713 2714 2723
f 2713 2723 2722
f 2716 2715 2724
f 2716 2724 2725
f 2715 2717 2726
f 2715 2726 2724
f 2717 2718 2727
f 2717 2727 2726
f 2718 2719 2728
f 2718 2728 2727
f 2719 2720 2729
f 2719 2729 2728
f 2720 2721 2730
f 2720 2730 2729
f 2721 2722 2731
f 2721 2731 2730
f 2722 2723 2732
f 2722 2732 2731
f 2725 2724 2733
f 2725 2733 2734
f 2724 2726 2735
f 2724 2735 2733
f 2726 2727 2736
f 2726 2736 2735
f 2727 2728 2737
f 2727 2737 2736
f 2728 2729 2738
f 2728 2738 2737
f 2729 2730 2739
f 2729 2739 2738
f 2730 2731 2740
f 2730 2740 2739
f 2731 2732 2741
f 2731 2741 2740
f 2734 2733 2742
f 2734 2742 2743
f 2733 2735 2744
f 2733 2744 2742
f 2735 2736 2745
f 2735 2745 2744
f 2736 2737 2746
f 2736 2746 2745
f 2737 2738 2747
f 2737 2747 2746
f 2738 2739 2748
f 2738 2748 2747
f 2739 2740 2749
f 2739 2749 2748
f 2740 2741 2750
f 2740 2750 2749
f 2743 2742 2751
f 2743 2751 2752
f 2742 2744 2753
f 2742 2753 2751
f 2744 2745 2754
f 2744 2754 2753
f 2745 2746 2755
f 2745 2755 2754
f 2746 2747 2756
f 2746 2756 2755
f 2747 2748 2757
f 2747 2757 2756
f 2748 2749 2758
f 2748 2758 2757
f 2749 2750 2759
f 2749 2759 2758
f 2752 2751 2760
f 2752 2760 2761
f 2751 2753 2762
f 2751 2762 2760
f 2753 2754 2763
f 2753 2763 2762
f 2754 2755 2764
f 2754 2764 2763
f 2755 2756 2765
f 2755 2765 2764
f 2756 2757 2766
f 2756 2766 2765
f 2757 2758 2767
f 2757 2767 2766
f 2758 2759 2768
f 2758 2768 2767
f 2761 2760 2769
f 2761 2769 2770
f 2760 2762 2771
f 2760 2771 2769
f 2762 2763 2772
f 2762 2772 2771
f 2763 2764 2773
f 2763 2773 2772
f 2764 2765 2774
f 2764 2774 2773
f 2765 2766 2775
f 2765 2775 2774
f 2766 2767 2776
f 2766 2776 2775
f 2767 2768 2777
f 2767 2777 2776
f 2770 2769 2778
f 2770 2778 2779
f 2769 2771 2780
f 2769 2780 2778
f 2771 2772 2781
f 2771 2781 2780
f 2772 2773 2782
f 2772 2782 2781
f 2773 2774 2783
f 2773 2783 2782
f 2774 2775 2784
f 2774 2784 2783
f 2775 2776 2785
f 2775 2785 2784
f 2776 2777 2786
f 2776 2786 2785
f 2779 2778 2787
f 2779 2787 2788
f 2778 2780 2789
f 2778 2789 2787
f 2780 2781 2790
f 2780 2790 2789
f 2781 2782 2791
f 2781 2791 2790
f 2782 2783 2792
f 2782 2792 2791
f 2783 2784 2793
f 2783 2793 2792
f 2784 2785 2794
f 2784 2794 2793
f 2785 2786 2795
f 2785 2795 2794
f 2788 2787 2796
f 2788 2796 2797
f 2787 2789 2798
f 2787 2798 2796
f 2789 2790 2799
f 2789 2799 2798
f 2790 2791 2800
f 2790 2800 2799
f 2791 2792 2801
f 2791 2801 2800
f 2792 2793 2802
f 2792 2802 2801
f 2793 2794 2803
f 2793 2803 2802
f 2794 2795 2804
f 2794 2804 2803
f 2797 2796 2805
f 2797 2805 2806
f 2796 2798 2807
f 2796 2807 2805
f 2798 2799 2808
f 2798 2808 2807
f 2799 2800 2809
f 2799 2809 2808
f 2800 2801 2810
f 2800 2810 2809
f 2801 2802 2811
f 2801 2811 2810
f 2802 2803 2812
f 2802 2812 2811
f 2803 2804 2813
f 2803 2813 2812
f 2806 2805 2814
f 2806 2814 2815
f 2805 2807 2816
f 2805 2816 2814
f 2807 2808 2817
f 2807 2817 2816
f 2808 2809 2818
f 2808 2818 2817
f 2809 2810 2819
f 2809 2819 2818
f 2810 2811 2820
f 2810 2820 2819
f 2811 2812 2821
f 2811 2821 2820
f 2812 2813 2822
f 2812 2822 2821
f 2815 2814 2823
f 2815 2823 2824
f 2814 2816 2825
f 2814 2825 2823
f 2816 2817 2826
f 2816 2826 2825
f 2817 2818 2827
f 2817 2827 2826
f 2818 2819 2828
f 2818 2828 2827
f 2819 2820 2829
f 2819 2829 2828
f 2820 2821 2830
f 2820 2830 2829
f 2821 2822 2831
f 2821 2831 2830
f 2824 2823 2832
f 2824 2832 2833
f 2823 2825 2834
f 2823 2834 2832
f 2825 2826 2835
f 2825 2835 2834
f 2826 2827 2836
f 2826 2836 2835
f 2827 2828 2837
f 2827 2837 2836
f 2828 2829 2838
f 2828 2838 2837
f 2829 2830 2839
f 2829 2839 2838
f 2830 2831 2840
f 2830 2840 2839
f 2833 2832 2841
f 2833 2841 2842
f 2832 2834 2843
f 2832 2843 2841
f 2834 2835 2844
f 2834 2844 2843
f 2835 2836 2845
f 2835 2845 2844
f 2836 2837 2846
f 2836 2846 2845
f 2837 2838 2847
f 2837 2847 2846
f 2838 2839 2848
f 2838 2848 2847
f 2839 2840 2849
f 2839 2849 2848
f 2842 2841 2850
f 2842 2850 2851
f 2841 2843 2852
f 2841 2852 2850
f 2843 2844 2853
f 2843 2853 2852
f 2844 2845 2854
f 2844 2854 2853
f 2845 2846 2855
f 2845 2855 2854
f 2846 2847 2856
f 2846 2856 2855
f 2847 2848 2857
f 2847 2857 2856
f 2848 2849 2858
f 2848 2858 2857
f 2851 2850 2859
f 2851 2859 2860
f 2850 2852 2861
f 2850 2861 2859
f 2852 2853 2862
f 2852 2862 2861
f 2853 2854 2863
f 2853 2863 2862
f 2854 2855 2864
f 2854 2864 2863
f 2855 2856 2865
f 2855 2865 2864
f 2856 2857 2866
f 2856 2866 2865
f 2857 2858 2867
f 2857 2867 2866
f 2860 2859 2868
f 2860 2868 2869
f 2859 2861 2870
f 2859 2870 2868
f 2861 2862 2871
f 2861 2871 2870
f 2862 2863 2872
f 2862 2872 2871
f 2863 2864 2873
f 2863 2873 2872
f 2864 2865 2874
f 2864 2874 2873
f 2865 2866 2875
f 2865 2875 2874
f 2866 2867 2876
f 2866 2876 2875
f 2869 2868 2877
f 2869 2877 2878
f 2868 2870 2879
f 2868 2879 2877
f 2870 2871 2880
f 2870 2880 2879
f 2871 2872 2881
f 2871 2881 2880
f 2872 2873 2882
f 2872 2882 2881
f 2873 2874 2883
f 2873 2883 2882
f 2874 2875 2884
f 2874 2884 2883
f 2875 2876 2885
f 2875 2885 2884
f 2878 2877 2886
f 2878 2886 2887
f 2877 2879 2888
f 2877 2888 2886
f 2879 2880 2889
f 2879 2889 2888
f 2880 2881 2890
f 2880 2890 2889
f 2881 2882 2891
f 2881 2891 2890
f 2882 2883 2892
f 2882 2892 2891
f 2883 2884 2893
f 2883 2893 2892
f 2884 2885 2894
f 2884 2894 2893
f 2895 2896 2897
f 2895 2897 2898
f 2896 2899 2900
f 2896 2900 2897
f 2899 2901 2902
f 2899 2902 2900
f 2901 2903 2904
f 2901 2904 2902
f 2903 2905 2906
f 2903 2906 2904
f 2905 2907 2908
f 2905 2908 2906
f 2907 2909 2910
f 2907 2910 2908
f 2909 2911 2912
f 2909 2912 2910
f 2898 2897 2913
f 2898 2913 2914
f 2897 2900 2915
f 2897 2915 2913
f 2900 2902 2916
f 2900 2916 2915
f 2902 2904 2917
f 2902 2917 2916
f 2904 2906 2918
f 2904 2918 2917
f 2906 2908 2919
f 2906 2919 2918
f 2908 2910 2920
f 2908 2920 2919
f 2910 2912 2921
f 2910 2921 2920
f 2914 2913 2922
f 2914 2922 2923
f 2913 2915 2924
f 2913 2924 2922
f 2915 2916 2925
f 2915 2925 2924
f 2916 2917 2926
f 2916 2926 2925
f 2917 2918 2927
f 2917 2927 2926
f 2918 2919 2928
f 2918 2928 2927
f 2919 2920 2929
f 2919 2929 2928
f 2920 2921 2930
f 2920 2930 2929
f 2923 2922 2931
f 2923 2931 2932
f 2922 2924 2933
f 2922 2933 2931
f 2924 2925 2934
f 2924 2934 2933
f 2925 2926 2935
f 2925 2935 2934
f 2926 2927 2936
f 2926 2936 2935
f 2927 2928 2937
f 2927 2937 2936
f 2928 2929 2938
f 2928 2938 2937
f 2929 2930 2939
f 2929 2939 2938
f 2932 2931 2940
f 2932 2940 2941
f 2931 2933 2942
f 2931 2942 2940
f 2933 2934 2943
f 2933 2943 2942
f 2934 2935 2944
f 2934 2944 2943
f 2935 2936 2945
f 2935 2945 2944
f 2936 2937 2946
f 2936 2946 2945
f 2937 2938 2947
f 2937 2947 2946
f 2938 2939 2948
f 2938 2948 2947
f 2941 2940 2949
f 2941 2949 2950
f 2940 2942 2951
f 2940 2951 2949
f 2942 2943 2952
f 2942 2952 2951
f 2943 2944 2953
f 2943 2953 2952
f 2944 2945 2954
f 2944 2954 2953
f 2945 2946 2955
f 2945 2955 2954
f 2946 2947 2956
f 2946 2956 2955
f 2947 2948 2957
f 2947 2957 2956
f 2950 2949 2958
f 2950 2958 2959
f 2949 2951 2960
f 2949 2960 2958
f 2951 2952 2961
f 2951 2961 2960
f 2952 2953 2962
f 2952 2962 2961
f 2953 2954 2963
f 2953 2963 2962
f 2954 2955 2964
f 2954 2964 2963
f 2955 2956 2965
f 2955 2965 2964
f 2956 2957 2966
f 2956 2966 2965
f 2959 2958 2967
f 2959 2967 2968
f 2958 2960 2969
f 2958 2969 2967
f 2960 2961 2970
f 2960 2970 2969
f 2961 2962 2971
f 2961 2971 2970
f 2962 2963 2972
f 2962 2972 2971
f 2963 2964 2973
f 2963 2973 2972
f 2964 2965 2974
f 2964 2974 2973
f 2965 2966 2975
f 2965 2975 2974
f 2968 2967 2976
f 2968 2976 2977
f 2967 2969 2978
f 2967 2978 2976
f 2969 2970 2979
f 2969 2979 2978
f 2970 2971 2980
f 2970 2980 2979
f 2971 2972 2981
f 2971 2981 2980
f 2972 2973 2982
f 2972 2982 2981
f 2973 2974 2983
f 2973 2983 2982
f 2974 2975 2984
f 2974 2984 2983
f 2977 2976 2985
f 2977 2985 2986
f 2976 2978 2987
f 2976 2987 2985
f 2978 2979 2988
f 2978 2988 2987
f 2979 2980 2989
f 2979 2989 2988
f 2980 2981 2990
f 2980 2990 2989
f 2981 2982 2991
f 2981 2991 2990
f 2982 2983 2992
f 2982 2992 2991
f 2983 2984 2993
f 2983 2993 2992
f 2986 2985 2994
f 2986 2994 2995
f 2985 2987 2996
f 2985 2996 2994
f 2987 2988 2997
f 2987 2997 2996
f 2988 2989 2998
f 2988 2998 2997
f 2989 2990 2999
f 2989 2999 2998
f 2990 2991 3000
f 2990 3000 2999
f 2991 2992 3001
f 2991 3001 3000
f 2992 2993 3002
f 2992 3002 3001
f 2995 2994 3003
f 2995 3003 3004
f 2994 2996 3005
f 2994 3005 3003
f 2996 2997 3006
f 2996 3006 3005
f 2997 2998 3007
f 2997 3007 3006
f 2998 2999 3008
f 2998 3008 3007
f 2999 3000 3009
f 2999 3009 3008
f 3000 3001 3010
f 3000 3010 3009
f 3001 3002 3011
f 3001 3011 3010
f 3004 3003 3012
f 3004 3012 3013
f 3003 3005 3014
f 3003 3014 3012
f 3005 3006 3015
f 3005 3015 3014
f 3006 3007 3016
f 3006 3016 3015
f 3007 3008 3017
f 3007 3017 3016
f 3008 3009 3018
f 3008 3018 3017
f 3009 3010 3019
f 3009 3019 3018
f 3010 3011 3020
f 3010 3020 3019
f 3013 3012 3021
f 3013 3021 3022
f 3012 3014 3023
f 3012 3023 3021
f 3014 3015 3024
f 3014 3024 3023
f 3015 3016 3025
f 3015 3025 3024
f 3016 3017 3026
f 3016 3026 3025
f 3017 3018 3027
f 3017 3027 3026
f 3018 3019 3028
f 3018 3028 3027
f 3019 3020 3029
f 3019 3029 3028
f 3022 3021 3030
f 3022 3030 3031
f 3021 3023 3032
f 3021 3032 3030
f 3023 3024 3033
f 3023 3033 3032
f 3024 3025 3034
f 3024 3034 3033
f 3025 3026 3035
f 3025 3035 3034
f 3026 3027 3036
f 3026 3036 3035
f 3027 3028 3037
f 3027 3037 3036
f 3028 3029 3038
f 3028 3038 3037
f 3031 3030 3039
f 3031 3039 3040
f 3030 3032 3041
f 3030 3041 3039
f 3032 3033 3042
f 3032 3042 3041
f 3033 3034 3043
f 3033 3043 3042
f 3034 3035 3044
f 3034 3044 3043
f 3035 3036 3045
f 3035 3045 3044
f 3036 3037 3046
f 3036 3046 3045
f 3037 3038 3047
f 3037 3047 3046
f 3040 3039 3048
f 3040 3048 3049
f 3039 3041 3050
f 3039 3050 3048
f 3041 3042 3051
f 3041 3051 3050
f 3042 3043 3052
f 3042 3052 3051
f 3043 3044 3053
f 3043 3053 3052
f 3044 3045 3054
f 3044 3054 3053
f 3045 3046 3055
f 3045 3055 3054
f 3046 3047 3056
f 3046 3056 3055
f 3049 3048 3057
f 3049 3057 3058
f 3048 3050 3059
f 3048 3059 3057
f 3050 3051 3060
f 3050 3060 3059
f 3051 3052 3061
f 3051 3061 3060
f 3052 3053 3062
f 3052 3062 3061
f 3053 3054 3063
f 3053 3063 3062
f 3054 3055 3064
f 3054 3064 3063
f 3055 3056 3065
f 3055 3065 3064
f 3058 3057 3066
f 3058 3066 3067
f 3057 3059 3068
f 3057 3068 3066
f 3059 3060 3069
f 3059 3069 3068
f 3060 3061 3070
f 3060 3070 3069
f 3061 3062 3071
f 3061 3071 3070
f 3062 3063 3072
f 3062 3072 3071
f 3063 3064 3073
f 3063 3073 3072
f 3064 3065 3074
f 3064 3074 3073
f 3067 3066 3075
f 3067 3075 3076
f 3066 3068 3077
f 3066 3077 3075
f 3068 3069 3078
f 3068 3078 3077
f 3069 3070 3079
f 3069 3079 3078
f 3070 3071 3080
f 3070 3080 3079
f 3071 3072 3081
f 3071 3081 3080
f 3072 3073 3082
f 3072 3082 3081
f 3073 3074 3083
f 3073 3083 3082
f 3076 3075 3084
f 3076 3084 3085
f 3075 3077 3086
f 3075 3086 3084
f 3077 3078 3087
f 3077 3087 3086
f 3078 3079 3088
f 3078 3088 3087
f 3079 3080 3089
f 3079 3089 3088
f 3080 3081 3090
f 3080 3090 3089
f 3081 3082 3091
f 3081 3091 3090
f 3082 3083 3092
f 3082 3092 3091
f 3085 3084 3093
f 3085 3093 3094
f 3084 3086 3095
f 3084 3095 3093
f 3086 3087 3096
f 3086 3096 3095
f 3087 3088 3097
f 3087 3097 3096
f 3088 3089 3098
f 3088 3098 3097
f 3089 3090 3099
f 3089 3099 3098
f 3090 3091 3100
f 3090 3100 3099
f 3091 3092 3101
f 3091 3101 3100
f 3094 3093 3102
f 3094 3102 3103
f 3093 3095 3104
f 3093 3104 3102
f 3095 3096 3105
f 3095 3105 3104
f 3096 3097 3106
f 3096 3106 3105
f 3097 3098 3107
f 3097 3107 3106
f 3098 3099 3108
f 3098 3108 3107
f 3099 3100 3109
f 3099 3109 3108
f 3100 3101 3110
f 3100 3110 3109
f 3103 3102 3111
f 3103 3111 3112
f 3102 3104 3113
f 3102 3113 3111
f 3104 3105 3114
f 3104 3114 3113
f 3105 3106 3115
f 3105 3115 3114
f 3106 3107 3116
f 3106 3116 3115
f 3107 3108 3117
f 3107 3117 3116
f 3108 3109 3118
f 3108 3118 3117
f 3109 3110 3119
f 3109 3119 3118
f 3112 3111 3120
f 3112 3120 3121
f 3111 3113 3122
f 3111 3122 3120
f 3113 3114 3123
f 3113 3123 3122
f 3114 3115 3124
f 3114 3124 3123
f 3115 3116 3125
f 3115 3125 3124
f 3116 3117 3126
f 3116 3126 3125
f 3117 3118 3127
f 3117 3127 3126
f 3118 3119 3128
f 3118 3128 3127
f 3121 3120 3129
f 3121 3129 3130
f 3120 3122 3131
f 3120 3131 3129
f 3122 3123 3132
f 3122 3132 3131
f 3123 3124 3133
f 3123 3133 3132
f 3124 3125 3134
f 3124 3134 3133
f 3125 3126 3135
f 3125 3135 3134
f 3126 3127 3136
f 3126 3136 3135
f 3127 3128 3137
f 3127 3137 3136
f 3130 3129 3138
f 3130 3138 3139
f 3129 3131 3140
f 3129 3140 3138
f 3131 3132 3141
f 3131 3141 3140
f 3132 3133 3142
f 3132 3142 3141
f 3133 3134 3143
f 3133 3143 3142
f 3134 3135 3144
f 3134 3144 3143
f 3135 3136 3145
f 3135 3145 3144
f 3136 3137 3146
f 3136 3146 3145
f 3139 3138 3147
f 3139 3147 3148
f 3138 3140 3149
f 3138 3149 3147
f 3140 3141 3150
f 3140 3150 3149
f 3141 3142 3151
f 3141 3151 3150
f 3142 3143 3152
f 3142 3152 3151
f 3143 3144 3153
f 3143 3153 3152
f 3144 3145 3154
f 3144 3154 3153
f 3145 3146 3155
f 3145 3155 3154
f 3148 3147 3156
f 3148 3156 3157
f 3147 3149 3158
f 3147 3158 3156
f 3149 3150 3159
f 3149 3159 3158
f 3150 3151 3160
f 3150 3160 3159
f 3151 3152 3161
f 3151 3161 3160
f 3152 3153 3162
f 3152 3162 3161
f 3153 3154 3163
f 3153 3163 3162
f 3154 3155 3164
f 3154 3164 3163
f 3157 3156 3165
f 3157 3165 3166
f 3156 3158 3167
f 3156 3167 3165
f 3158 3159 3168
f 3158 3168 3167
f 3159 3160 3169
f 3159 3169 3168
f 3160 3161 3170
f 3160 3170 3169
f 3161 3162 3171
f 3161 3171 3170
f 3162 3163 3172
f 3162 3172 3171
f 3163 3164 3173
f 3163 3173 3172
f 3166 3165 3174
f 3166 3174 3175
f 3165 3167 3176
f 3165 3176 3174
f 3167 3168 3177
f 3167 3177 3176
f 3168 3169 3178
f 3168 3178 3177
f 3169 3170 3179
f 3169 3179 3178
f 3170 3171 3180
f 3170 3180 3179
f 3171 3172 3181
f 3171 3181 3180
f 3172 3173 3182
f 3172 3182 3181
f 3193 3194 3195
f 3193 3195 3196
f 3194 3197 3198
f 3194 3198 3195
f 3197 3199 3200
f 3197 3200 3198
f 3199 3201 3202
f 3199 3202 3200
f 3201 3203 3204
f 3201 3204 3202
f 3203 3205 3206
f 3203 3206 3204
f 3205 3207 3208
f 3205 3208 3206
f 3207 3209 3210
f 3207 3210 3208
f 3196 3195 3211
f 3196 3211 3212
f 3195 3198 3213
f 3195 3213 3211
f 3198 3200 3214
f 3198 3214 3213
f 3200 3202 3215
f 3200 3215 3214
f 3202 3204 3216
f 3202 3216 3215
f 3204 3206 3217
f 3204 3217 3216
f 3206 3208 3218
f 3206 3218 3217
f 3208 3210 3219
f 3208 3219 3218
f 3212 3211 3220
f 3212 3220 3221
f 3211 3213 3222
f 3211 3222 3220
f 3213 3214 3223
f 3213 3223 3222
f 3214 3215 3224
f 3214 3224 3223
f 3215 3216 3225
f 3215 3225 3224
f 3216 3217 3226
f 3216 3226 3225
f 3217 3218 3227
f 3217 3227 3226
f 3218 3219 3228
f 3218 3228 3227
f 3221 3220 3229
f 3221 3229 3230
f 3220 3222 3231
f 3220 3231 3229
f 3222 3223 3232
f 3222 3232 3231
f 3223 3224 3233
f 3223 3233 3232
f 3224 3225 3234
f 3224 3234 3233
f 3225 3226 3235
f 3225 3235 3234
f 3226 3227 3236
f 3226 3236 3235
f 3227 3228 3237
f 3227 3237 3236
f 3230 3229 3238
f 3230 3238 3239
f 3229 3231 3240
f 3229 3240 3238
f 3231 3232 3241
f 3231 3241 3240
f 3232 3233 3242
f 3232 3242 3241
f 3233 3234 3243
f 3233 3243 3242
f 3234 3235 3244
f 3234 3244 3243
f 3235 3236 3245
f 3235 3245 3244
f 3236 3237 3246
f 3236 3246 3245
f 3239 3238 3247
f 3239 3247 3248
f 3238 3240 3249
f 3238 3249 3247
f 3240 3241 3250
f 3240 3250 3249
f 3241 3242 3251
f 3241 3251 3250
f 3242 3243 3252
f 3242 3252 3251
f 3243 3244 3253
f 3243 3253 3252
f 3244 3245 3254
f 3244 3254 3253
f 3245 3246 3255
f 3245 3255 3254
f 3248 3247 3256
f 3248 3256 3257
f 3247 3249 3258
f 3247 3258 3256
f 3249 3250 3259
f 3249 3259 3258
f 3250 3251 3260
f 3250 3260 3259
f 3251 3252 3261
f 3251 3261 3260
f 3252 3253 3262
f 3252 3262 3261
f 3253 3254 3263
f 3253 3263 3262
f 3254 3255 3264
f 3254 3264 3263
f 3257 3256 3265
f 3257 3265 3266
f 3256 3258 3267
f 3256 3267 3265
f 3258 3259 3268
f 3258 3268 3267
f 3259 3260 3269
f 3259 3269 3268
f 3260 3261 3270
f 3260 3270 3269
f 3261 3262 3271
f 3261 3271 3270
f 3262 3263 3272
f 3262 3272 3271
f 3263 3264 3273
f 3263 3273 3272
f 3266 3265 3274
f 3266 3274 3275
f 3265 3267 3276
f 3265 3276 3274
f 3267 3268 3277
f 3267 3277 3276
f 3268 3269 3278
f 3268 3278 3277
f 3269 3270 3279
f 3269 3279 3278
f 3270 3271 3280
f 3270 3280 3279
f 3271 3272 3281
f 3271 3281 3280
f 3272 3273 3282
f 3272 3282 3281
g KMENY
f 3500 3501 3502
f 3500 3502 3503
f 3501 3504 3505
f 3501 3505 3502
f 3504 3506 3507
f 3504 3507 3505
f 3506 3508 3509
f 3506 3509 3507
f 3508 3510 3511
f 3508 3511 3509
f 3510 3512 3513
f 3510 3513 3511
f 3512 3514 3515
f 3512 3515 3513
f 3514 3516 3517
f 3514 3517 3515
f 3516 3518 3519
f 3516 3519 3517
f 3518 3520 3521
f 3518 3521 3519
f 3520 3522 3523
f 3520 3523 3521
f 3522 3524 3525
f 3522 3525 3523
f 3524 3526 3527
f 3524 3527 3525
f 3526 3528 3529
f 3526 3529 3527
f 3528 3530 3531
f 3528 3531 3529
f 3530 3500 3503
f 3530 3503 3531
f 3678 3679 3680
f 3678 3680 3681
f 3679 3682 3683
f 3679 3683 3680
f 3682 3684 3685
f 3682 3685 3683
f 3684 3686 3687
f 3684 3687 3685
f 3686 3688 3689
f 3686 3689 3687
f 3688 3690 3691
f 3688 3691 3689
f 3690 3692 3693
f 3690 3693 3691
f 3692 3694 3695
f 3692 3695 3693
f 3694 3696 3697
f 3694 3697 3695
f 3696 3698 3699
f 3696 3699 3697
f 3698 3700 3701
f 3698 3701 3699
f 3700 3702 3703
f 3700 3703 3701
f 3702 3704 3705
f 3702 3705 3703
f 3704 3706 3707
f 3704 3707 3705
f 3706 3708 3709
f 3706 3709 3707
f 3708 3678 3681
f 3708 3681 3709
f 3873 3874 3875
f 3873 3875 3876
f 3874 3877 3878
f 3874 3878 3875
f 3877 3879 3880
f 3877 3880 3878
f 3879 3881 3882
f 3879 3882 3880
f 3881 3883 3884
f 3881 3884 3882
f 3883 3885 3886
f 3883 3886 3884
f 3885 3887 3888
f 3885 3888 3886
f 3887 3889 3890
f 3887 3890 3888
f 3889 3891 3892
f 3889 3892 3890
f 3891 3893 3894
f 3891 3894 3892
f 3893 3895 3896
f 3893 3896 3894
f 3895 3897 3898
f 3895 3898 3896
f 3897 3899 3900
f 3897 3900 3898
f 3899 3901 3902
f 3899 3902 3900
f 3901 3903 3904
f 3901 3904 3902
f 3903 3873 3876
f 3903 3876 3904
f 3922 3923 3924
f 3922 3924 3925
f 3923 3926 3927
f 3923 3927 3924
f 3926 3928 3929
f 3926 3929 3927
f 3928 3930 3931
f 3928 3931 3929
f 3930 3932 3933
f 3930 3933 3931
f 3932 3934 3935
f 3932 3935 3933
f 3934 3936 3937
f 3934 3937 3935
f 3936 3938 3939
f 3936 3939 3937
f 3938 3940 3941
f 3938 3941 3939
f 3940 3942 3943
f 3940 3943 3941
f 3942 3944 3945
f 3942 3945 3943
f 3944 3946 3947
f 3944 3947 3945
f 3946 3948 3949
f 3946 3949 3947
f 3948 3950 3951
f 3948 3951 3949
f 3950 3952 3953
f 3950 3953 3951
f 3952 3922 3925
f 3952 3925 3953
f 3954 3955 3956
f 3954 3956 3957
f 3955 3958 3959
f 3955 3959 3956
f 3958 3960 3961
f 3958 3961 3959
f 3960 3962 3963
f 3960 3963 3961
f 3962 3964 3965
f 3962 3965 3963
f 3964 3966 3967
f 3964 3967 3965
f 3966 3968 3969
f 3966 3969 3967
f 3968 3970 3971
f 3968 3971 3969
f 3970 3972 3973
f 3970 3973 3971
f 3972 3974 3975
f 3972 3975 3973
f 3974 3976 3977
f 3974 3977 3975
f 3976 3978 3979
f 3976 3979 3977
f 3978 3980 3981
f 3978 3981 3979
f 3980 3982 3983
f 3980 3983 3981
f 3982 3984 3985
f 3982 3985 3983
f 3984 3954 3957
f 3984 3957 3985
f 4140 4141 4142
f 4140 4142 4143
f 4141 4144 4145
f 4141 4145 4142
f 4144 4146 4147
f 4144 4147 4145
f 4146 4148 4149
f 4146 4149 4147
f 4148 4150 4151
f 4148 4151 4149
f 4150 4152 4153
f 4150 4153 4151
f 4152 4154 4155
f 4152 4155 4153
f 4154 4156 4157
f 4154 4157 4155
f 4156 4158 4159
f 4156 4159 4157
f 4158 4160 4161
f 4158 4161 4159
f 4160 4162 4163
f 4160 4163 4161
f 4162 4164 4165
f 4162 4165 4163
f 4164 4166 4167
f 4164 4167 4165
f 4166 4168 4169
f 4166 4169 4167
f 4168 4170 4171
f 4168 4171 4169
f 4170 4140 4143
f 4170 4143 4171
f 4318 4319 4320
f 4318 4320 4321
f 4319 4322 4323
f 4319 4323 4320
f 4322 4324 4325
f 4322 4325 4323
f 4324 4326 4327
f 4324 4327 4325
f 4326 4328 4329
f 4326 4329 4327
f 4328 4330 4331
f 4328 4331 4329
f 4330 4332 4333
f 4330 4333 4331
f 4332 4334 4335
f 4332 4335 4333
f 4334 4336 4337
f 4334 4337 4335
f 4336 4338 4339
f 4336 4339 4337
f 4338 4340 4341
f 4338 4341 4339
f 4340 4342 4343
f 4340 4343 4341
f 4342 4344 4345
f 4342 4345 4343
f 4344 4346 4347
f 4344 4347 4345
f 4346 4348 4349
f 4346 4349 4347
f 4348 4318 4321
f 4348 4321 4349
f 4496 4497 4498
f 4496 4498 4499
f 4497 4500 4501
f 4497 4501 4498
f 4500 4502 4503
f 4500 4503 4501
f 4502 4504 4505
f 4502 4505 4503
f 4504 4506 4507
f 4504 4507 4505
f 4506 4508 4509
f 4506 4509 4507
f 4508 4510 4511
f 4508 4511 4509
f 4510 4512 4513
f 4510 4513 4511
f 4512 4514 4515
f 4512 4515 4513
f 4514 4516 4517
f 4514 4517 4515
f 4516 4518 4519
f 4516 4519 4517
f 4518 4520 4521
f 4518 4521 4519
f 4520 4522 4523
f 4520 4523 4521
f 4522 4524 4525
f 4522 4525 4523
f 4524 4526 4527
f 4524 4527 4525
f 4526 4496 4499
f 4526 4499 4527
f 4674 4675 4676
f 4674 4676 4677
f 4675 4678 4679
f 4675 4679 4676
f 4678 4680 4681
f 4678 4681 4679
f 4680 4682 4683
f 4680 4683 4681
f 4682 4684 4685
f 4682 4685 4683
f 4684 4686 4687
f 4684 4687 4685
f 4686 4688 4689
f 4686 4689 4687
f 4688 4690 4691
f 4688 4691 4689
f 4690 4692 4693
f 4690 4693 4691
f 4692 4694 4695
f 4692 4695 4693
f 4694 4696 4697
f 4694 4697 4695
f 4696 4698 4699
f 4696 4699 4697
f 4698 4700 4701
f 4698 4701 4699
f 4700 4702 4703
f 4700 4703 4701
f 4702 4704 4705
f 4702 4705 4703
f 4704 4674 4677
f 4704 4677 4705
f 4868 4869 4870
f 4868 4870 4871
f 4869 4872 4873
f 4869 4873 4870
f 4872 4874 4875
f 4872 4875 4873
f 4874 4876 4877
f 4874 4877 4875
f 4876 4878 4879
f 4876 4879 4877
f 4878 4880 4881
f 4878 4881 4879
f 4880 4882 4883
f 4880 4883 4881
f 4882 4884 4885
f 4882 4885 4883
f 4884 4886 4887
f 4884 4887 4885
f 4886 4888 4889
f 4886 4889 4887
f 4888 4890 4891
f 4888 4891 4889
f 4890 4892 4893
f 4890 4893 4891
f 4892 4894 4895
f 4892 4895 4893
f 4894 4896 4897
f 4894 4897 4895
f 4896 4898 4899
f 4896 4899 4897
f 4898 4868 4871
f 4898 4871 4899
g KOMINY
f 3283 3284 3285
f 3283 3285 3286
f 3284 3287 3288
f 3284 3288 3285
f 3287 3289 3290
f 3287 3290 3288
f 3289 3283 3286
f 3289 3286 3290
f 3286 3285 3288
f 3286 3288 3290
f 3291 3292 3293
f 3291 3293 3294
f 3292 3295 3296
f 3292 3296 3293
f 3295 3297 3298
f 3295 3298 3296
f 3297 3291 3294
f 3297 3294 3298
f 3294 3293 3296
f 3294 3296 3298
f 3299 3300 3301
f 3299 3301 3302
f 3300 3303 3304
f 3300 3304 3301
f 3303 3305 3306
f 3303 3306 3304
f 3305 3299 3302
f 3305 3302 3306
f 3302 3301 3304
f 3302 3304 3306
f 3307 3308 3309
f 3307 3309 3310
f 3308 3311 3312
f 3308 3312 3309
f 3311 3313 3314
f 3311 3314 3312
f 3313 3307 3310
f 3313 3310 3314
f 3310 3309 3312
f 3310 3312 3314
f 3315 3316 3317
f 3315 3317 3318
f 3316 3319 3320
f 3316 3320 3317
f 3319 3321 3322
f 3319 3322 3320
f 3321 3315 3318
f 3321 3318 3322
f 3318 3317 3320
f 3318 3320 3322
g MANSARDA
f 4 3 9
f 4 9 10
f 3 6 11
f 3 11 9
f 6 8 12
f 6 12 11
f 8 4 10
f 8 10 12
g SOUSEDNI_ZASTAVBA
f 4132 4133 4134
f 4132 4134 4135
f 4133 4136 4137
f 4133 4137 4134
f 4136 4138 4139
f 4136 4139 4137
f 4138 4132 4135
f 4138 4135 4139
f 4135 4134 4137
f 4135 4137 4139
f 4852 4853 4854
f 4852 4854 4855
f 4853 4856 4857
f 4853 4857 4854
f 4856 4858 4859
f 4856 4859 4857
f 4858 4852 4855
f 4858 4855 4859
f 4855 4854 4857
f 4855 4857 4859
f 4860 4861 4862
f 4860 4862 4863
f 4861 4864 4865
f 4861 4865 4862
f 4864 4866 4867
f 4864 4867 4865
f 4866 4860 4863
f 4866 4863 4867
f 4863 4862 4865
f 4863 4865 4867
g STRECHA_JIH
f 10 13 14
f 10 14 15
f 15 14 16
f 15 16 17
f 17 16 18
f 17 18 19
f 19 18 20
f 19 20 21
f 21 20 22
f 21 22 23
f 23 22 24
f 23 24 25
f 25 24 26
f 25 26 27
f 27 26 28
f 27 28 29
f 29 28 30
f 29 30 31
f 31 30 32
f 31 32 33
f 33 32 34
f 33 34 35
f 35 34 36
f 35 36 37
f 37 36 38
f 37 38 39
f 39 38 40
f 39 40 41
f 41 40 42
f 41 42 43
f 43 42 44
f 43 44 45
f 45 44 46
f 45 46 47
f 47 46 48
f 47 48 49
f 49 48 50
f 49 50 51
f 51 50 52
f 51 52 53
f 53 52 54
f 53 54 55
f 55 54 56
f 55 56 57
f 13 58 59
f 13 59 14
f 14 59 60
f 14 60 16
f 16 60 61
f 16 61 18
f 18 61 62
f 18 62 20
f 20 62 63
f 20 63 22
f 22 63 64
f 22 64 24
f 24 64 65
f 24 65 26
f 26 65 66
f 26 66 28
f 28 66 67
f 28 67 30
f 30 67 68
f 30 68 32
f 32 68 69
f 32 69 34
f 34 69 70
f 34 70 36
f 36 70 71
f 36 71 38
f 38 71 72
f 38 72 40
f 40 72 73
f 40 73 42
f 42 73 74
f 42 74 44
f 44 74 75
f 44 75 46
f 46 75 76
f 46 76 48
f 48 76 77
f 48 77 50
f 50 77 78
f 50 78 52
f 52 78 79
f 52 79 54
f 54 79 80
f 54 80 56
f 58 81 82
f 58 82 59
f 59 82 83
f 59 83 60
f 60 83 84
f 60 84 61
f 61 84 85
f 61 85 62
f 62 85 86
f 62 86 63
f 63 86 87
f 63 87 64
f 64 87 88
f 64 88 65
f 65 88 89
f 65 89 66
f 66 89 90
f 66 90 67
f 67 90 91
f 67 91 68
f 68 91 92
f 68 92 69
f 69 92 93
f 69 93 70
f 70 93 94
f 70 94 71
f 71 94 95
f 71 95 72
f 72 95 96
f 72 96 73
f 73 96 97
f 73 97 74
f 74 97 98
f 74 98 75
f 75 98 99
f 75 99 76
f 76 99 100
f 76 100 77
f 77 100 101
f 77 101 78
f 78 101 102
f 78 102 79
f 79 102 103
f 79 103 80
f 81 104 105
f 81 105 82
f 82 105 106
f 82 106 83
f 83 106 107
f 83 107 84
f 84 107 108
f 84 108 85
f 85 108 109
f 85 109 86
f 86 109 110
f 86 110 87
f 87 110 111
f 87 111 88
f 88 111 112
f 88 112 89
f 89 112 113
f 89 113 90
f 90 113 114
f 90 114 91
f 91 114 115
f 91 115 92
f 92 115 116
f 92 116 93
f 93 116 117
f 93 117 94
f 94 117 118
f 94 118 95
f 95 118 119
f 95 119 96
f 96 119 120
f 96 120 97
f 97 120 121
f 97 121 98
f 98 121 122
f 98 122 99
f 99 122 123
f 99 123 100
f 100 123 124
f 100 124 101
f 101 124 125
f 101 125 102
f 102 125 126
f 102 126 103
f 104 127 128
f 104 128 105
f 105 128 129
f 105 129 106
f 106 129 130
f 106 130 107
f 107 130 131
f 107 131 108
f 108 131 132
f 108 132 109
f 109 132 133
f 109 133 110
f 110 133 134
f 110 134 111
f 111 134 135
f 111 135 112
f 112 135 136
f 112 136 113
f 113 136 137
f 113 137 114
f 114 137 138
f 114 138 115
f 115 138 139
f 115 139 116
f 116 139 140
f 116 140 117
f 117 140 141
f 117 141 118
f 118 141 142
f 118 142 119
f 119 142 143
f 119 143 120
f 120 143 144
f 120 144 121
f 121 144 145
f 121 145 122
f 122 145 146
f 122 146 123
f 123 146 147
f 123 147 124
f 124 147 148
f 124 148 125
f 125 148 149
f 125 149 126
f 127 150 151
f 127 151 128
f 128 151 152
f 128 152 129
f 129 152 153
f 129 153 130
f 130 153 154
f 130 154 131
f 131 154 155
f 131 155 132
f 132 155 156
f 132 156 133
f 133 156 157
f 133 157 134
f 134 157 158
f 134 158 135
f 135 158 159
f 135 159 136
f 136 159 160
f 136 160 137
f 137 160 161
f 137 161 138
f 138 161 162
f 138 162 139
f 139 162 163
f 139 163 140
f 140 163 164
f 140 164 141
f 141 164 165
f 141 165 142
f 142 165 166
f 142 166 143
f 143 166 167
f 143 167 144
f 144 167 168
f 144 168 145
f 145 168 169
f 145 169 146
f 146 169 170
f 146 170 147
f 147 170 171
f 147 171 148
f 148 171 172
f 148 172 149
f 150 173 174
f 150 174 151
f 151 174 175
f 151 175 152
f 152 175 176
f 152 176 153
f 153 176 177
f 153 177 154
f 154 177 178
f 154 178 155
f 155 178 179
f 155 179 156
f 156 179 180
f 156 180 157
f 157 180 181
f 157 181 158
f 158 181 182
f 158 182 159
f 159 182 183
f 159 183 160
f 160 183 184
f 160 184 161
f 161 184 185
f 161 185 162
f 162 185 186
f 162 186 163
f 163 186 187
f 163 187 164
f 164 187 188
f 164 188 165
f 165 188 189
f 165 189 166
f 166 189 190
f 166 190 167
f 167 190 191
f 167 191 168
f 168 191 192
f 168 192 169
f 169 192 193
f 169 193 170
f 170 193 194
f 170 194 171
f 171 194 195
f 171 195 172
f 173 196 197
f 173 197 174
f 174 197 198
f 174 198 175
f 175 198 199
f 175 199 176
f 176 199 200
f 176 200 177
f 177 200 201
f 177 201 178
f 178 201 202
f 178 202 179
f 179 202 203
f 179 203 180
f 180 203 204
f 180 204 181
f 181 204 205
f 181 205 182
f 182 205 206
f 182 206 183
f 183 206 207
f 183 207 184
f 184 207 208
f 184 208 185
f 185 208 209
f 185 209 186
f 186 209 210
f 186 210 187
f 187 210 211
f 187 211 188
f 188 211 212
f 188 212 189
f 189 212 213
f 189 213 190
f 190 213 214
f 190 214 191
f 191 214 215
f 191 215 192
f 192 215 216
f 192 216 193
f 193 216 217
f 193 217 194
f 194 217 218
f 194 218 195
f 196 219 220
f 196 220 197
f 197 220 221
f 197 221 198
f 198 221 222
f 198 222 199
f 199 222 223
f 199 223 200
f 200 223 224
f 200 224 201
f 201 224 225
f 201 225 202
f 202 225 226
f 202 226 203
f 203 226 227
f 203 227 204
f 204 227 228
f 204 228 205
f 205 228 229
f 205 229 206
f 206 229 230
f 206 230 207
f 207 230 231
f 207 231 208
f 208 231 232
f 208 232 209
f 209 232 233
f 209 233 210
f 210 233 234
f 210 234 211
f 211 234 235
f 211 235 212
f 212 235 236
f 212 236 213
f 213 236 237
f 213 237 214
f 214 237 238
f 214 238 215
f 215 238 239
f 215 239 216
f 216 239 240
f 216 240 217
f 217 240 241
f 217 241 218
f 219 242 243
f 219 243 220
f 220 243 244
f 220 244 221
f 221 244 245
f 221 245 222
f 222 245 246
f 222 246 223
f 223 246 247
f 223 247 224
f 224 247 248
f 224 248 225
f 225 248 249
f 225 249 226
f 226 249 250
f 226 250 227
f 227 250 251
f 227 251 228
f 228 251 252
f 228 252 229
f 229 252 253
f 229 253 230
f 230 253 254
f 230 254 231
f 231 254 255
f 231 255 232
f 232 255 256
f 232 256 233
f 233 256 257
f 233 257 234
f 234 257 258
f 234 258 235
f 235 258 259
f 235 259 236
f 236 259 260
f 236 260 237
f 237 260 261
f 237 261 238
f 238 261 262
f 238 262 239
f 239 262 263
f 239 263 240
f 240 263 264
f 240 264 241
f 242 265 266
f 242 266 243
f 243 266 267
f 243 267 244
f 244 267 268
f 244 268 245
f 245 268 269
f 245 269 246
f 246 269 270
f 246 270 247
f 247 270 271
f 247 271 248
f 248 271 272
f 248 272 249
f 249 272 273
f 249 273 250
f 250 273 274
f 250 274 251
f 251 274 275
f 251 275 252
f 252 275 276
f 252 276 253
f 253 276 277
f 253 277 254
f 254 277 278
f 254 278 255
f 255 278 279
f 255 279 256
f 256 279 280
f 256 280 257
f 257 280 281
f 257 281 258
f 258 281 282
f 258 282 259
f 259 282 283
f 259 283 260
f 260 283 284
f 260 284 261
f 261 284 285
f 261 285 262
f 262 285 286
f 262 286 263
f 263 286 287
f 263 287 264
f 265 288 289
f 265 289 266
f 266 289 290
f 266 290 267
f 267 290 291
f 267 291 268
f 268 291 292
f 268 292 269
f 269 292 293
f 269 293 270
f 270 293 294
f 270 294 271
f 271 294 295
f 271 295 272
f 272 295 296
f 272 296 273
f 273 296 297
f 273 297 274
f 274 297 298
f 274 298 275
f 275 298 299
f 275 299 276
f 276 299 300
f 276 300 277
f 277 300 301
f 277 301 278
f 278 301 302
f 278 302 279
f 279 302 303
f 279 303 280
f 280 303 304
f 280 304 281
f 281 304 305
f 281 305 282
f 282 305 306
f 282 306 283
f 283 306 307
f 283 307 284
f 284 307 308
f 284 308 285
f 285 308 309
f 285 309 286
f 286 309 310
f 286 310 287
f 288 311 312
f 288 312 289
f 289 312 313
f 289 313 290
f 290 313 314
f 290 314 291
f 291 314 315
f 291 315 292
f 292 315 316
f 292 316 293
f 293 316 317
f 293 317 294
f 294 317 318
f 294 318 295
f 295 318 319
f 295 319 296
f 296 319 320
f 296 320 297
f 297 320 321
f 297 321 298
f 298 321 322
f 298 322 299
f 299 322 323
f 299 323 300
f 300 323 324
f 300 324 301
f 301 324 325
f 301 325 302
f 302 325 326
f 302 326 303
f 303 326 327
f 303 327 304
f 304 327 328
f 304 328 305
f 305 328 329
f 305 329 306
f 306 329 330
f 306 330 307
f 307 330 331
f 307 331 308
f 308 331 332
f 308 332 309
f 309 332 333
f 309 333 310
f 311 334 335
f 311 335 312
f 312 335 336
f 312 336 313
f 313 336 337
f 313 337 314
f 314 337 338
f 314 338 315
f 315 338 339
f 315 339 316
f 316 339 340
f 316 340 317
f 317 340 341
f 317 341 318
f 318 341 342
f 318 342 319
f 319 342 343
f 319 343 320
f 320 343 344
f 320 344 321
f 321 344 345
f 321 345 322
f 322 345 346
f 322 346 323
f 323 346 347
f 323 347 324
f 324 347 348
f 324 348 325
f 325 348 349
f 325 349 326
f 326 349 350
f 326 350 327
f 327 350 351
f 327 351 328
f 328 351 352
f 328 352 329
f 329 352 353
f 329 353 330
f 330 353 354
f 330 354 331
f 331 354 355
f 331 355 332
f 332 355 356
f 332 356 333
f 334 357 358
f 334 358 335
f 335 358 359
f 335 359 336
f 336 359 360
f 336 360 337
f 337 360 361
f 337 361 338
f 338 361 362
f 338 362 339
f 339 362 363
f 339 363 340
f 340 363 364
f 340 364 341
f 341 364 365
f 341 365 342
f 342 365 366
f 342 366 343
f 343 366 367
f 343 367 344
f 344 367 368
f 344 368 345
f 345 368 369
f 345 369 346
f 346 369 370
f 346 370 347
f 347 370 371
f 347 371 348
f 348 371 372
f 348 372 349
f 349 372 373
f 349 373 350
f 350 373 374
f 350 374 351
f 351 374 375
f 351 375 352
f 352 375 376
f 352 376 353
f 353 376 377
f 353 377 354
f 354 377 378
f 354 378 355
f 355 378 379
f 355 379 356
f 357 380 381
f 357 381 358
f 358 381 382
f 358 382 359
f 359 382 383
f 359 383 360
f 360 383 384
f 360 384 361
f 361 384 385
f 361 385 362
f 362 385 386
f 362 386 363
f 363 386 387
f 363 387 364
f 364 387 388
f 364 388 365
f 365 388 389
f 365 389 366
f 366 389 390
f 366 390 367
f 367 390 391
f 367 391 368
f 368 391 392
f 368 392 369
f 369 392 393
f 369 393 370
f 370 393 394
f 370 394 371
f 371 394 395
f 371 395 372
f 372 395 396
f 372 396 373
f 373 396 397
f 373 397 374
f 374 397 398
f 374 398 375
f 375 398 399
f 375 399 376
f 376 399 400
f 376 400 377
f 377 400 401
f 377 401 378
f 378 401 402
f 378 402 379
f 380 403 404
f 380 404 381
f 381 404 405
f 381 405 382
f 382 405 406
f 382 406 383
f 383 406 407
f 383 407 384
f 384 407 408
f 384 408 385
f 385 408 409
f 385 409 386
f 386 409 410
f 386 410 387
f 387 410 411
f 387 411 388
f 388 411 412
f 388 412 389
f 389 412 413
f 389 413 390
f 390 413 414
f 390 414 391
f 391 414 415
f 391 415 392
f 392 415 416
f 392 416 393
f 393 416 417
f 393 417 394
f 394 417 418
f 394 418 395
f 395 418 419
f 395 419 396
f 396 419 420
f 396 420 397
f 397 420 421
f 397 421 398
f 398 421 422
f 398 422 399
f 399 422 423
f 399 423 400
f 400 423 424
f 400 424 401
f 401 424 425
f 401 425 402
f 403 426 427
f 403 427 404
f 404 427 428
f 404 428 405
f 405 428 429
f 405 429 406
f 406 429 430
f 406 430 407
f 407 430 431
f 407 431 408
f 408 431 432
f 408 432 409
f 409 432 433
f 409 433 410
f 410 433 434
f 410 434 411
f 411 434 435
f 411 435 412
f 412 435 436
f 412 436 413
f 413 436 437
f 413 437 414
f 414 437 438
f 414 438 415
f 415 438 439
f 415 439 416
f 416 439 440
f 416 440 417
f 417 440 441
f 417 441 418
f 418 441 442
f 418 442 419
f 419 442 443
f 419 443 420
f 420 443 444
f 420 444 421
f 421 444 445
f 421 445 422
f 422 445 446
f 422 446 423
f 423 446 447
f 423 447 424
f 424 447 448
f 424 448 425
f 426 449 450
f 426 450 427
f 427 450 451
f 427 451 428
f 428 451 452
f 428 452 429
f 429 452 453
f 429 453 430
f 430 453 454
f 430 454 431
f 431 454 455
f 431 455 432
f 432 455 456
f 432 456 433
f 433 456 457
f 433 457 434
f 434 457 458
f 434 458 435
f 435 458 459
f 435 459 436
f 436 459 460
f 436 460 437
f 437 460 461
f 437 461 438
f 438 461 462
f 438 462 439
f 439 462 463
f 439 463 440
f 440 463 464
f 440 464 441
f 441 464 465
f 441 465 442
f 442 465 466
f 442 466 443
f 443 466 467
f 443 467 444
f 444 467 468
f 444 468 445
f 445 468 469
f 445 469 446
f 446 469 470
f 446 470 447
f 447 470 471
f 447 471 448
f 449 472 473
f 449 473 450
f 450 473 474
f 450 474 451
f 451 474 475
f 451 475 452
f 452 475 476
f 452 476 453
f 453 476 477
f 453 477 454
f 454 477 478
f 454 478 455
f 455 478 479
f 455 479 456
f 456 479 480
f 456 480 457
f 457 480 481
f 457 481 458
f 458 481 482
f 458 482 459
f 459 482 483
f 459 483 460
f 460 483 484
f 460 484 461
f 461 484 485
f 461 485 462
f 462 485 486
f 462 486 463
f 463 486 487
f 463 487 464
f 464 487 488
f 464 488 465
f 465 488 489
f 465 489 466
f 466 489 490
f 466 490 467
f 467 490 491
f 467 491 468
f 468 491 492
f 468 492 469
f 469 492 493
f 469 493 470
f 470 493 494
f 470 494 471
f 472 495 496
f 472 496 473
f 473 496 497
f 473 497 474
f 474 497 498
f 474 498 475
f 475 498 499
f 475 499 476
f 476 499 500
f 476 500 477
f 477 500 501
f 477 501 478
f 478 501 502
f 478 502 479
f 479 502 503
f 479 503 480
f 480 503 504
f 480 504 481
f 481 504 505
f 481 505 482
f 482 505 506
f 482 506 483
f 483 506 507
f 483 507 484
f 484 507 508
f 484 508 485
f 485 508 509
f 485 509 486
f 486 509 510
f 486 510 487
f 487 510 511
f 487 511 488
f 488 511 512
f 488 512 489
f 489 512 513
f 489 513 490
f 490 513 514
f 490 514 491
f 491 514 515
f 491 515 492
f 492 515 516
f 492 516 493
f 493 516 517
f 493 517 494
f 495 9 518
f 495 518 496
f 496 518 519
f 496 519 497
f 497 519 520
f 497 520 498
f 498 520 521
f 498 521 499
f 499 521 522
f 499 522 500
f 500 522 523
f 500 523 501
f 501 523 524
f 501 524 502
f 502 524 525
f 502 525 503
f 503 525 526
f 503 526 504
f 504 526 527
f 504 527 505
f 505 527 528
f 505 528 506
f 506 528 529
f 506 529 507
f 507 529 530
f 507 530 508
f 508 530 531
f 508 531 509
f 509 531 532
f 509 532 510
f 510 532 533
f 510 533 511
f 511 533 534
f 511 534 512
f 512 534 535
f 512 535 513
f 513 535 536
f 513 536 514
f 514 536 537
f 514 537 515
f 515 537 538
f 515 538 516
f 516 538 539
f 516 539 517
g STRECHA_SEVER
f 11 1023 1024
f 11 1024 1002
f 1002 1024 1025
f 1002 1025 1003
f 1003 1025 1026
f 1003 1026 1004
f 1004 1026 1027
f 1004 1027 1005
f 1005 1027 1028
f 1005 1028 1006
f 1006 1028 1029
f 1006 1029 1007
f 1007 1029 1030
f 1007 1030 1008
f 1008 1030 1031
f 1008 1031 1009
f 1009 1031 1032
f 1009 1032 1010
f 1010 1032 1033
f 1010 1033 1011
f 1011 1033 1034
f 1011 1034 1012
f 1012 1034 1035
f 1012 1035 1013
f 1013 1035 1036
f 1013 1036 1014
f 1014 1036 1037
f 1014 1037 1015
f 1015 1037 1038
f 1015 1038 1016
f 1016 1038 1039
f 1016 1039 1017
f 1017 1039 1040
f 1017 1040 1018
f 1018 1040 1041
f 1018 1041 1019
f 1019 1041 1042
f 1019 1042 1020
f 1020 1042 1043
f 1020 1043 1021
f 1021 1043 1044
f 1021 1044 1022
f 1022 1044 517
f 1022 517 539
f 1023 1045 1046
f 1023 1046 1024
f 1024 1046 1047
f 1024 1047 1025
f 1025 1047 1048
f 1025 1048 1026
f 1026 1048 1049
f 1026 1049 1027
f 1027 1049 1050
f 1027 1050 1028
f 1028 1050 1051
f 1028 1051 1029
f 1029 1051 1052
f 1029 1052 1030
f 1030 1052 1053
f 1030 1053 1031
f 1031 1053 1054
f 1031 1054 1032
f 1032 1054 1055
f 1032 1055 1033
f 1033 1055 1056
f 1033 1056 1034
f 1034 1056 1057
f 1034 1057 1035
f 1035 1057 1058
f 1035 1058 1036
f 1036 1058 1059
f 1036 1059 1037
f 1037 1059 1060
f 1037 1060 1038
f 1038 1060 1061
f 1038 1061 1039
f 1039 1061 1062
f 1039 1062 1040
f 1040 1062 1063
f 1040 1063 1041
f 1041 1063 1064
f 1041 1064 1042
f 1042 1064 1065
f 1042 1065 1043
f 1043 1065 1066
f 1043 1066 1044
f 1044 1066 494
f 1044 494 517
f 1045 1067 1068
f 1045 1068 1046
f 1046 1068 1069
f 1046 1069 1047
f 1047 1069 1070
f 1047 1070 1048
f 1048 1070 1071
f 1048 1071 1049
f 1049 1071 1072
f 1049 1072 1050
f 1050 1072 1073
f 1050 1073 1051
f 1051 1073 1074
f 1051 1074 1052
f 1052 1074 1075
f 1052 1075 1053
f 1053 1075 1076
f 1053 1076 1054
f 1054 1076 1077
f 1054 1077 1055
f 1055 1077 1078
f 1055 1078 1056
f 1056 1078 1079
f 1056 1079 1057
f 1057 1079 1080
f 1057 1080 1058
f 1058 1080 1081
f 1058 1081 1059
f 1059 1081 1082
f 1059 1082 1060
f 1060 1082 1083
f 1060 1083 1061
f 1061 1083 1084
f 1061 1084 1062
f 1062 1084 1085
f 1062 1085 1063
f 1063 1085 1086
f 1063 1086 1064
f 1064 1086 1087
f 1064 1087 1065
f 1065 1087 1088
f 1065 1088 1066
f 1066 1088 471
f 1066 471 494
f 1067 1089 1090
f 1067 1090 1068
f 1068 1090 1091
f 1068 1091 1069
f 1069 1091 1092
f 1069 1092 1070
f 1070 1092 1093
f 1070 1093 1071
f 1071 1093 1094
f 1071 1094 1072
f 1072 1094 1095
f 1072 1095 1073
f 1073 1095 1096
f 1073 1096 1074
f 1074 1096 1097
f 1074 1097 1075
f 1075 1097 1098
f 1075 1098 1076
f 1076 1098 1099
f 1076 1099 1077
f 1077 1099 1100
f 1077 1100 1078
f 1078 1100 1101
f 1078 1101 1079
f 1079 1101 1102
f 1079 1102 1080
f 1080 1102 1103
f 1080 1103 1081
f 1081 1103 1104
f 1081 1104 1082
f 1082 1104 1105
f 1082 1105 1083
f 1083 1105 1106
f 1083 1106 1084
f 1084 1106 1107
f 1084 1107 1085
f 1085 1107 1108
f 1085 1108 1086
f 1086 1108 1109
f 1086 1109 1087
f 1087 1109 1110
f 1087 1110 1088
f 1088 1110 448
f 1088 448 471
f 1089 1111 1112
f 1089 1112 1090
f 1090 1112 1113
f 1090 1113 1091
f 1091 1113 1114
f 1091 1114 1092
f 1092 1114 1115
f 1092 1115 1093
f 1093 1115 1116
f 1093 1116 1094
f 1094 1116 1117
f 1094 1117 1095
f 1095 1117 1118
f 1095 1118 1096
f 1096 1118 1119
f 1096 1119 1097
f 1097 1119 1120
f 1097 1120 1098
f 1098 1120 1121
f 1098 1121 1099
f 1099 1121 1122
f 1099 1122 1100
f 1100 1122 1123
f 1100 1123 1101
f 1101 1123 1124
f 1101 1124 1102
f 1102 1124 1125
f 1102 1125 1103
f 1103 1125 1126
f 1103 1126 1104
f 1104 1126 1127
f 1104 1127 1105
f 1105 1127 1128
f 1105 1128 1106
f 1106 1128 1129
f 1106 1129 1107
f 1107 1129 1130
f 1107 1130 1108
f 1108 1130 1131
f 1108 1131 1109
f 1109 1131 1132
f 1109 1132 1110
f 1110 1132 425
f 1110 425 448
f 1111 1133 1134
f 1111 1134 1112
f 1112 1134 1135
f 1112 1135 1113
f 1113 1135 1136
f 1113 1136 1114
f 1114 1136 1137
f 1114 1137 1115
f 1115 1137 1138
f 1115 1138 1116
f 1116 1138 1139
f 1116 1139 1117
f 1117 1139 1140
f 1117 1140 1118
f 1118 1140 1141
f 1118 1141 1119
f 1119 1141 1142
f 1119 1142 1120
f 1120 1142 1143
f 1120 1143 1121
f 1121 1143 1144
f 1121 1144 1122
f 1122 1144 1145
f 1122 1145 1123
f 1123 1145 1146
f 1123 1146 1124
f 1124 1146 1147
f 1124 1147 1125
f 1125 1147 1148
f 1125 1148 1126
f 1126 1148 1149
f 1126 1149 1127
f 1127 1149 1150
f 1127 1150 1128
f 1128 1150 1151
f 1128 1151 1129
f 1129 1151 1152
f 1129 1152 1130
f 1130 1152 1153
f 1130 1153 1131
f 1131 1153 1154
f 1131 1154 1132
f 1132 1154 402
f 1132 402 425
f 1133 1155 1156
f 1133 1156 1134
f 1134 1156 1157
f 1134 1157 1135
f 1135 1157 1158
f 1135 1158 1136
f 1136 1158 1159
f 1136 1159 1137
f 1137 1159 1160
f 1137 1160 1138
f 1138 1160 1161
f 1138 1161 1139
f 1139 1161 1162
f 1139 1162 1140
f 1140 1162 1163
f 1140 1163 1141
f 1141 1163 1164
f 1141 1164 1142
f 1142 1164 1165
f 1142 1165 1143
f 1143 1165 1166
f 1143 1166 1144
f 1144 1166 1167
f 1144 1167 1145
f 1145 1167 1168
f 1145 1168 1146
f 1146 1168 1169
f 1146 1169 1147
f 1147 1169 1170
f 1147 1170 1148
f 1148 1170 1171
f 1148 1171 1149
f 1149 1171 1172
f 1149 1172 1150
f 1150 1172 1173
f 1150 1173 1151
f 1151 1173 1174
f 1151 1174 1152
f 1152 1174 1175
f 1152 1175 1153
f 1153 1175 1176
f 1153 1176 1154
f 1154 1176 379
f 1154 379 402
f 1155 1177 1178
f 1155 1178 1156
f 1156 1178 1179
f 1156 1179 1157
f 1157 1179 1180
f 1157 1180 1158
f 1158 1180 1181
f 1158 1181 1159
f 1159 1181 1182
f 1159 1182 1160
f 1160 1182 1183
f 1160 1183 1161
f 1161 1183 1184
f 1161 1184 1162
f 1162 1184 1185
f 1162 1185 1163
f 1163 1185 1186
f 1163 1186 1164
f 1164 1186 1187
f 1164 1187 1165
f 1165 1187 1188
f 1165 1188 1166
f 1166 1188 1189
f 1166 1189 1167
f 1167 1189 1190
f 1167 1190 1168
f 1168 1190 1191
f 1168 1191 1169
f 1169 1191 1192
f 1169 1192 1170
f 1170 1192 1193
f 1170 1193 1171
f 1171 1193 1194
f 1171 1194 1172
f 1172 1194 1195
f 1172 1195 1173
f 1173 1195 1196
f 1173 1196 1174
f 1174 1196 1197
f 1174 1197 1175
f 1175 1197 1198
f 1175 1198 1176
f 1176 1198 356
f 1176 356 379
f 1177 1199 1200
f 1177 1200 1178
f 1178 1200 1201
f 1178 1201 1179
f 1179 1201 1202
f 1179 1202 1180
f 1180 1202 1203
f 1180 1203 1181
f 1181 1203 1204
f 1181 1204 1182
f 1182 1204 1205
f 1182 1205 1183
f 1183 1205 1206
f 1183 1206 1184
f 1184 1206 1207
f 1184 1207 1185
f 1185 1207 1208
f 1185 1208 1186
f 1186 1208 1209
f 1186 1209 1187
f 1187 1209 1210
f 1187 1210 1188
f 1188 1210 1211
f 1188 1211 1189
f 1189 1211 1212
f 1189 1212 1190
f 1190 1212 1213
f 1190 1213 1191
f 1191 1213 1214
f 1191 1214 1192
f 1192 1214 1215
f 1192 1215 1193
f 1193 1215 1216
f 1193 1216 1194
f 1194 1216 1217
f 1194 1217 1195
f 1195 1217 1218
f 1195 1218 1196
f 1196 1218 1219
f 1196 1219 1197
f 1197 1219 1220
f 1197 1220 1198
f 1198 1220 333
f 1198 333 356
f 1199 1221 1222
f 1199 1222 1200
f 1200 1222 1223
f 1200 1223 1201
f 1201 1223 1224
f 1201 1224 1202
f 1202 1224 1225
f 1202 1225 1203
f 1203 1225 1226
f 1203 1226 1204
f 1204 1226 1227
f 1204 1227 1205
f 1205 1227 1228
f 1205 1228 1206
f 1206 1228 1229
f 1206 1229 1207
f 1207 1229 1230
f 1207 1230 1208
f 1208 1230 1231
f 1208 1231 1209
f 1209 1231 1232
f 1209 1232 1210
f 1210 1232 1233
f 1210 1233 1211
f 1211 1233 1234
f 1211 1234 1212
f 1212 1234 1235
f 1212 1235 1213
f 1213 1235 1236
f 1213 1236 1214
f 1214 1236 1237
f 1214 1237 1215
f 1215 1237 1238
f 1215 1238 1216
f 1216 1238 1239
f 1216 1239 1217
f 1217 1239 1240
f 1217 1240 1218
f 1218 1240 1241
f 1218 1241 1219
f 1219 1241 1242
f 1219 1242 1220
f 1220 1242 310
f 1220 310 333
f 1221 1243 1244
f 1221 1244 1222
f 1222 1244 1245
f 1222 1245 1223
f 1223 1245 1246
f 1223 1246 1224
f 1224 1246 1247
f 1224 1247 1225
f 1225 1247 1248
f 1225 1248 1226
f 1226 1248 1249
f 1226 1249 1227
f 1227 1249 1250
f 1227 1250 1228
f 1228 1250 1251
f 1228 1251 1229
f 1229 1251 1252
f 1229 1252 1230
f 1230 1252 1253
f 1230 1253 1231
f 1231 1253 1254
f 1231 1254 1232
f 1232 1254 1255
f 1232 1255 1233
f 1233 1255 1256
f 1233 1256 1234
f 1234 1256 1257
f 1234 1257 1235
f 1235 1257 1258
f 1235 1258 1236
f 1236 1258 1259
f 1236 1259 1237
f 1237 1259 1260
f 1237 1260 1238
f 1238 1260 1261
f 1238 1261 1239
f 1239 1261 1262
f 1239 1262 1240
f 1240 1262 1263
f 1240 1263 1241
f 1241 1263 1264
f 1241 1264 1242
f 1242 1264 287
f 1242 287 310
f 1243 1265 1266
f 1243 1266 1244
f 1244 1266 1267
f 1244 1267 1245
f 1245 1267 1268
f 1245 1268 1246
f 1246 1268 1269
f 1246 1269 1247
f 1247 1269 1270
f 1247 1270 1248
f 1248 1270 1271
f 1248 1271 1249
f 1249 1271 1272
f 1249 1272 1250
f 1250 1272 1273
f 1250 1273 1251
f 1251 1273 1274
f 1251 1274 1252
f 1252 1274 1275
f 1252 1275 1253
f 1253 1275 1276
f 1253 1276 1254
f 1254 1276 1277
f 1254 1277 1255
f 1255 1277 1278
f 1255 1278 1256
f 1256 1278 1279
f 1256 1279 1257
f 1257 1279 1280
f 1257 1280 1258
f 1258 1280 1281
f 1258 1281 1259
f 1259 1281 1282
f 1259 1282 1260
f 1260 1282 1283
f 1260 1283 1261
f 1261 1283 1284
f 1261 1284 1262
f 1262 1284 1285
f 1262 1285 1263
f 1263 1285 1286
f 1263 1286 1264
f 1264 1286 264
f 1264 264 287
f 1265 1287 1288
f 1265 1288 1266
f 1266 1288 1289
f 1266 1289 1267
f 1267 1289 1290
f 1267 1290 1268
f 1268 1290 1291
f 1268 1291 1269
f 1269 1291 1292
f 1269 1292 1270
f 1270 1292 1293
f 1270 1293 1271
f 1271 1293 1294
f 1271 1294 1272
f 1272 1294 1295
f 1272 1295 1273
f 1273 1295 1296
f 1273 1296 1274
f 1274 1296 1297
f 1274 1297 1275
f 1275 1297 1298
f 1275 1298 1276
f 1276 1298 1299
f 1276 1299 1277
f 1277 1299 1300
f 1277 1300 1278
f 1278 1300 1301
f 1278 1301 1279
f 1279 1301 1302
f 1279 1302 1280
f 1280 1302 1303
f 1280 1303 1281
f 1281 1303 1304
f 1281 1304 1282
f 1282 1304 1305
f 1282 1305 1283
f 1283 1305 1306
f 1283 1306 1284
f 1284 1306 1307
f 1284 1307 1285
f 1285 1307 1308
f 1285 1308 1286
f 1286 1308 241
f 1286 241 264
f 1287 1309 1310
f 1287 1310 1288
f 1288 1310 1311
f 1288 1311 1289
f 1289 1311 1312
f 1289 1312 1290
f 1290 1312 1313
f 1290 1313 1291
f 1291 1313 1314
f 1291 1314 1292
f 1292 1314 1315
f 1292 1315 1293
f 1293 1315 1316
f 1293 1316 1294
f 1294 1316 1317
f 1294 1317 1295
f 1295 1317 1318
f 1295 1318 1296
f 1296 1318 1319
f 1296 1319 1297
f 1297 1319 1320
f 1297 1320 1298
f 1298 1320 1321
f 1298 1321 1299
f 1299 1321 1322
f 1299 1322 1300
f 1300 1322 1323
f 1300 1323 1301
f 1301 1323 1324
f 1301 1324 1302
f 1302 1324 1325
f 1302 1325 1303
f 1303 1325 1326
f 1303 1326 1304
f 1304 1326 1327
f 1304 1327 1305
f 1305 1327 1328
f 1305 1328 1306
f 1306 1328 1329
f 1306 1329 1307
f 1307 1329 1330
f 1307 1330 1308
f 1308 1330 218
f 1308 218 241
f 1309 1331 1332
f 1309 1332 1310
f 1310 1332 1333
f 1310 1333 1311
f 1311 1333 1334
f 1311 1334 1312
f 1312 1334 1335
f 1312 1335 1313
f 1313 1335 1336
f 1313 1336 1314
f 1314 1336 1337
f 1314 1337 1315
f 1315 1337 1338
f 1315 1338 1316
f 1316 1338 1339
f 1316 1339 1317
f 1317 1339 1340
f 1317 1340 1318
f 1318 1340 1341
f 1318 1341 1319
f 1319 1341 1342
f 1319 1342 1320
f 1320 1342 1343
f 1320 1343 1321
f 1321 1343 1344
f 1321 1344 1322
f 1322 1344 1345
f 1322 1345 1323
f 1323 1345 1346
f 1323 1346 1324
f 1324 1346 1347
f 1324 1347 1325
f 1325 1347 1348
f 1325 1348 1326
f 1326 1348 1349
f 1326 1349 1327
f 1327 1349 1350
f 1327 1350 1328
f 1328 1350 1351
f 1328 1351 1329
f 1329 1351 1352
f 1329 1352 1330
f 1330 1352 195
f 1330 195 218
f 1331 1353 1354
f 1331 1354 1332
f 1332 1354 1355
f 1332 1355 1333
f 1333 1355 1356
f 1333 1356 1334
f 1334 1356 1357
f 1334 1357 1335
f 1335 1357 1358
f 1335 1358 1336
f 1336 1358 1359
f 1336 1359 1337
f 1337 1359 1360
f 1337 1360 1338
f 1338 1360 1361
f 1338 1361 1339
f 1339 1361 1362
f 1339 1362 1340
f 1340 1362 1363
f 1340 1363 1341
f 1341 1363 1364
f 1341 1364 1342
f 1342 1364 1365
f 1342 1365 1343
f 1343 1365 1366
f 1343 1366 1344
f 1344 1366 1367
f 1344 1367 1345
f 1345 1367 1368
f 1345 1368 1346
f 1346 1368 1369
f 1346 1369 1347
f 1347 1369 1370
f 1347 1370 1348
f 1348 1370 1371
f 1348 1371 1349
f 1349 1371 1372
f 1349 1372 1350
f 1350 1372 1373
f 1350 1373 1351
f 1351 1373 1374
f 1351 1374 1352
f 1352 1374 172
f 1352 172 195
f 1353 1375 1376
f 1353 1376 1354
f 1354 1376 1377
f 1354 1377 1355
f 1355 1377 1378
f 1355 1378 1356
f 1356 1378 1379
f 1356 1379 1357
f 1357 1379 1380
f 1357 1380 1358
f 1358 1380 1381
f 1358 1381 1359
f 1359 1381 1382
f 1359 1382 1360
f 1360 1382 1383
f 1360 1383 1361
f 1361 1383 1384
f 1361 1384 1362
f 1362 1384 1385
f 1362 1385 1363
f 1363 1385 1386
f 1363 1386 1364
f 1364 1386 1387
f 1364 1387 1365
f 1365 1387 1388
f 1365 1388 1366
f 1366 1388 1389
f 1366 1389 1367
f 1367 1389 1390
f 1367 1390 1368
f 1368 1390 1391
f 1368 1391 1369
f 1369 1391 1392
f 1369 1392 1370
f 1370 1392 1393
f 1370 1393 1371
f 1371 1393 1394
f 1371 1394 1372
f 1372 1394 1395
f 1372 1395 1373
f 1373 1395 1396
f 1373 1396 1374
f 1374 1396 149
f 1374 149 172
f 1375 1397 1398
f 1375 1398 1376
f 1376 1398 1399
f 1376 1399 1377
f 1377 1399 1400
f 1377 1400 1378
f 1378 1400 1401
f 1378 1401 1379
f 1379 1401 1402
f 1379 1402 1380
f 1380 1402 1403
f 1380 1403 1381
f 1381 1403 1404
f 1381 1404 1382
f 1382 1404 1405
f 1382 1405 1383
f 1383 1405 1406
f 1383 1406 1384
f 1384 1406 1407
f 1384 1407 1385
f 1385 1407 1408
f 1385 1408 1386
f 1386 1408 1409
f 1386 1409 1387
f 1387 1409 1410
f 1387 1410 1388
f 1388 1410 1411
f 1388 1411 1389
f 1389 1411 1412
f 1389 1412 1390
f 1390 1412 1413
f 1390 1413 1391
f 1391 1413 1414
f 1391 1414 1392
f 1392 1414 1415
f 1392 1415 1393
f 1393 1415 1416
f 1393 1416 1394
f 1394 1416 1417
f 1394 1417 1395
f 1395 1417 1418
f 1395 1418 1396
f 1396 1418 126
f 1396 126 149
f 1397 1419 1420
f 1397 1420 1398
f 1398 1420 1421
f 1398 1421 1399
f 1399 1421 1422
f 1399 1422 1400
f 1400 1422 1423
f 1400 1423 1401
f 1401 1423 1424
f 1401 1424 1402
f 1402 1424 1425
f 1402 1425 1403
f 1403 1425 1426
f 1403 1426 1404
f 1404 1426 1427
f 1404 1427 1405
f 1405 1427 1428
f 1405 1428 1406
f 1406 1428 1429
f 1406 1429 1407
f 1407 1429 1430
f 1407 1430 1408
f 1408 1430 1431
f 1408 1431 1409
f 1409 1431 1432
f 1409 1432 1410
f 1410 1432 1433
f 1410 1433 1411
f 1411 1433 1434
f 1411 1434 1412
f 1412 1434 1435
f 1412 1435 1413
f 1413 1435 1436
f 1413 1436 1414
f 1414 1436 1437
f 1414 1437 1415
f 1415 1437 1438
f 1415 1438 1416
f 1416 1438 1439
f 1416 1439 1417
f 1417 1439 1440
f 1417 1440 1418
f 1418 1440 103
f 1418 103 126
f 1419 1441 1442
f 1419 1442 1420
f 1420 1442 1443
f 1420 1443 1421
f 1421 1443 1444
f 1421 1444 1422
f 1422 1444 1445
f 1422 1445 1423
f 1423 1445 1446
f 1423 1446 1424
f 1424 1446 1447
f 1424 1447 1425
f 1425 1447 1448
f 1425 1448 1426
f 1426 1448 1449
f 1426 1449 1427
f 1427 1449 1450
f 1427 1450 1428
f 1428 1450 1451
f 1428 1451 1429
f 1429 1451 1452
f 1429 1452 1430
f 1430 1452 1453
f 1430 1453 1431
f 1431 1453 1454
f 1431 1454 1432
f 1432 1454 1455
f 1432 1455 1433
f 1433 1455 1456
f 1433 1456 1434
f 1434 1456 1457
f 1434 1457 1435
f 1435 1457 1458
f 1435 1458 1436
f 1436 1458 1459
f 1436 1459 1437
f 1437 1459 1460
f 1437 1460 1438
f 1438 1460 1461
f 1438 1461 1439
f 1439 1461 1462
f 1439 1462 1440
f 1440 1462 80
f 1440 80 103
f 1441 1463 1464
f 1441 1464 1442
f 1442 1464 1465
f 1442 1465 1443
f 1443 1465 1466
f 1443 1466 1444
f 1444 1466 1467
f 1444 1467 1445
f 1445 1467 1468
f 1445 1468 1446
f 1446 1468 1469
f 1446 1469 1447
f 1447 1469 1470
f 1447 1470 1448
f 1448 1470 1471
f 1448 1471 1449
f 1449 1471 1472
f 1449 1472 1450
f 1450 1472 1473
f 1450 1473 1451
f 1451 1473 1474
f 1451 1474 1452
f 1452 1474 1475
f 1452 1475 1453
f 1453 1475 1476
f 1453 1476 1454
f 1454 1476 1477
f 1454 1477 1455
f 1455 1477 1478
f 1455 1478 1456
f 1456 1478 1479
f 1456 1479 1457
f 1457 1479 1480
f 1457 1480 1458
f 1458 1480 1481
f 1458 1481 1459
f 1459 1481 1482
f 1459 1482 1460
f 1460 1482 1483
f 1460 1483 1461
f 1461 1483 1484
f 1461 1484 1462
f 1462 1484 56
f 1462 56 80
f 1463 12 1485
f 1463 1485 1464
f 1464 1485 1486
f 1464 1486 1465
f 1465 1486 1487
f 1465 1487 1466
f 1466 1487 1488
f 1466 1488 1467
f 1467 1488 1489
f 1467 1489 1468
f 1468 1489 1490
f 1468 1490 1469
f 1469 1490 1491
f 1469 1491 1470
f 1470 1491 1492
f 1470 1492 1471
f 1471 1492 1493
f 1471 1493 1472
f 1472 1493 1494
f 1472 1494 1473
f 1473 1494 1495
f 1473 1495 1474
f 1474 1495 1496
f 1474 1496 1475
f 1475 1496 1497
f 1475 1497 1476
f 1476 1497 1498
f 1476 1498 1477
f 1477 1498 1499
f 1477 1499 1478
f 1478 1499 1500
f 1478 1500 1479
f 1479 1500 1501
f 1479 1501 1480
f 1480 1501 1502
f 1480 1502 1481
f 1481 1502 1503
f 1481 1503 1482
f 1482 1503 1504
f 1482 1504 1483
f 1483 1504 1505
f 1483 1505 1484
f 1484 1505 57
f 1484 57 56
g STRECHA_VYCHOD
f 12 1506 1507
f 12 1507 1485
f 1485 1507 1508
f 1485 1508 1486
f 1486 1508 1509
f 1486 1509 1487
f 1487 1509 1510
f 1487 1510 1488
f 1488 1510 1511
f 1488 1511 1489
f 1489 1511 1512
f 1489 1512 1490
f 1490 1512 1513
f 1490 1513 1491
f 1491 1513 1514
f 1491 1514 1492
f 1492 1514 1515
f 1492 1515 1493
f 1493 1515 1516
f 1493 1516 1494
f 1494 1516 1517
f 1494 1517 1495
f 1495 1517 1518
f 1495 1518 1496
f 1496 1518 1519
f 1496 1519 1497
f 1497 1519 1520
f 1497 1520 1498
f 1498 1520 1521
f 1498 1521 1499
f 1499 1521 1522
f 1499 1522 1500
f 1500 1522 1523
f 1500 1523 1501
f 1501 1523 1524
f 1501 1524 1502
f 1502 1524 1525
f 1502 1525 1503
f 1503 1525 1526
f 1503 1526 1504
f 1504 1526 1527
f 1504 1527 1505
f 1505 1527 57
f 1506 1528 1529
f 1506 1529 1507
f 1507 1529 1530
f 1507 1530 1508
f 1508 1530 1531
f 1508 1531 1509
f 1509 1531 1532
f 1509 1532 1510
f 1510 1532 1533
f 1510 1533 1511
f 1511 1533 1534
f 1511 1534 1512
f 1512 1534 1535
f 1512 1535 1513
f 1513 1535 1536
f 1513 1536 1514
f 1514 1536 1537
f 1514 1537 1515
f 1515 1537 1538
f 1515 1538 1516
f 1516 1538 1539
f 1516 1539 1517
f 1517 1539 1540
f 1517 1540 1518
f 1518 1540 1541
f 1518 1541 1519
f 1519 1541 1542
f 1519 1542 1520
f 1520 1542 1543
f 1520 1543 1521
f 1521 1543 1544
f 1521 1544 1522
f 1522 1544 1545
f 1522 1545 1523
f 1523 1545 1546
f 1523 1546 1524
f 1524 1546 1547
f 1524 1547 1525
f 1525 1547 1548
f 1525 1548 1526
f 1526 1548 1549
f 1526 1549 1527
f 1527 1549 57
f 1528 1550 1551
f 1528 1551 1529
f 1529 1551 1552
f 1529 1552 1530
f 1530 1552 1553
f 1530 1553 1531
f 1531 1553 1554
f 1531 1554 1532
f 1532 1554 1555
f 1532 1555 1533
f 1533 1555 1556
f 1533 1556 1534
f 1534 1556 1557
f 1534 1557 1535
f 1535 1557 1558
f 1535 1558 1536
f 1536 1558 1559
f 1536 1559 1537
f 1537 1559 1560
f 1537 1560 1538
f 1538 1560 1561
f 1538 1561 1539
f 1539 1561 1562
f 1539 1562 1540
f 1540 1562 1563
f 1540 1563 1541
f 1541 1563 1564
f 1541 1564 1542
f 1542 1564 1565
f 1542 1565 1543
f 1543 1565 1566
f 1543 1566 1544
f 1544 1566 1567
f 1544 1567 1545
f 1545 1567 1568
f 1545 1568 1546
f 1546 1568 1569
f 1546 1569 1547
f 1547 1569 1570
f 1547 1570 1548
f 1548 1570 1571
f 1548 1571 1549
f 1549 1571 57
f 1550 1572 1573
f 1550 1573 1551
f 1551 1573 1574
f 1551 1574 1552
f 1552 1574 1575
f 1552 1575 1553
f 1553 1575 1576
f 1553 1576 1554
f 1554 1576 1577
f 1554 1577 1555
f 1555 1577 1578
f 1555 1578 1556
f 1556 1578 1579
f 1556 1579 1557
f 1557 1579 1580
f 1557 1580 1558
f 1558 1580 1581
f 1558 1581 1559
f 1559 1581 1582
f 1559 1582 1560
f 1560 1582 1583
f 1560 1583 1561
f 1561 1583 1584
f 1561 1584 1562
f 1562 1584 1585
f 1562 1585 1563
f 1563 1585 1586
f 1563 1586 1564
f 1564 1586 1587
f 1564 1587 1565
f 1565 1587 1588
f 1565 1588 1566
f 1566 1588 1589
f 1566 1589 1567
f 1567 1589 1590
f 1567 1590 1568
f 1568 1590 1591
f 1568 1591 1569
f 1569 1591 1592
f 1569 1592 1570
f 1570 1592 1593
f 1570 1593 1571
f 1571 1593 57
f 1572 1594 1595
f 1572 1595 1573
f 1573 1595 1596
f 1573 1596 1574
f 1574 1596 1597
f 1574 1597 1575
f 1575 1597 1598
f 1575 1598 1576
f 1576 1598 1599
f 1576 1599 1577
f 1577 1599 1600
f 1577 1600 1578
f 1578 1600 1601
f 1578 1601 1579
f 1579 1601 1602
f 1579 1602 1580
f 1580 1602 1603
f 1580 1603 1581
f 1581 1603 1604
f 1581 1604 1582
f 1582 1604 1605
f 1582 1605 1583
f 1583 1605 1606
f 1583 1606 1584
f 1584 1606 1607
f 1584 1607 1585
f 1585 1607 1608
f 1585 1608 1586
f 1586 1608 1609
f 1586 1609 1587
f 1587 1609 1610
f 1587 1610 1588
f 1588 1610 1611
f 1588 1611 1589
f 1589 1611 1612
f 1589 1612 1590
f 1590 1612 1613
f 1590 1613 1591
f 1591 1613 1614
f 1591 1614 1592
f 1592 1614 1615
f 1592 1615 1593
f 1593 1615 57
f 1594 1616 1617
f 1594 1617 1595
f 1595 1617 1618
f 1595 1618 1596
f 1596 1618 1619
f 1596 1619 1597
f 1597 1619 1620
f 1597 1620 1598
f 1598 1620 1621
f 1598 1621 1599
f 1599 1621 1622
f 1599 1622 1600
f 1600 1622 1623
f 1600 1623 1601
f 1601 1623 1624
f 1601 1624 1602
f 1602 1624 1625
f 1602 1625 1603
f 1603 1625 1626
f 1603 1626 1604
f 1604 1626 1627
f 1604 1627 1605
f 1605 1627 1628
f 1605 1628 1606
f 1606 1628 1629
f 1606 1629 1607
f 1607 1629 1630
f 1607 1630 1608
f 1608 1630 1631
f 1608 1631 1609
f 1609 1631 1632
f 1609 1632 1610
f 1610 1632 1633
f 1610 1633 1611
f 1611 1633 1634
f 1611 1634 1612
f 1612 1634 1635
f 1612 1635 1613
f 1613 1635 1636
f 1613 1636 1614
f 1614 1636 1637
f 1614 1637 1615
f 1615 1637 57
f 1616 1638 1639
f 1616 1639 1617
f 1617 1639 1640
f 1617 1640 1618
f 1618 1640 1641
f 1618 1641 1619
f 1619 1641 1642
f 1619 1642 1620
f 1620 1642 1643
f 1620 1643 1621
f 1621 1643 1644
f 1621 1644 1622
f 1622 1644 1645
f 1622 1645 1623
f 1623 1645 1646
f 1623 1646 1624
f 1624 1646 1647
f 1624 1647 1625
f 1625 1647 1648
f 1625 1648 1626
f 1626 1648 1649
f 1626 1649 1627
f 1627 1649 1650
f 1627 1650 1628
f 1628 1650 1651
f 1628 1651 1629
f 1629 1651 1652
f 1629 1652 1630
f 1630 1652 1653
f 1630 1653 1631
f 1631 1653 1654
f 1631 1654 1632
f 1632 1654 1655
f 1632 1655 1633
f 1633 1655 1656
f 1633 1656 1634
f 1634 1656 1657
f 1634 1657 1635
f 1635 1657 1658
f 1635 1658 1636
f 1636 1658 1659
f 1636 1659 1637
f 1637 1659 57
f 1638 1660 1661
f 1638 1661 1639
f 1639 1661 1662
f 1639 1662 1640
f 1640 1662 1663
f 1640 1663 1641
f 1641 1663 1664
f 1641 1664 1642
f 1642 1664 1665
f 1642 1665 1643
f 1643 1665 1666
f 1643 1666 1644
f 1644 1666 1667
f 1644 1667 1645
f 1645 1667 1668
f 1645 1668 1646
f 1646 1668 1669
f 1646 1669 1647
f 1647 1669 1670
f 1647 1670 1648
f 1648 1670 1671
f 1648 1671 1649
f 1649 1671 1672
f 1649 1672 1650
f 1650 1672 1673
f 1650 1673 1651
f 1651 1673 1674
f 1651 1674 1652
f 1652 1674 1675
f 1652 1675 1653
f 1653 1675 1676
f 1653 1676 1654
f 1654 1676 1677
f 1654 1677 1655
f 1655 1677 1678
f 1655 1678 1656
f 1656 1678 1679
f 1656 1679 1657
f 1657 1679 1680
f 1657 1680 1658
f 1658 1680 1681
f 1658 1681 1659
f 1659 1681 57
f 1660 1682 1683
f 1660 1683 1661
f 1661 1683 1684
f 1661 1684 1662
f 1662 1684 1685
f 1662 1685 1663
f 1663 1685 1686
f 1663 1686 1664
f 1664 1686 1687
f 1664 1687 1665
f 1665 1687 1688
f 1665 1688 1666
f 1666 1688 1689
f 1666 1689 1667
f 1667 1689 1690
f 1667 1690 1668
f 1668 1690 1691
f 1668 1691 1669
f 1669 1691 1692
f 1669 1692 1670
f 1670 1692 1693
f 1670 1693 1671
f 1671 1693 1694
f 1671 1694 1672
f 1672 1694 1695
f 1672 1695 1673
f 1673 1695 1696
f 1673 1696 1674
f 1674 1696 1697
f 1674 1697 1675
f 1675 1697 1698
f 1675 1698 1676
f 1676 1698 1699
f 1676 1699 1677
f 1677 1699 1700
f 1677 1700 1678
f 1678 1700 1701
f 1678 1701 1679
f 1679 1701 1702
f 1679 1702 1680
f 1680 1702 1703
f 1680 1703 1681
f 1681 1703 57
f 1682 1704 1705
f 1682 1705 1683
f 1683 1705 1706
f 1683 1706 1684
f 1684 1706 1707
f 1684 1707 1685
f 1685 1707 1708
f 1685 1708 1686
f 1686 1708 1709
f 1686 1709 1687
f 1687 1709 1710
f 1687 1710 1688
f 1688 1710 1711
f 1688 1711 1689
f 1689 1711 1712
f 1689 1712 1690
f 1690 1712 1713
f 1690 1713 1691
f 1691 1713 1714
f 1691 1714 1692
f 1692 1714 1715
f 1692 1715 1693
f 1693 1715 1716
f 1693 1716 1694
f 1694 1716 1717
f 1694 1717 1695
f 1695 1717 1718
f 1695 1718 1696
f 1696 1718 1719
f 1696 1719 1697
f 1697 1719 1720
f 1697 1720 1698
f 1698 1720 1721
f 1698 1721 1699
f 1699 1721 1722
f 1699 1722 1700
f 1700 1722 1723
f 1700 1723 1701
f 1701 1723 1724
f 1701 1724 1702
f 1702 1724 1725
f 1702 1725 1703
f 1703 1725 57
f 1704 1726 1727
f 1704 1727 1705
f 1705 1727 1728
f 1705 1728 1706
f 1706 1728 1729
f 1706 1729 1707
f 1707 1729 1730
f 1707 1730 1708
f 1708 1730 1731
f 1708 1731 1709
f 1709 1731 1732
f 1709 1732 1710
f 1710 1732 1733
f 1710 1733 1711
f 1711 1733 1734
f 1711 1734 1712
f 1712 1734 1735
f 1712 1735 1713
f 1713 1735 1736
f 1713 1736 1714
f 1714 1736 1737
f 1714 1737 1715
f 1715 1737 1738
f 1715 1738 1716
f 1716 1738 1739
f 1716 1739 1717
f 1717 1739 1740
f 1717 1740 1718
f 1718 1740 1741
f 1718 1741 1719
f 1719 1741 1742
f 1719 1742 1720
f 1720 1742 1743
f 1720 1743 1721
f 1721 1743 1744
f 1721 1744 1722
f 1722 1744 1745
f 1722 1745 1723
f 1723 1745 1746
f 1723 1746 1724
f 1724 1746 1747
f 1724 1747 1725
f 1725 1747 57
f 1726 1748 1749
f 1726 1749 1727
f 1727 1749 1750
f 1727 1750 1728
f 1728 1750 1751
f 1728 1751 1729
f 1729 1751 1752
f 1729 1752 1730
f 1730 1752 1753
f 1730 1753 1731
f 1731 1753 1754
f 1731 1754 1732
f 1732 1754 1755
f 1732 1755 1733
f 1733 1755 1756
f 1733 1756 1734
f 1734 1756 1757
f 1734 1757 1735
f 1735 1757 1758
f 1735 1758 1736
f 1736 1758 1759
f 1736 1759 1737
f 1737 1759 1760
f 1737 1760 1738
f 1738 1760 1761
f 1738 1761 1739
f 1739 1761 1762
f 1739 1762 1740
f 1740 1762 1763
f 1740 1763 1741
f 1741 1763 1764
f 1741 1764 1742
f 1742 1764 1765
f 1742 1765 1743
f 1743 1765 1766
f 1743 1766 1744
f 1744 1766 1767
f 1744 1767 1745
f 1745 1767 1768
f 1745 1768 1746
f 1746 1768 1769
f 1746 1769 1747
f 1747 1769 57
f 1748 1770 1771
f 1748 1771 1749
f 1749 1771 1772
f 1749 1772 1750
f 1750 1772 1773
f 1750 1773 1751
f 1751 1773 1774
f 1751 1774 1752
f 1752 1774 1775
f 1752 1775 1753
f 1753 1775 1776
f 1753 1776 1754
f 1754 1776 1777
f 1754 1777 1755
f 1755 1777 1778
f 1755 1778 1756
f 1756 1778 1779
f 1756 1779 1757
f 1757 1779 1780
f 1757 1780 1758
f 1758 1780 1781
f 1758 1781 1759
f 1759 1781 1782
f 1759 1782 1760
f 1760 1782 1783
f 1760 1783 1761
f 1761 1783 1784
f 1761 1784 1762
f 1762 1784 1785
f 1762 1785 1763
f 1763 1785 1786
f 1763 1786 1764
f 1764 1786 1787
f 1764 1787 1765
f 1765 1787 1788
f 1765 1788 1766
f 1766 1788 1789
f 1766 1789 1767
f 1767 1789 1790
f 1767 1790 1768
f 1768 1790 1791
f 1768 1791 1769
f 1769 1791 57
f 1770 1792 1793
f 1770 1793 1771
f 1771 1793 1794
f 1771 1794 1772
f 1772 1794 1795
f 1772 1795 1773
f 1773 1795 1796
f 1773 1796 1774
f 1774 1796 1797
f 1774 1797 1775
f 1775 1797 1798
f 1775 1798 1776
f 1776 1798 1799
f 1776 1799 1777
f 1777 1799 1800
f 1777 1800 1778
f 1778 1800 1801
f 1778 1801 1779
f 1779 1801 1802
f 1779 1802 1780
f 1780 1802 1803
f 1780 1803 1781
f 1781 1803 1804
f 1781 1804 1782
f 1782 1804 1805
f 1782 1805 1783
f 1783 1805 1806
f 1783 1806 1784
f 1784 1806 1807
f 1784 1807 1785
f 1785 1807 1808
f 1785 1808 1786
f 1786 1808 1809
f 1786 1809 1787
f 1787 1809 1810
f 1787 1810 1788
f 1788 1810 1811
f 1788 1811 1789
f 1789 1811 1812
f 1789 1812 1790
f 1790 1812 1813
f 1790 1813 1791
f 1791 1813 57
f 1792 1814 1815
f 1792 1815 1793
f 1793 1815 1816
f 1793 1816 1794
f 1794 1816 1817
f 1794 1817 1795
f 1795 1817 1818
f 1795 1818 1796
f 1796 1818 1819
f 1796 1819 1797
f 1797 1819 1820
f 1797 1820 1798
f 1798 1820 1821
f 1798 1821 1799
f 1799 1821 1822
f 1799 1822 1800
f 1800 1822 1823
f 1800 1823 1801
f 1801 1823 1824
f 1801 1824 1802
f 1802 1824 1825
f 1802 1825 1803
f 1803 1825 1826
f 1803 1826 1804
f 1804 1826 1827
f 1804 1827 1805
f 1805 1827 1828
f 1805 1828 1806
f 1806 1828 1829
f 1806 1829 1807
f 1807 1829 1830
f 1807 1830 1808
f 1808 1830 1831
f 1808 1831 1809
f 1809 1831 1832
f 1809 1832 1810
f 1810 1832 1833
f 1810 1833 1811
f 1811 1833 1834
f 1811 1834 1812
f 1812 1834 1835
f 1812 1835 1813
f 1813 1835 57
f 1814 1836 1837
f 1814 1837 1815
f 1815 1837 1838
f 1815 1838 1816
f 1816 1838 1839
f 1816 1839 1817
f 1817 1839 1840
f 1817 1840 1818
f 1818 1840 1841
f 1818 1841 1819
f 1819 1841 1842
f 1819 1842 1820
f 1820 1842 1843
f 1820 1843 1821
f 1821 1843 1844
f 1821 1844 1822
f 1822 1844 1845
f 1822 1845 1823
f 1823 1845 1846
f 1823 1846 1824
f 1824 1846 1847
f 1824 1847 1825
f 1825 1847 1848
f 1825 1848 1826
f 1826 1848 1849
f 1826 1849 1827
f 1827 1849 1850
f 1827 1850 1828
f 1828 1850 1851
f 1828 1851 1829
f 1829 1851 1852
f 1829 1852 1830
f 1830 1852 1853
f 1830 1853 1831
f 1831 1853 1854
f 1831 1854 1832
f 1832 1854 1855
f 1832 1855 1833
f 1833 1855 1856
f 1833 1856 1834
f 1834 1856 1857
f 1834 1857 1835
f 1835 1857 57
f 1836 1858 1859
f 1836 1859 1837
f 1837 1859 1860
f 1837 1860 1838
f 1838 1860 1861
f 1838 1861 1839
f 1839 1861 1862
f 1839 1862 1840
f 1840 1862 1863
f 1840 1863 1841
f 1841 1863 1864
f 1841 1864 1842
f 1842 1864 1865
f 1842 1865 1843
f 1843 1865 1866
f 1843 1866 1844
f 1844 1866 1867
f 1844 1867 1845
f 1845 1867 1868
f 1845 1868 1846
f 1846 1868 1869
f 1846 1869 1847
f 1847 1869 1870
f 1847 1870 1848
f 1848 1870 1871
f 1848 1871 1849
f 1849 1871 1872
f 1849 1872 1850
f 1850 1872 1873
f 1850 1873 1851
f 1851 1873 1874
f 1851 1874 1852
f 1852 1874 1875
f 1852 1875 1853
f 1853 1875 1876
f 1853 1876 1854
f 1854 1876 1877
f 1854 1877 1855
f 1855 1877 1878
f 1855 1878 1856
f 1856 1878 1879
f 1856 1879 1857
f 1857 1879 57
f 1858 1880 1881
f 1858 1881 1859
f 1859 1881 1882
f 1859 1882 1860
f 1860 1882 1883
f 1860 1883 1861
f 1861 1883 1884
f 1861 1884 1862
f 1862 1884 1885
f 1862 1885 1863
f 1863 1885 1886
f 1863 1886 1864
f 1864 1886 1887
f 1864 1887 1865
f 1865 1887 1888
f 1865 1888 1866
f 1866 1888 1889
f 1866 1889 1867
f 1867 1889 1890
f 1867 1890 1868
f 1868 1890 1891
f 1868 1891 1869
f 1869 1891 1892
f 1869 1892 1870
f 1870 1892 1893
f 1870 1893 1871
f 1871 1893 1894
f 1871 1894 1872
f 1872 1894 1895
f 1872 1895 1873
f 1873 1895 1896
f 1873 1896 1874
f 1874 1896 1897
f 1874 1897 1875
f 1875 1897 1898
f 1875 1898 1876
f 1876 1898 1899
f 1876 1899 1877
f 1877 1899 1900
f 1877 1900 1878
f 1878 1900 1901
f 1878 1901 1879
f 1879 1901 57
f 1880 1902 1903
f 1880 1903 1881
f 1881 1903 1904
f 1881 1904 1882
f 1882 1904 1905
f 1882 1905 1883
f 1883 1905 1906
f 1883 1906 1884
f 1884 1906 1907
f 1884 1907 1885
f 1885 1907 1908
f 1885 1908 1886
f 1886 1908 1909
f 1886 1909 1887
f 1887 1909 1910
f 1887 1910 1888
f 1888 1910 1911
f 1888 1911 1889
f 1889 1911 1912
f 1889 1912 1890
f 1890 1912 1913
f 1890 1913 1891
f 1891 1913 1914
f 1891 1914 1892
f 1892 1914 1915
f 1892 1915 1893
f 1893 1915 1916
f 1893 1916 1894
f 1894 1916 1917
f 1894 1917 1895
f 1895 1917 1918
f 1895 1918 1896
f 1896 1918 1919
f 1896 1919 1897
f 1897 1919 1920
f 1897 1920 1898
f 1898 1920 1921
f 1898 1921 1899
f 1899 1921 1922
f 1899 1922 1900
f 1900 1922 1923
f 1900 1923 1901
f 1901 1923 57
f 1902 1924 1925
f 1902 1925 1903
f 1903 1925 1926
f 1903 1926 1904
f 1904 1926 1927
f 1904 1927 1905
f 1905 1927 1928
f 1905 1928 1906
f 1906 1928 1929
f 1906 1929 1907
f 1907 1929 1930
f 1907 1930 1908
f 1908 1930 1931
f 1908 1931 1909
f 1909 1931 1932
f 1909 1932 1910
f 1910 1932 1933
f 1910 1933 1911
f 1911 1933 1934
f 1911 1934 1912
f 1912 1934 1935
f 1912 1935 1913
f 1913 1935 1936
f 1913 1936 1914
f 1914 1936 1937
f 1914 1937 1915
f 1915 1937 1938
f 1915 1938 1916
f 1916 1938 1939
f 1916 1939 1917
f 1917 1939 1940
f 1917 1940 1918
f 1918 1940 1941
f 1918 1941 1919
f 1919 1941 1942
f 1919 1942 1920
f 1920 1942 1943
f 1920 1943 1921
f 1921 1943 1944
f 1921 1944 1922
f 1922 1944 1945
f 1922 1945 1923
f 1923 1945 57
f 1924 1946 1947
f 1924 1947 1925
f 1925 1947 1948
f 1925 1948 1926
f 1926 1948 1949
f 1926 1949 1927
f 1927 1949 1950
f 1927 1950 1928
f 1928 1950 1951
f 1928 1951 1929
f 1929 1951 1952
f 1929 1952 1930
f 1930 1952 1953
f 1930 1953 1931
f 1931 1953 1954
f 1931 1954 1932
f 1932 1954 1955
f 1932 1955 1933
f 1933 1955 1956
f 1933 1956 1934
f 1934 1956 1957
f 1934 1957 1935
f 1935 1957 1958
f 1935 1958 1936
f 1936 1958 1959
f 1936 1959 1937
f 1937 1959 1960
f 1937 1960 1938
f 1938 1960 1961
f 1938 1961 1939
f 1939 1961 1962
f 1939 1962 1940
f 1940 1962 1963
f 1940 1963 1941
f 1941 1963 1964
f 1941 1964 1942
f 1942 1964 1965
f 1942 1965 1943
f 1943 1965 1966
f 1943 1966 1944
f 1944 1966 1967
f 1944 1967 1945
f 1945 1967 57
f 1946 10 15
f 1946 15 1947
f 1947 15 17
f 1947 17 1948
f 1948 17 19
f 1948 19 1949
f 1949 19 21
f 1949 21 1950
f 1950 21 23
f 1950 23 1951
f 1951 23 25
f 1951 25 1952
f 1952 25 27
f 1952 27 1953
f 1953 27 29
f 1953 29 1954
f 1954 29 31
f 1954 31 1955
f 1955 31 33
f 1955 33 1956
f 1956 33 35
f 1956 35 1957
f 1957 35 37
f 1957 37 1958
f 1958 37 39
f 1958 39 1959
f 1959 39 41
f 1959 41 1960
f 1960 41 43
f 1960 43 1961
f 1961 43 45
f 1961 45 1962
f 1962 45 47
f 1962 47 1963
f 1963 47 49
f 1963 49 1964
f 1964 49 51
f 1964 51 1965
f 1965 51 53
f 1965 53 1966
f 1966 53 55
f 1966 55 1967
f 1967 55 57
g STRECHA_ZAPAD
f 9 540 541
f 9 541 518
f 518 541 542
f 518 542 519
f 519 542 543
f 519 543 520
f 520 543 544
f 520 544 521
f 521 544 545
f 521 545 522
f 522 545 546
f 522 546 523
f 523 546 547
f 523 547 524
f 524 547 548
f 524 548 525
f 525 548 549
f 525 549 526
f 526 549 550
f 526 550 527
f 527 550 551
f 527 551 528
f 528 551 552
f 528 552 529
f 529 552 553
f 529 553 530
f 530 553 554
f 530 554 531
f 531 554 555
f 531 555 532
f 532 555 556
f 532 556 533
f 533 556 557
f 533 557 534
f 534 557 558
f 534 558 535
f 535 558 559
f 535 559 536
f 536 559 560
f 536 560 537
f 537 560 561
f 537 561 538
f 538 561 539
f 540 562 563
f 540 563 541
f 541 563 564
f 541 564 542
f 542 564 565
f 542 565 543
f 543 565 566
f 543 566 544
f 544 566 567
f 544 567 545
f 545 567 568
f 545 568 546
f 546 568 569
f 546 569 547
f 547 569 570
f 547 570 548
f 548 570 571
f 548 571 549
f 549 571 572
f 549 572 550
f 550 572 573
f 550 573 551
f 551 573 574
f 551 574 552
f 552 574 575
f 552 575 553
f 553 575 576
f 553 576 554
f 554 576 577
f 554 577 555
f 555 577 578
f 555 578 556
f 556 578 579
f 556 579 557
f 557 579 580
f 557 580 558
f 558 580 581
f 558 581 559
f 559 581 582
f 559 582 560
f 560 582 583
f 560 583 561
f 561 583 539
f 562 584 585
f 562 585 563
f 563 585 586
f 563 586 564
f 564 586 587
f 564 587 565
f 565 587 588
f 565 588 566
f 566 588 589
f 566 589 567
f 567 589 590
f 567 590 568
f 568 590 591
f 568 591 569
f 569 591 592
f 569 592 570
f 570 592 593
f 570 593 571
f 571 593 594
f 571 594 572
f 572 594 595
f 572 595 573
f 573 595 596
f 573 596 574
f 574 596 597
f 574 597 575
f 575 597 598
f 575 598 576
f 576 598 599
f 576 599 577
f 577 599 600
f 577 600 578
f 578 600 601
f 578 601 579
f 579 601 602
f 579 602 580
f 580 602 603
f 580 603 581
f 581 603 604
f 581 604 582
f 582 604 605
f 582 605 583
f 583 605 539
f 584 606 607
f 584 607 585
f 585 607 608
f 585 608 586
f 586 608 609
f 586 609 587
f 587 609 610
f 587 610 588
f 588 610 611
f 588 611 589
f 589 611 612
f 589 612 590
f 590 612 613
f 590 613 591
f 591 613 614
f 591 614 592
f 592 614 615
f 592 615 593
f 593 615 616
f 593 616 594
f 594 616 617
f 594 617 595
f 595 617 618
f 595 618 596
f 596 618 619
f 596 619 597
f 597 619 620
f 597 620 598
f 598 620 621
f 598 621 599
f 599 621 622
f 599 622 600
f 600 622 623
f 600 623 601
f 601 623 624
f 601 624 602
f 602 624 625
f 602 625 603
f 603 625 626
f 603 626 604
f 604 626 627
f 604 627 605
f 605 627 539
f 606 628 629
f 606 629 607
f 607 629 630
f 607 630 608
f 608 630 631
f 608 631 609
f 609 631 632
f 609 632 610
f 610 632 633
f 610 633 611
f 611 633 634
f 611 634 612
f 612 634 635
f 612 635 613
f 613 635 636
f 613 636 614
f 614 636 637
f 614 637 615
f 615 637 638
f 615 638 616
f 616 638 639
f 616 639 617
f 617 639 640
f 617 640 618
f 618 640 641
f 618 641 619
f 619 641 642
f 619 642 620
f 620 642 643
f 620 643 621
f 621 643 644
f 621 644 622
f 622 644 645
f 622 645 623
f 623 645 646
f 623 646 624
f 624 646 647
f 624 647 625
f 625 647 648
f 625 648 626
f 626 648 649
f 626 649 627
f 627 649 539
f 628 650 651
f 628 651 629
f 629 651 652
f 629 652 630
f 630 652 653
f 630 653 631
f 631 653 654
f 631 654 632
f 632 654 655
f 632 655 633
f 633 655 656
f 633 656 634
f 634 656 657
f 634 657 635
f 635 657 658
f 635 658 636
f 636 658 659
f 636 659 637
f 637 659 660
f 637 660 638
f 638 660 661
f 638 661 639
f 639 661 662
f 639 662 640
f 640 662 663
f 640 663 641
f 641 663 664
f 641 664 642
f 642 664 665
f 642 665 643
f 643 665 666
f 643 666 644
f 644 666 667
f 644 667 645
f 645 667 668
f 645 668 646
f 646 668 669
f 646 669 647
f 647 669 670
f 647 670 648
f 648 670 671
f 648 671 649
f 649 671 539
f 650 672 673
f 650 673 651
f 651 673 674
f 651 674 652
f 652 674 675
f 652 675 653
f 653 675 676
f 653 676 654
f 654 676 677
f 654 677 655
f 655 677 678
f 655 678 656
f 656 678 679
f 656 679 657
f 657 679 680
f 657 680 658
f 658 680 681
f 658 681 659
f 659 681 682
f 659 682 660
f 660 682 683
f 660 683 661
f 661 683 684
f 661 684 662
f 662 684 685
f 662 685 663
f 663 685 686
f 663 686 664
f 664 686 687
f 664 687 665
f 665 687 688
f 665 688 666
f 666 688 689
f 666 689 667
f 667 689 690
f 667 690 668
f 668 690 691
f 668 691 669
f 669 691 692
f 669 692 670
f 670 692 693
f 670 693 671
f 671 693 539
f 672 694 695
f 672 695 673
f 673 695 696
f 673 696 674
f 674 696 697
f 674 697 675
f 675 697 698
f 675 698 676
f 676 698 699
f 676 699 677
f 677 699 700
f 677 700 678
f 678 700 701
f 678 701 679
f 679 701 702
f 679 702 680
f 680 702 703
f 680 703 681
f 681 703 704
f 681 704 682
f 682 704 705
f 682 705 683
f 683 705 706
f 683 706 684
f 684 706 707
f 684 707 685
f 685 707 708
f 685 708 686
f 686 708 709
f 686 709 687
f 687 709 710
f 687 710 688
f 688 710 711
f 688 711 689
f 689 711 712
f 689 712 690
f 690 712 713
f 690 713 691
f 691 713 714
f 691 714 692
f 692 714 715
f 692 715 693
f 693 715 539
f 694 716 717
f 694 717 695
f 695 717 718
f 695 718 696
f 696 718 719
f 696 719 697
f 697 719 720
f 697 720 698
f 698 720 721
f 698 721 699
f 699 721 722
f 699 722 700
f 700 722 723
f 700 723 701
f 701 723 724
f 701 724 702
f 702 724 725
f 702 725 703
f 703 725 726
f 703 726 704
f 704 726 727
f 704 727 705
f 705 727 728
f 705 728 706
f 706 728 729
f 706 729 707
f 707 729 730
f 707 730 708
f 708 730 731
f 708 731 709
f 709 731 732
f 709 732 710
f 710 732 733
f 710 733 711
f 711 733 734
f 711 734 712
f 712 734 735
f 712 735 713
f 713 735 736
f 713 736 714
f 714 736 737
f 714 737 715
f 715 737 539
f 716 738 739
f 716 739 717
f 717 739 740
f 717 740 718
f 718 740 741
f 718 741 719
f 719 741 742
f 719 742 720
f 720 742 743
f 720 743 721
f 721 743 744
f 721 744 722
f 722 744 745
f 722 745 723
f 723 745 746
f 723 746 724
f 724 746 747
f 724 747 725
f 725 747 748
f 725 748 726
f 726 748 749
f 726 749 727
f 727 749 750
f 727 750 728
f 728 750 751
f 728 751 729
f 729 751 752
f 729 752 730
f 730 752 753
f 730 753 731
f 731 753 754
f 731 754 732
f 732 754 755
f 732 755 733
f 733 755 756
f 733 756 734
f 734 756 757
f 734 757 735
f 735 757 758
f 735 758 736
f 736 758 759
f 736 759 737
f 737 759 539
f 738 760 761
f 738 761 739
f 739 761 762
f 739 762 740
f 740 762 763
f 740 763 741
f 741 763 764
f 741 764 742
f 742 764 765
f 742 765 743
f 743 765 766
f 743 766 744
f 744 766 767
f 744 767 745
f 745 767 768
f 745 768 746
f 746 768 769
f 746 769 747
f 747 769 770
f 747 770 748
f 748 770 771
f 748 771 749
f 749 771 772
f 749 772 750
f 750 772 773
f 750 773 751
f 751 773 774
f 751 774 752
f 752 774 775
f 752 775 753
f 753 775 776
f 753 776 754
f 754 776 777
f 754 777 755
f 755 777 778
f 755 778 756
f 756 778 779
f 756 779 757
f 757 779 780
f 757 780 758
f 758 780 781
f 758 781 759
f 759 781 539
f 760 782 783
f 760 783 761
f 761 783 784
f 761 784 762
f 762 784 785
f 762 785 763
f 763 785 786
f 763 786 764
f 764 786 787
f 764 787 765
f 765 787 788
f 765 788 766
f 766 788 789
f 766 789 767
f 767 789 790
f 767 790 768
f 768 790 791
f 768 791 769
f 769 791 792
f 769 792 770
f 770 792 793
f 770 793 771
f 771 793 794
f 771 794 772
f 772 794 795
f 772 795 773
f 773 795 796
f 773 796 774
f 774 796 797
f 774 797 775
f 775 797 798
f 775 798 776
f 776 798 799
f 776 799 777
f 777 799 800
f 777 800 778
f 778 800 801
f 778 801 779
f 779 801 802
f 779 802 780
f 780 802 803
f 780 803 781
f 781 803 539
f 782 804 805
f 782 805 783
f 783 805 806
f 783 806 784
f 784 806 807
f 784 807 785
f 785 807 808
f 785 808 786
f 786 808 809
f 786 809 787
f 787 809 810
f 787 810 788
f 788 810 811
f 788 811 789
f 789 811 812
f 789 812 790
f 790 812 813
f 790 813 791
f 791 813 814
f 791 814 792
f 792 814 815
f 792 815 793
f 793 815 816
f 793 816 794
f 794 816 817
f 794 817 795
f 795 817 818
f 795 818 796
f 796 818 819
f 796 819 797
f 797 819 820
f 797 820 798
f 798 820 821
f 798 821 799
f 799 821 822
f 799 822 800
f 800 822 823
f 800 823 801
f 801 823 824
f 801 824 802
f 802 824 825
f 802 825 803
f 803 825 539
f 804 826 827
f 804 827 805
f 805 827 828
f 805 828 806
f 806 828 829
f 806 829 807
f 807 829 830
f 807 830 808
f 808 830 831
f 808 831 809
f 809 831 832
f 809 832 810
f 810 832 833
f 810 833 811
f 811 833 834
f 811 834 812
f 812 834 835
f 812 835 813
f 813 835 836
f 813 836 814
f 814 836 837
f 814 837 815
f 815 837 838
f 815 838 816
f 816 838 839
f 816 839 817
f 817 839 840
f 817 840 818
f 818 840 841
f 818 841 819
f 819 841 842
f 819 842 820
f 820 842 843
f 820 843 821
f 821 843 844
f 821 844 822
f 822 844 845
f 822 845 823
f 823 845 846
f 823 846 824
f 824 846 847
f 824 847 825
f 825 847 539
f 826 848 849
f 826 849 827
f 827 849 850
f 827 850 828
f 828 850 851
f 828 851 829
f 829 851 852
f 829 852 830
f 830 852 853
f 830 853 831
f 831 853 854
f 831 854 832
f 832 854 855
f 832 855 833
f 833 855 856
f 833 856 834
f 834 856 857
f 834 857 835
f 835 857 858
f 835 858 836
f 836 858 859
f 836 859 837
f 837 859 860
f 837 860 838
f 838 860 861
f 838 861 839
f 839 861 862
f 839 862 840
f 840 862 863
f 840 863 841
f 841 863 864
f 841 864 842
f 842 864 865
f 842 865 843
f 843 865 866
f 843 866 844
f 844 866 867
f 844 867 845
f 845 867 868
f 845 868 846
f 846 868 869
f 846 869 847
f 847 869 539
f 848 870 871
f 848 871 849
f 849 871 872
f 849 872 850
f 850 872 873
f 850 873 851
f 851 873 874
f 851 874 852
f 852 874 875
f 852 875 853
f 853 875 876
f 853 876 854
f 854 876 877
f 854 877 855
f 855 877 878
f 855 878 856
f 856 878 879
f 856 879 857
f 857 879 880
f 857 880 858
f 858 880 881
f 858 881 859
f 859 881 882
f 859 882 860
f 860 882 883
f 860 883 861
f 861 883 884
f 861 884 862
f 862 884 885
f 862 885 863
f 863 885 886
f 863 886 864
f 864 886 887
f 864 887 865
f 865 887 888
f 865 888 866
f 866 888 889
f 866 889 867
f 867 889 890
f 867 890 868
f 868 890 891
f 868 891 869
f 869 891 539
f 870 892 893
f 870 893 871
f 871 893 894
f 871 894 872
f 872 894 895
f 872 895 873
f 873 895 896
f 873 896 874
f 874 896 897
f 874 897 875
f 875 897 898
f 875 898 876
f 876 898 899
f 876 899 877
f 877 899 900
f 877 900 878
f 878 900 901
f 878 901 879
f 879 901 902
f 879 902 880
f 880 902 903
f 880 903 881
f 881 903 904
f 881 904 882
f 882 904 905
f 882 905 883
f 883 905 906
f 883 906 884
f 884 906 907
f 884 907 885
f 885 907 908
f 885 908 886
f 886 908 909
f 886 909 887
f 887 909 910
f 887 910 888
f 888 910 911
f 888 911 889
f 889 911 912
f 889 912 890
f 890 912 913
f 890 913 891
f 891 913 539
f 892 914 915
f 892 915 893
f 893 915 916
f 893 916 894
f 894 916 917
f 894 917 895
f 895 917 918
f 895 918 896
f 896 918 919
f 896 919 897
f 897 919 920
f 897 920 898
f 898 920 921
f 898 921 899
f 899 921 922
f 899 922 900
f 900 922 923
f 900 923 901
f 901 923 924
f 901 924 902
f 902 924 925
f 902 925 903
f 903 925 926
f 903 926 904
f 904 926 927
f 904 927 905
f 905 927 928
f 905 928 906
f 906 928 929
f 906 929 907
f 907 929 930
f 907 930 908
f 908 930 931
f 908 931 909
f 909 931 932
f 909 932 910
f 910 932 933
f 910 933 911
f 911 933 934
f 911 934 912
f 912 934 935
f 912 935 913
f 913 935 539
f 914 936 937
f 914 937 915
f 915 937 938
f 915 938 916
f 916 938 939
f 916 939 917
f 917 939 940
f 917 940 918
f 918 940 941
f 918 941 919
f 919 941 942
f 919 942 920
f 920 942 943
f 920 943 921
f 921 943 944
f 921 944 922
f 922 944 945
f 922 945 923
f 923 945 946
f 923 946 924
f 924 946 947
f 924 947 925
f 925 947 948
f 925 948 926
f 926 948 949
f 926 949 927
f 927 949 950
f 927 950 928
f 928 950 951
f 928 951 929
f 929 951 952
f 929 952 930
f 930 952 953
f 930 953 931
f 931 953 954
f 931 954 932
f 932 954 955
f 932 955 933
f 933 955 956
f 933 956 934
f 934 956 957
f 934 957 935
f 935 957 539
f 936 958 959
f 936 959 937
f 937 959 960
f 937 960 938
f 938 960 961
f 938 961 939
f 939 961 962
f 939 962 940
f 940 962 963
f 940 963 941
f 941 963 964
f 941 964 942
f 942 964 965
f 942 965 943
f 943 965 966
f 943 966 944
f 944 966 967
f 944 967 945
f 945 967 968
f 945 968 946
f 946 968 969
f 946 969 947
f 947 969 970
f 947 970 948
f 948 970 971
f 948 971 949
f 949 971 972
f 949 972 950
f 950 972 973
f 950 973 951
f 951 973 974
f 951 974 952
f 952 974 975
f 952 975 953
f 953 975 976
f 953 976 954
f 954 976 977
f 954 977 955
f 955 977 978
f 955 978 956
f 956 978 979
f 956 979 957
f 957 979 539
f 958 980 981
f 958 981 959
f 959 981 982
f 959 982 960
f 960 982 983
f 960 983 961
f 961 983 984
f 961 984 962
f 962 984 985
f 962 985 963
f 963 985 986
f 963 986 964
f 964 986 987
f 964 987 965
f 965 987 988
f 965 988 966
f 966 988 989
f 966 989 967
f 967 989 990
f 967 990 968
f 968 990 991
f 968 991 969
f 969 991 992
f 969 992 970
f 970 992 993
f 970 993 971
f 971 993 994
f 971 994 972
f 972 994 995
f 972 995 973
f 973 995 996
f 973 996 974
f 974 996 997
f 974 997 975
f 975 997 998
f 975 998 976
f 976 998 999
f 976 999 977
f 977 999 1000
f 977 1000 978
f 978 1000 1001
f 978 1001 979
f 979 1001 539
f 980 11 1002
f 980 1002 981
f 981 1002 1003
f 981 1003 982
f 982 1003 1004
f 982 1004 983
f 983 1004 1005
f 983 1005 984
f 984 1005 1006
f 984 1006 985
f 985 1006 1007
f 985 1007 986
f 986 1007 1008
f 986 1008 987
f 987 1008 1009
f 987 1009 988
f 988 1009 1010
f 988 1010 989
f 989 1010 1011
f 989 1011 990
f 990 1011 1012
f 990 1012 991
f 991 1012 1013
f 991 1013 992
f 992 1013 1014
f 992 1014 993
f 993 1014 1015
f 993 1015 994
f 994 1015 1016
f 994 1016 995
f 995 1016 1017
f 995 1017 996
f 996 1017 1018
f 996 1018 997
f 997 1018 1019
f 997 1019 998
f 998 1019 1020
f 998 1020 999
f 999 1020 1021
f 999 1021 1000
f 1000 1021 1022
f 1000 1022 1001
f 1001 1022 539
g STROMY_OKOLI
f 4172 4173 4174
f 4172 4175 4173
f 4172 4176 4175
f 4172 4177 4176
f 4172 4178 4177
f 4172 4179 4178
f 4172 4180 4179
f 4172 4181 4180
f 4172 4182 4181
f 4172 4183 4182
f 4172 4184 4183
f 4172 4185 4184
f 4172 4186 4185
f 4172 4187 4186
f 4172 4188 4187
f 4172 4174 4188
f 4174 4173 4189
f 4174 4189 4190
f 4173 4175 4191
f 4173 4191 4189
f 4175 4176 4192
f 4175 4192 4191
f 4176 4177 4193
f 4176 4193 4192
f 4177 4178 4194
f 4177 4194 4193
f 4178 4179 4195
f 4178 4195 4194
f 4179 4180 4196
f 4179 4196 4195
f 4180 4181 4197
f 4180 4197 4196
f 4181 4182 4198
f 4181 4198 4197
f 4182 4183 4199
f 4182 4199 4198
f 4183 4184 4200
f 4183 4200 4199
f 4184 4185 4201
f 4184 4201 4200
f 4185 4186 4202
f 4185 4202 4201
f 4186 4187 4203
f 4186 4203 4202
f 4187 4188 4204
f 4187 4204 4203
f 4188 4174 4190
f 4188 4190 4204
f 4190 4189 4205
f 4190 4205 4206
f 4189 4191 4207
f 4189 4207 4205
f 4191 4192 4208
f 4191 4208 4207
f 4192 4193 4209
f 4192 4209 4208
f 4193 4194 4210
f 4193 4210 4209
f 4194 4195 4211
f 4194 4211 4210
f 4195 4196 4212
f 4195 4212 4211
f 4196 4197 4213
f 4196 4213 4212
f 4197 4198 4214
f 4197 4214 4213
f 4198 4199 4215
f 4198 4215 4214
f 4199 4200 4216
f 4199 4216 4215
f 4200 4201 4217
f 4200 4217 4216
f 4201 4202 4218
f 4201 4218 4217
f 4202 4203 4219
f 4202 4219 4218
f 4203 4204 4220
f 4203 4220 4219
f 4204 4190 4206
f 4204 4206 4220
f 4206 4205 4221
f 4206 4221 4222
f 4205 4207 4223
f 4205 4223 4221
f 4207 4208 4224
f 4207 4224 4223
f 4208 4209 4225
f 4208 4225 4224
f 4209 4210 4226
f 4209 4226 4225
f 4210 4211 4227
f 4210 4227 4226
f 4211 4212 4228
f 4211 4228 4227
f 4212 4213 4229
f 4212 4229 4228
f 4213 4214 4230
f 4213 4230 4229
f 4214 4215 4231
f 4214 4231 4230
f 4215 4216 4232
f 4215 4232 4231
f 4216 4217 4233
f 4216 4233 4232
f 4217 4218 4234
f 4217 4234 4233
f 4218 4219 4235
f 4218 4235 4234
f 4219 4220 4236
f 4219 4236 4235
f 4220 4206 4222
f 4220 4222 4236
f 4222 4221 4237
f 4222 4237 4238
f 4221 4223 4239
f 4221 4239 4237
f 4223 4224 4240
f 4223 4240 4239
f 4224 4225 4241
f 4224 4241 4240
f 4225 4226 4242
f 4225 4242 4241
f 4226 4227 4243
f 4226 4243 4242
f 4227 4228 4244
f 4227 4244 4243
f 4228 4229 4245
f 4228 4245 4244
f 4229 4230 4246
f 4229 4246 4245
f 4230 4231 4247
f 4230 4247 4246
f 4231 4232 4248
f 4231 4248 4247
f 4232 4233 4249
f 4232 4249 4248
f 4233 4234 4250
f 4233 4250 4249
f 4234 4235 4251
f 4234 4251 4250
f 4235 4236 4252
f 4235 4252 4251
f 4236 4222 4238
f 4236 4238 4252
f 4238 4237 4253
f 4238 4253 4254
f 4237 4239 4255
f 4237 4255 4253
f 4239 4240 4256
f 4239 4256 4255
f 4240 4241 4257
f 4240 4257 4256
f 4241 4242 4258
f 4241 4258 4257
f 4242 4243 4259
f 4242 4259 4258
f 4243 4244 4260
f 4243 4260 4259
f 4244 4245 4261
f 4244 4261 4260
f 4245 4246 4262
f 4245 4262 4261
f 4246 4247 4263
f 4246 4263 4262
f 4247 4248 4264
f 4247 4264 4263
f 4248 4249 4265
f 4248 4265 4264
f 4249 4250 4266
f 4249 4266 4265
f 4250 4251 4267
f 4250 4267 4266
f 4251 4252 4268
f 4251 4268 4267
f 4252 4238 4254
f 4252 4254 4268
f 4254 4253 4269
f 4254 4269 4270
f 4253 4255 4271
f 4253 4271 4269
f 4255 4256 4272
f 4255 4272 4271
f 4256 4257 4273
f 4256 4273 4272
f 4257 4258 4274
f 4257 4274 4273
f 4258 4259 4275
f 4258 4275 4274
f 4259 4260 4276
f 4259 4276 4275
f 4260 4261 4277
f 4260 4277 4276
f 4261 4262 4278
f 4261 4278 4277
f 4262 4263 4279
f 4262 4279 4278
f 4263 4264 4280
f 4263 4280 4279
f 4264 4265 4281
f 4264 4281 4280
f 4265 4266 4282
f 4265 4282 4281
f 4266 4267 4283
f 4266 4283 4282
f 4267 4268 4284
f 4267 4284 4283
f 4268 4254 4270
f 4268 4270 4284
f 4270 4269 4285
f 4270 4285 4286
f 4269 4271 4287
f 4269 4287 4285
f 4271 4272 4288
f 4271 4288 4287
f 4272 4273 4289
f 4272 4289 4288
f 4273 4274 4290
f 4273 4290 4289
f 4274 4275 4291
f 4274 4291 4290
f 4275 4276 4292
f 4275 4292 4291
f 4276 4277 4293
f 4276 4293 4292
f 4277 4278 4294
f 4277 4294 4293
f 4278 4279 4295
f 4278 4295 4294
f 4279 4280 4296
f 4279 4296 4295
f 4280 4281 4297
f 4280 4297 4296
f 4281 4282 4298
f 4281 4298 4297
f 4282 4283 4299
f 4282 4299 4298
f 4283 4284 4300
f 4283 4300 4299
f 4284 4270 4286
f 4284 4286 4300
f 4286 4285 4301
f 4286 4301 4302
f 4285 4287 4303
f 4285 4303 4301
f 4287 4288 4304
f 4287 4304 4303
f 4288 4289 4305
f 4288 4305 4304
f 4289 4290 4306
f 4289 4306 4305
f 4290 4291 4307
f 4290 4307 4306
f 4291 4292 4308
f 4291 4308 4307
f 4292 4293 4309
f 4292 4309 4308
f 4293 4294 4310
f 4293 4310 4309
f 4294 4295 4311
f 4294 4311 4310
f 4295 4296 4312
f 4295 4312 4311
f 4296 4297 4313
f 4296 4313 4312
f 4297 4298 4314
f 4297 4314 4313
f 4298 4299 4315
f 4298 4315 4314
f 4299 4300 4316
f 4299 4316 4315
f 4300 4286 4302
f 4300 4302 4316
f 4302 4301 4317
f 4301 4303 4317
f 4303 4304 4317
f 4304 4305 4317
f 4305 4306 4317
f 4306 4307 4317
f 4307 4308 4317
f 4308 4309 4317
f 4309 4310 4317
f 4310 4311 4317
f 4311 4312 4317
f 4312 4313 4317
f 4313 4314 4317
f 4314 4315 4317
f 4315 4316 4317
f 4316 4302 4317
f 4350 4351 4352
f 4350 4353 4351
f 4350 4354 4353
f 4350 4355 4354
f 4350 4356 4355
f 4350 4357 4356
f 4350 4358 4357
f 4350 4359 4358
f 4350 4360 4359
f 4350 4361 4360
f 4350 4362 4361
f 4350 4363 4362
f 4350 4364 4363
f 4350 4365 4364
f 4350 4366 4365
f 4350 4352 4366
f 4352 4351 4367
f 4352 4367 4368
f 4351 4353 4369
f 4351 4369 4367
f 4353 4354 4370
f 4353 4370 4369
f 4354 4355 4371
f 4354 4371 4370
f 4355 4356 4372
f 4355 4372 4371
f 4356 4357 4373
f 4356 4373 4372
f 4357 4358 4374
f 4357 4374 4373
f 4358 4359 4375
f 4358 4375 4374
f 4359 4360 4376
f 4359 4376 4375
f 4360 4361 4377
f 4360 4377 4376
f 4361 4362 4378
f 4361 4378 4377
f 4362 4363 4379
f 4362 4379 4378
f 4363 4364 4380
f 4363 4380 4379
f 4364 4365 4381
f 4364 4381 4380
f 4365 4366 4382
f 4365 4382 4381
f 4366 4352 4368
f 4366 4368 4382
f 4368 4367 4383
f 4368 4383 4384
f 4367 4369 4385
f 4367 4385 4383
f 4369 4370 4386
f 4369 4386 4385
f 4370 4371 4387
f 4370 4387 4386
f 4371 4372 4388
f 4371 4388 4387
f 4372 4373 4389
f 4372 4389 4388
f 4373 4374 4390
f 4373 4390 4389
f 4374 4375 4391
f 4374 4391 4390
f 4375 4376 4392
f 4375 4392 4391
f 4376 4377 4393
f 4376 4393 4392
f 4377 4378 4394
f 4377 4394 4393
f 4378 4379 4395
f 4378 4395 4394
f 4379 4380 4396
f 4379 4396 4395
f 4380 4381 4397
f 4380 4397 4396
f 4381 4382 4398
f 4381 4398 4397
f 4382 4368 4384
f 4382 4384 4398
f 4384 4383 4399
f 4384 4399 4400
f 4383 4385 4401
f 4383 4401 4399
f 4385 4386 4402
f 4385 4402 4401
f 4386 4387 4403
f 4386 4403 4402
f 4387 4388 4404
f 4387 4404 4403
f 4388 4389 4405
f 4388 4405 4404
f 4389 4390 4406
f 4389 4406 4405
f 4390 4391 4407
f 4390 4407 4406
f 4391 4392 4408
f 4391 4408 4407
f 4392 4393 4409
f 4392 4409 4408
f 4393 4394 4410
f 4393 4410 4409
f 4394 4395 4411
f 4394 4411 4410
f 4395 4396 4412
f 4395 4412 4411
f 4396 4397 4413
f 4396 4413 4412
f 4397 4398 4414
f 4397 4414 4413
f 4398 4384 4400
f 4398 4400 4414
f 4400 4399 4415
f 4400 4415 4416
f 4399 4401 4417
f 4399 4417 4415
f 4401 4402 4418
f 4401 4418 4417
f 4402 4403 4419
f 4402 4419 4418
f 4403 4404 4420
f 4403 4420 4419
f 4404 4405 4421
f 4404 4421 4420
f 4405 4406 4422
f 4405 4422 4421
f 4406 4407 4423
f 4406 4423 4422
f 4407 4408 4424
f 4407 4424 4423
f 4408 4409 4425
f 4408 4425 4424
f 4409 4410 4426
f 4409 4426 4425
f 4410 4411 4427
f 4410 4427 4426
f 4411 4412 4428
f 4411 4428 4427
f 4412 4413 4429
f 4412 4429 4428
f 4413 4414 4430
f 4413 4430 4429
f 4414 4400 4416
f 4414 4416 4430
f 4416 4415 4431
f 4416 4431 4432
f 4415 4417 4433
f 4415 4433 4431
f 4417 4418 4434
f 4417 4434 4433
f 4418 4419 4435
f 4418 4435 4434
f 4419 4420 4436
f 4419 4436 4435
f 4420 4421 4437
f 4420 4437 4436
f 4421 4422 4438
f 4421 4438 4437
f 4422 4423 4439
f 4422 4439 4438
f 4423 4424 4440
f 4423 4440 4439
f 4424 4425 4441
f 4424 4441 4440
f 4425 4426 4442
f 4425 4442 4441
f 4426 4427 4443
f 4426 4443 4442
f 4427 4428 4444
f 4427 4444 4443
f 4428 4429 4445
f 4428 4445 4444
f 4429 4430 4446
f 4429 4446 4445
f 4430 4416 4432
f 4430 4432 4446
f 4432 4431 4447
f 4432 4447 4448
f 4431 4433 4449
f 4431 4449 4447
f 4433 4434 4450
f 4433 4450 4449
f 4434 4435 4451
f 4434 4451 4450
f 4435 4436 4452
f 4435 4452 4451
f 4436 4437 4453
f 4436 4453 4452
f 4437 4438 4454
f 4437 4454 4453
f 4438 4439 4455
f 4438 4455 4454
f 4439 4440 4456
f 4439 4456 4455
f 4440 4441 4457
f 4440 4457 4456
f 4441 4442 4458
f 4441 4458 4457
f 4442 4443 4459
f 4442 4459 4458
f 4443 4444 4460
f 4443 4460 4459
f 4444 4445 4461
f 4444 4461 4460
f 4445 4446 4462
f 4445 4462 4461
f 4446 4432 4448
f 4446 4448 4462
f 4448 4447 4463
f 4448 4463 4464
f 4447 4449 4465
f 4447 4465 4463
f 4449 4450 4466
f 4449 4466 4465
f 4450 4451 4467
f 4450 4467 4466
f 4451 4452 4468
f 4451 4468 4467
f 4452 4453 4469
f 4452 4469 4468
f 4453 4454 4470
f 4453 4470 4469
f 4454 4455 4471
f 4454 4471 4470
f 4455 4456 4472
f 4455 4472 4471
f 4456 4457 4473
f 4456 4473 4472
f 4457 4458 4474
f 4457 4474 4473
f 4458 4459 4475
f 4458 4475 4474
f 4459 4460 4476
f 4459 4476 4475
f 4460 4461 4477
f 4460 4477 4476
f 4461 4462 4478
f 4461 4478 4477
f 4462 4448 4464
f 4462 4464 4478
f 4464 4463 4479
f 4464 4479 4480
f 4463 4465 4481
f 4463 4481 4479
f 4465 4466 4482
f 4465 4482 4481
f 4466 4467 4483
f 4466 4483 4482
f 4467 4468 4484
f 4467 4484 4483
f 4468 4469 4485
f 4468 4485 4484
f 4469 4470 4486
f 4469 4486 4485
f 4470 4471 4487
f 4470 4487 4486
f 4471 4472 4488
f 4471 4488 4487
f 4472 4473 4489
f 4472 4489 4488
f 4473 4474 4490
f 4473 4490 4489
f 4474 4475 4491
f 4474 4491 4490
f 4475 4476 4492
f 4475 4492 4491
f 4476 4477 4493
f 4476 4493 4492
f 4477 4478 4494
f 4477 4494 4493
f 4478 4464 4480
f 4478 4480 4494
f 4480 4479 4495
f 4479 4481 4495
f 4481 4482 4495
f 4482 4483 4495
f 4483 4484 4495
f 4484 4485 4495
f 4485 4486 4495
f 4486 4487 4495
f 4487 4488 4495
f 4488 4489 4495
f 4489 4490 4495
f 4490 4491 4495
f 4491 4492 4495
f 4492 4493 4495
f 4493 4494 4495
f 4494 4480 4495
f 4528 4529 4530
f 4528 4531 4529
f 4528 4532 4531
f 4528 4533 4532
f 4528 4534 4533
f 4528 4535 4534
f 4528 4536 4535
f 4528 4537 4536
f 4528 4538 4537
f 4528 4539 4538
f 4528 4540 4539
f 4528 4541 4540
f 4528 4542 4541
f 4528 4543 4542
f 4528 4544 4543
f 4528 4530 4544
f 4530 4529 4545
f 4530 4545 4546
f 4529 4531 4547
f 4529 4547 4545
f 4531 4532 4548
f 4531 4548 4547
f 4532 4533 4549
f 4532 4549 4548
f 4533 4534 4550
f 4533 4550 4549
f 4534 4535 4551
f 4534 4551 4550
f 4535 4536 4552
f 4535 4552 4551
f 4536 4537 4553
f 4536 4553 4552
f 4537 4538 4554
f 4537 4554 4553
f 4538 4539 4555
f 4538 4555 4554
f 4539 4540 4556
f 4539 4556 4555
f 4540 4541 4557
f 4540 4557 4556
f 4541 4542 4558
f 4541 4558 4557
f 4542 4543 4559
f 4542 4559 4558
f 4543 4544 4560
f 4543 4560 4559
f 4544 4530 4546
f 4544 4546 4560
f 4546 4545 4561
f 4546 4561 4562
f 4545 4547 4563
f 4545 4563 4561
f 4547 4548 4564
f 4547 4564 4563
f 4548 4549 4565
f 4548 4565 4564
f 4549 4550 4566
f 4549 4566 4565
f 4550 4551 4567
f 4550 4567 4566
f 4551 4552 4568
f 4551 4568 4567
f 4552 4553 4569
f 4552 4569 4568
f 4553 4554 4570
f 4553 4570 4569
f 4554 4555 4571
f 4554 4571 4570
f 4555 4556 4572
f 4555 4572 4571
f 4556 4557 4573
f 4556 4573 4572
f 4557 4558 4574
f 4557 4574 4573
f 4558 4559 4575
f 4558 4575 4574
f 4559 4560 4576
f 4559 4576 4575
f 4560 4546 4562
f 4560 4562 4576
f 4562 4561 4577
f 4562 4577 4578
f 4561 4563 4579
f 4561 4579 4577
f 4563 4564 4580
f 4563 4580 4579
f 4564 4565 4581
f 4564 4581 4580
f 4565 4566 4582
f 4565 4582 4581
f 4566 4567 4583
f 4566 4583 4582
f 4567 4568 4584
f 4567 4584 4583
f 4568 4569 4585
f 4568 4585 4584
f 4569 4570 4586
f 4569 4586 4585
f 4570 4571 4587
f 4570 4587 4586
f 4571 4572 4588
f 4571 4588 4587
f 4572 4573 4589
f 4572 4589 4588
f 4573 4574 4590
f 4573 4590 4589
f 4574 4575 4591
f 4574 4591 4590
f 4575 4576 4592
f 4575 4592 4591
f 4576 4562 4578
f 4576 4578 4592
f 4578 4577 4593
f 4578 4593 4594
f 4577 4579 4595
f 4577 4595 4593
f 4579 4580 4596
f 4579 4596 4595
f 4580 4581 4597
f 4580 4597 4596
f 4581 4582 4598
f 4581 4598 4597
f 4582 4583 4599
f 4582 4599 4598
f 4583 4584 4600
f 4583 4600 4599
f 4584 4585 4601
f 4584 4601 4600
f 4585 4586 4602
f 4585 4602 4601
f 4586 4587 4603
f 4586 4603 4602
f 4587 4588 4604
f 4587 4604 4603
f 4588 4589 4605
f 4588 4605 4604
f 4589 4590 4606
f 4589 4606 4605
f 4590 4591 4607
f 4590 4607 4606
f 4591 4592 4608
f 4591 4608 4607
f 4592 4578 4594
f 4592 4594 4608
f 4594 4593 4609
f 4594 4609 4610
f 4593 4595 4611
f 4593 4611 4609
f 4595 4596 4612
f 4595 4612 4611
f 4596 4597 4613
f 4596 4613 4612
f 4597 4598 4614
f 4597 4614 4613
f 4598 4599 4615
f 4598 4615 4614
f 4599 4600 4616
f 4599 4616 4615
f 4600 4601 4617
f 4600 4617 4616
f 4601 4602 4618
f 4601 4618 4617
f 4602 4603 4619
f 4602 4619 4618
f 4603 4604 4620
f 4603 4620 4619
f 4604 4605 4621
f 4604 4621 4620
f 4605 4606 4622
f 4605 4622 4621
f 4606 4607 4623
f 4606 4623 4622
f 4607 4608 4624
f 4607 4624 4623
f 4608 4594 4610
f 4608 4610 4624
f 4610 4609 4625
f 4610 4625 4626
f 4609 4611 4627
f 4609 4627 4625
f 4611 4612 4628
f 4611 4628 4627
f 4612 4613 4629
f 4612 4629 4628
f 4613 4614 4630
f 4613 4630 4629
f 4614 4615 4631
f 4614 4631 4630
f 4615 4616 4632
f 4615 4632 4631
f 4616 4617 4633
f 4616 4633 4632
f 4617 4618 4634
f 4617 4634 4633
f 4618 4619 4635
f 4618 4635 4634
f 4619 4620 4636
f 4619 4636 4635
f 4620 4621 4637
f 4620 4637 4636
f 4621 4622 4638
f 4621 4638 4637
f 4622 4623 4639
f 4622 4639 4638
f 4623 4624 4640
f 4623 4640 4639
f 4624 4610 4626
f 4624 4626 4640
f 4626 4625 4641
f 4626 4641 4642
f 4625 4627 4643
f 4625 4643 4641
f 4627 4628 4644
f 4627 4644 4643
f 4628 4629 4645
f 4628 4645 4644
f 4629 4630 4646
f 4629 4646 4645
f 4630 4631 4647
f 4630 4647 4646
f 4631 4632 4648
f 4631 4648 4647
f 4632 4633 4649
f 4632 4649 4648
f 4633 4634 4650
f 4633 4650 4649
f 4634 4635 4651
f 4634 4651 4650
f 4635 4636 4652
f 4635 4652 4651
f 4636 4637 4653
f 4636 4653 4652
f 4637 4638 4654
f 4637 4654 4653
f 4638 4639 4655
f 4638 4655 4654
f 4639 4640 4656
f 4639 4656 4655
f 4640 4626 4642
f 4640 4642 4656
f 4642 4641 4657
f 4642 4657 4658
f 4641 4643 4659
f 4641 4659 4657
f 4643 4644 4660
f 4643 4660 4659
f 4644 4645 4661
f 4644 4661 4660
f 4645 4646 4662
f 4645 4662 4661
f 4646 4647 4663
f 4646 4663 4662
f 4647 4648 4664
f 4647 4664 4663
f 4648 4649 4665
f 4648 4665 4664
f 4649 4650 4666
f 4649 4666 4665
f 4650 4651 4667
f 4650 4667 4666
f 4651 4652 4668
f 4651 4668 4667
f 4652 4653 4669
f 4652 4669 4668
f 4653 4654 4670
f 4653 4670 4669
f 4654 4655 4671
f 4654 4671 4670
f 4655 4656 4672
f 4655 4672 4671
f 4656 4642 4658
f 4656 4658 4672
f 4658 4657 4673
f 4657 4659 4673
f 4659 4660 4673
f 4660 4661 4673
f 4661 4662 4673
f 4662 4663 4673
f 4663 4664 4673
f 4664 4665 4673
f 4665 4666 4673
f 4666 4667 4673
f 4667 4668 4673
f 4668 4669 4673
f 4669 4670 4673
f 4670 4671 4673
f 4671 4672 4673
f 4672 4658 4673
f 4706 4707 4708
f 4706 4709 4707
f 4706 4710 4709
f 4706 4711 4710
f 4706 4712 4711
f 4706 4713 4712
f 4706 4714 4713
f 4706 4715 4714
f 4706 4716 4715
f 4706 4717 4716
f 4706 4718 4717
f 4706 4719 4718
f 4706 4720 4719
f 4706 4721 4720
f 4706 4722 4721
f 4706 4708 4722
f 4708 4707 4723
f 4708 4723 4724
f 4707 4709 4725
f 4707 4725 4723
f 4709 4710 4726
f 4709 4726 4725
f 4710 4711 4727
f 4710 4727 4726
f 4711 4712 4728
f 4711 4728 4727
f 4712 4713 4729
f 4712 4729 4728
f 4713 4714 4730
f 4713 4730 4729
f 4714 4715 4731
f 4714 4731 4730
f 4715 4716 4732
f 4715 4732 4731
f 4716 4717 4733
f 4716 4733 4732
f 4717 4718 4734
f 4717 4734 4733
f 4718 4719 4735
f 4718 4735 4734
f 4719 4720 4736
f 4719 4736 4735
f 4720 4721 4737
f 4720 4737 4736
f 4721 4722 4738
f 4721 4738 4737
f 4722 4708 4724
f 4722 4724 4738
f 4724 4723 4739
f 4724 4739 4740
f 4723 4725 4741
f 4723 4741 4739
f 4725 4726 4742
f 4725 4742 4741
f 4726 4727 4743
f 4726 4743 4742
f 4727 4728 4744
f 4727 4744 4743
f 4728 4729 4745
f 4728 4745 4744
f 4729 4730 4746
f 4729 4746 4745
f 4730 4731 4747
f 4730 4747 4746
f 4731 4732 4748
f 4731 4748 4747
f 4732 4733 4749
f 4732 4749 4748
f 4733 4734 4750
f 4733 4750 4749
f 4734 4735 4751
f 4734 4751 4750
f 4735 4736 4752
f 4735 4752 4751
f 4736 4737 4753
f 4736 4753 4752
f 4737 4738 4754
f 4737 4754 4753
f 4738 4724 4740
f 4738 4740 4754
f 4740 4739 4755
f 4740 4755 4756
f 4739 4741 4757
f 4739 4757 4755
f 4741 4742 4758
f 4741 4758 4757
f 4742 4743 4759
f 4742 4759 4758
f 4743 4744 4760
f 4743 4760 4759
f 4744 4745 4761
f 4744 4761 4760
f 4745 4746 4762
f 4745 4762 4761
f 4746 4747 4763
f 4746 4763 4762
f 4747 4748 4764
f 4747 4764 4763
f 4748 4749 4765
f 4748 4765 4764
f 4749 4750 4766
f 4749 4766 4765
f 4750 4751 4767
f 4750 4767 4766
f 4751 4752 4768
f 4751 4768 4767
f 4752 4753 4769
f 4752 4769 4768
f 4753 4754 4770
f 4753 4770 4769
f 4754 4740 4756
f 4754 4756 4770
f 4756 4755 4771
f 4756 4771 4772
f 4755 4757 4773
f 4755 4773 4771
f 4757 4758 4774
f 4757 4774 4773
f 4758 4759 4775
f 4758 4775 4774
f 4759 4760 4776
f 4759 4776 4775
f 4760 4761 4777
f 4760 4777 4776
f 4761 4762 4778
f 4761 4778 4777
f 4762 4763 4779
f 4762 4779 4778
f 4763 4764 4780
f 4763 4780 4779
f 4764 4765 4781
f 4764 4781 4780
f 4765 4766 4782
f 4765 4782 4781
f 4766 4767 4783
f 4766 4783 4782
f 4767 4768 4784
f 4767 4784 4783
f 4768 4769 4785
f 4768 4785 4784
f 4769 4770 4786
f 4769 4786 4785
f 4770 4756 4772
f 4770 4772 4786
f 4772 4771 4787
f 4772 4787 4788
f 4771 4773 4789
f 4771 4789 4787
f 4773 4774 4790
f 4773 4790 4789
f 4774 4775 4791
f 4774 4791 4790
f 4775 4776 4792
f 4775 4792 4791
f 4776 4777 4793
f 4776 4793 4792
f 4777 4778 4794
f 4777 4794 4793
f 4778 4779 4795
f 4778 4795 4794
f 4779 4780 4796
f 4779 4796 4795
f 4780 4781 4797
f 4780 4797 4796
f 4781 4782 4798
f 4781 4798 4797
f 4782 4783 4799
f 4782 4799 4798
f 4783 4784 4800
f 4783 4800 4799
f 4784 4785 4801
f 4784 4801 4800
f 4785 4786 4802
f 4785 4802 4801
f 4786 4772 4788
f 4786 4788 4802
f 4788 4787 4803
f 4788 4803 4804
f 4787 4789 4805
f 4787 4805 4803
f 4789 4790 4806
f 4789 4806 4805
f 4790 4791 4807
f 4790 4807 4806
f 4791 4792 4808
f 4791 4808 4807
f 4792 4793 4809
f 4792 4809 4808
f 4793 4794 4810
f 4793 4810 4809
f 4794 4795 4811
f 4794 4811 4810
f 4795 4796 4812
f 4795 4812 4811
f 4796 4797 4813
f 4796 4813 4812
f 4797 4798 4814
f 4797 4814 4813
f 4798 4799 4815
f 4798 4815 4814
f 4799 4800 4816
f 4799 4816 4815
f 4800 4801 4817
f 4800 4817 4816
f 4801 4802 4818
f 4801 4818 4817
f 4802 4788 4804
f 4802 4804 4818
f 4804 4803 4819
f 4804 4819 4820
f 4803 4805 4821
f 4803 4821 4819
f 4805 4806 4822
f 4805 4822 4821
f 4806 4807 4823
f 4806 4823 4822
f 4807 4808 4824
f 4807 4824 4823
f 4808 4809 4825
f 4808 4825 4824
f 4809 4810 4826
f 4809 4826 4825
f 4810 4811 4827
f 4810 4827 4826
f 4811 4812 4828
f 4811 4828 4827
f 4812 4813 4829
f 4812 4829 4828
f 4813 4814 4830
f 4813 4830 4829
f 4814 4815 4831
f 4814 4831 4830
f 4815 4816 4832
f 4815 4832 4831
f 4816 4817 4833
f 4816 4833 4832
f 4817 4818 4834
f 4817 4834 4833
f 4818 4804 4820
f 4818 4820 4834
f 4820 4819 4835
f 4820 4835 4836
f 4819 4821 4837
f 4819 4837 4835
f 4821 4822 4838
f 4821 4838 4837
f 4822 4823 4839
f 4822 4839 4838
f 4823 4824 4840
f 4823 4840 4839
f 4824 4825 4841
f 4824 4841 4840
f 4825 4826 4842
f 4825 4842 4841
f 4826 4827 4843
f 4826 4843 4842
f 4827 4828 4844
f 4827 4844 4843
f 4828 4829 4845
f 4828 4845 4844
f 4829 4830 4846
f 4829 4846 4845
f 4830 4831 4847
f 4830 4847 4846
f 4831 4832 4848
f 4831 4848 4847
f 4832 4833 4849
f 4832 4849 4848
f 4833 4834 4850
f 4833 4850 4849
f 4834 4820 4836
f 4834 4836 4850
f 4836 4835 4851
f 4835 4837 4851
f 4837 4838 4851
f 4838 4839 4851
f 4839 4840 4851
f 4840 4841 4851
f 4841 4842 4851
f 4842 4843 4851
f 4843 4844 4851
f 4844 4845 4851
f 4845 4846 4851
f 4846 4847 4851
f 4847 4848 4851
f 4848 4849 4851
f 4849 4850 4851
f 4850 4836 4851
f 4900 4901 4902
f 4900 4903 4901
f 4900 4904 4903
f 4900 4905 4904
f 4900 4906 4905
f 4900 4907 4906
f 4900 4908 4907
f 4900 4909 4908
f 4900 4910 4909
f 4900 4911 4910
f 4900 4912 4911
f 4900 4913 4912
f 4900 4914 4913
f 4900 4915 4914
f 4900 4916 4915
f 4900 4902 4916
f 4902 4901 4917
f 4902 4917 4918
f 4901 4903 4919
f 4901 4919 4917
f 4903 4904 4920
f 4903 4920 4919
f 4904 4905 4921
f 4904 4921 4920
f 4905 4906 4922
f 4905 4922 4921
f 4906 4907 4923
f 4906 4923 4922
f 4907 4908 4924
f 4907 4924 4923
f 4908 4909 4925
f 4908 4925 4924
f 4909 4910 4926
f 4909 4926 4925
f 4910 4911 4927
f 4910 4927 4926
f 4911 4912 4928
f 4911 4928 4927
f 4912 4913 4929
f 4912 4929 4928
f 4913 4914 4930
f 4913 4930 4929
f 4914 4915 4931
f 4914 4931 4930
f 4915 4916 4932
f 4915 4932 4931
f 4916 4902 4918
f 4916 4918 4932
f 4918 4917 4933
f 4918 4933 4934
f 4917 4919 4935
f 4917 4935 4933
f 4919 4920 4936
f 4919 4936 4935
f 4920 4921 4937
f 4920 4937 4936
f 4921 4922 4938
f 4921 4938 4937
f 4922 4923 4939
f 4922 4939 4938
f 4923 4924 4940
f 4923 4940 4939
f 4924 4925 4941
f 4924 4941 4940
f 4925 4926 4942
f 4925 4942 4941
f 4926 4927 4943
f 4926 4943 4942
f 4927 4928 4944
f 4927 4944 4943
f 4928 4929 4945
f 4928 4945 4944
f 4929 4930 4946
f 4929 4946 4945
f 4930 4931 4947
f 4930 4947 4946
f 4931 4932 4948
f 4931 4948 4947
f 4932 4918 4934
f 4932 4934 4948
f 4934 4933 4949
f 4934 4949 4950
f 4933 4935 4951
f 4933 4951 4949
f 4935 4936 4952
f 4935 4952 4951
f 4936 4937 4953
f 4936 4953 4952
f 4937 4938 4954
f 4937 4954 4953
f 4938 4939 4955
f 4938 4955 4954
f 4939 4940 4956
f 4939 4956 4955
f 4940 4941 4957
f 4940 4957 4956
f 4941 4942 4958
f 4941 4958 4957
f 4942 4943 4959
f 4942 4959 4958
f 4943 4944 4960
f 4943 4960 4959
f 4944 4945 4961
f 4944 4961 4960
f 4945 4946 4962
f 4945 4962 4961
f 4946 4947 4963
f 4946 4963 4962
f 4947 4948 4964
f 4947 4964 4963
f 4948 4934 4950
f 4948 4950 4964
f 4950 4949 4965
f 4950 4965 4966
f 4949 4951 4967
f 4949 4967 4965
f 4951 4952 4968
f 4951 4968 4967
f 4952 4953 4969
f 4952 4969 4968
f 4953 4954 4970
f 4953 4970 4969
f 4954 4955 4971
f 4954 4971 4970
f 4955 4956 4972
f 4955 4972 4971
f 4956 4957 4973
f 4956 4973 4972
f 4957 4958 4974
f 4957 4974 4973
f 4958 4959 4975
f 4958 4975 4974
f 4959 4960 4976
f 4959 4976 4975
f 4960 4961 4977
f 4960 4977 4976
f 4961 4962 4978
f 4961 4978 4977
f 4962 4963 4979
f 4962 4979 4978
f 4963 4964 4980
f 4963 4980 4979
f 4964 4950 4966
f 4964 4966 4980
f 4966 4965 4981
f 4966 4981 4982
f 4965 4967 4983
f 4965 4983 4981
f 4967 4968 4984
f 4967 4984 4983
f 4968 4969 4985
f 4968 4985 4984
f 4969 4970 4986
f 4969 4986 4985
f 4970 4971 4987
f 4970 4987 4986
f 4971 4972 4988
f 4971 4988 4987
f 4972 4973 4989
f 4972 4989 4988
f 4973 4974 4990
f 4973 4990 4989
f 4974 4975 4991
f 4974 4991 4990
f 4975 4976 4992
f 4975 4992 4991
f 4976 4977 4993
f 4976 4993 4992
f 4977 4978 4994
f 4977 4994 4993
f 4978 4979 4995
f 4978 4995 4994
f 4979 4980 4996
f 4979 4996 4995
f 4980 4966 4982
f 4980 4982 4996
f 4982 4981 4997
f 4982 4997 4998
f 4981 4983 4999
f 4981 4999 4997
f 4983 4984 5000
f 4983 5000 4999
f 4984 4985 5001
f 4984 5001 5000
f 4985 4986 5002
f 4985 5002 5001
f 4986 4987 5003
f 4986 5003 5002
f 4987 4988 5004
f 4987 5004 5003
f 4988 4989 5005
f 4988 5005 5004
f 4989 4990 5006
f 4989 5006 5005
f 4990 4991 5007
f 4990 5007 5006
f 4991 4992 5008
f 4991 5008 5007
f 4992 4993 5009
f 4992 5009 5008
f 4993 4994 5010
f 4993 5010 5009
f 4994 4995 5011
f 4994 5011 5010
f 4995 4996 5012
f 4995 5012 5011
f 4996 4982 4998
f 4996 4998 5012
f 4998 4997 5013
f 4998 5013 5014
f 4997 4999 5015
f 4997 5015 5013
f 4999 5000 5016
f 4999 5016 5015
f 5000 5001 5017
f 5000 5017 5016
f 5001 5002 5018
f 5001 5018 5017
f 5002 5003 5019
f 5002 5019 5018
f 5003 5004 5020
f 5003 5020 5019
f 5004 5005 5021
f 5004 5021 5020
f 5005 5006 5022
f 5005 5022 5021
f 5006 5007 5023
f 5006 5023 5022
f 5007 5008 5024
f 5007 5024 5023
f 5008 5009 5025
f 5008 5025 5024
f 5009 5010 5026
f 5009 5026 5025
f 5010 5011 5027
f 5010 5027 5026
f 5011 5012 5028
f 5011 5028 5027
f 5012 4998 5014
f 5012 5014 5028
f 5014 5013 5029
f 5014 5029 5030
f 5013 5015 5031
f 5013 5031 5029
f 5015 5016 5032
f 5015 5032 5031
f 5016 5017 5033
f 5016 5033 5032
f 5017 5018 5034
f 5017 5034 5033
f 5018 5019 5035
f 5018 5035 5034
f 5019 5020 5036
f 5019 5036 5035
f 5020 5021 5037
f 5020 5037 5036
f 5021 5022 5038
f 5021 5038 5037
f 5022 5023 5039
f 5022 5039 5038
f 5023 5024 5040
f 5023 5040 5039
f 5024 5025 5041
f 5024 5041 5040
f 5025 5026 5042
f 5025 5042 5041
f 5026 5027 5043
f 5026 5043 5042
f 5027 5028 5044
f 5027 5044 5043
f 5028 5014 5030
f 5028 5030 5044
f 5030 5029 5045
f 5029 5031 5045
f 5031 5032 5045
f 5032 5033 5045
f 5033 5034 5045
f 5034 5035 5045
f 5035 5036 5045
f 5036 5037 5045
f 5037 5038 5045
f 5038 5039 5045
f 5039 5040 5045
f 5040 5041 5045
f 5041 5042 5045
f 5042 5043 5045
f 5043 5044 5045
f 5044 5030 5045
g STROMY_ZAMERENE
f 3323 3324 3325
f 3323 3326 3324
f 3323 3327 3326
f 3323 3328 3327
f 3323 3329 3328
f 3323 3330 3329
f 3323 3331 3330
f 3323 3332 3331
f 3323 3333 3332
f 3323 3334 3333
f 3323 3335 3334
f 3323 3336 3335
f 3323 3337 3336
f 3323 3338 3337
f 3323 3339 3338
f 3323 3325 3339
f 3325 3324 3340
f 3325 3340 3341
f 3324 3326 3342
f 3324 3342 3340
f 3326 3327 3343
f 3326 3343 3342
f 3327 3328 3344
f 3327 3344 3343
f 3328 3329 3345
f 3328 3345 3344
f 3329 3330 3346
f 3329 3346 3345
f 3330 3331 3347
f 3330 3347 3346
f 3331 3332 3348
f 3331 3348 3347
f 3332 3333 3349
f 3332 3349 3348
f 3333 3334 3350
f 3333 3350 3349
f 3334 3335 3351
f 3334 3351 3350
f 3335 3336 3352
f 3335 3352 3351
f 3336 3337 3353
f 3336 3353 3352
f 3337 3338 3354
f 3337 3354 3353
f 3338 3339 3355
f 3338 3355 3354
f 3339 3325 3341
f 3339 3341 3355
f 3341 3340 3356
f 3341 3356 3357
f 3340 3342 3358
f 3340 3358 3356
f 3342 3343 3359
f 3342 3359 3358
f 3343 3344 3360
f 3343 3360 3359
f 3344 3345 3361
f 3344 3361 3360
f 3345 3346 3362
f 3345 3362 3361
f 3346 3347 3363
f 3346 3363 3362
f 3347 3348 3364
f 3347 3364 3363
f 3348 3349 3365
f 3348 3365 3364
f 3349 3350 3366
f 3349 3366 3365
f 3350 3351 3367
f 3350 3367 3366
f 3351 3352 3368
f 3351 3368 3367
f 3352 3353 3369
f 3352 3369 3368
f 3353 3354 3370
f 3353 3370 3369
f 3354 3355 3371
f 3354 3371 3370
f 3355 3341 3357
f 3355 3357 3371
f 3357 3356 3372
f 3357 3372 3373
f 3356 3358 3374
f 3356 3374 3372
f 3358 3359 3375
f 3358 3375 3374
f 3359 3360 3376
f 3359 3376 3375
f 3360 3361 3377
f 3360 3377 3376
f 3361 3362 3378
f 3361 3378 3377
f 3362 3363 3379
f 3362 3379 3378
f 3363 3364 3380
f 3363 3380 3379
f 3364 3365 3381
f 3364 3381 3380
f 3365 3366 3382
f 3365 3382 3381
f 3366 3367 3383
f 3366 3383 3382
f 3367 3368 3384
f 3367 3384 3383
f 3368 3369 3385
f 3368 3385 3384
f 3369 3370 3386
f 3369 3386 3385
f 3370 3371 3387
f 3370 3387 3386
f 3371 3357 3373
f 3371 3373 3387
f 3373 3372 3388
f 3373 3388 3389
f 3372 3374 3390
f 3372 3390 3388
f 3374 3375 3391
f 3374 3391 3390
f 3375 3376 3392
f 3375 3392 3391
f 3376 3377 3393
f 3376 3393 3392
f 3377 3378 3394
f 3377 3394 3393
f 3378 3379 3395
f 3378 3395 3394
f 3379 3380 3396
f 3379 3396 3395
f 3380 3381 3397
f 3380 3397 3396
f 3381 3382 3398
f 3381 3398 3397
f 3382 3383 3399
f 3382 3399 3398
f 3383 3384 3400
f 3383 3400 3399
f 3384 3385 3401
f 3384 3401 3400
f 3385 3386 3402
f 3385 3402 3401
f 3386 3387 3403
f 3386 3403 3402
f 3387 3373 3389
f 3387 3389 3403
f 3389 3388 3404
f 3389 3404 3405
f 3388 3390 3406
f 3388 3406 3404
f 3390 3391 3407
f 3390 3407 3406
f 3391 3392 3408
f 3391 3408 3407
f 3392 3393 3409
f 3392 3409 3408
f 3393 3394 3410
f 3393 3410 3409
f 3394 3395 3411
f 3394 3411 3410
f 3395 3396 3412
f 3395 3412 3411
f 3396 3397 3413
f 3396 3413 3412
f 3397 3398 3414
f 3397 3414 3413
f 3398 3399 3415
f 3398 3415 3414
f 3399 3400 3416
f 3399 3416 3415
f 3400 3401 3417
f 3400 3417 3416
f 3401 3402 3418
f 3401 3418 3417
f 3402 3403 3419
f 3402 3419 3418
f 3403 3389 3405
f 3403 3405 3419
f 3405 3404 3420
f 3405 3420 3421
f 3404 3406 3422
f 3404 3422 3420
f 3406 3407 3423
f 3406 3423 3422
f 3407 3408 3424
f 3407 3424 3423
f 3408 3409 3425
f 3408 3425 3424
f 3409 3410 3426
f 3409 3426 3425
f 3410 3411 3427
f 3410 3427 3426
f 3411 3412 3428
f 3411 3428 3427
f 3412 3413 3429
f 3412 3429 3428
f 3413 3414 3430
f 3413 3430 3429
f 3414 3415 3431
f 3414 3431 3430
f 3415 3416 3432
f 3415 3432 3431
f 3416 3417 3433
f 3416 3433 3432
f 3417 3418 3434
f 3417 3434 3433
f 3418 3419 3435
f 3418 3435 3434
f 3419 3405 3421
f 3419 3421 3435
f 3421 3420 3436
f 3421 3436 3437
f 3420 3422 3438
f 3420 3438 3436
f 3422 3423 3439
f 3422 3439 3438
f 3423 3424 3440
f 3423 3440 3439
f 3424 3425 3441
f 3424 3441 3440
f 3425 3426 3442
f 3425 3442 3441
f 3426 3427 3443
f 3426 3443 3442
f 3427 3428 3444
f 3427 3444 3443
f 3428 3429 3445
f 3428 3445 3444
f 3429 3430 3446
f 3429 3446 3445
f 3430 3431 3447
f 3430 3447 3446
f 3431 3432 3448
f 3431 3448 3447
f 3432 3433 3449
f 3432 3449 3448
f 3433 3434 3450
f 3433 3450 3449
f 3434 3435 3451
f 3434 3451 3450
f 3435 3421 3437
f 3435 3437 3451
f 3437 3436 3452
f 3437 3452 3453
f 3436 3438 3454
f 3436 3454 3452
f 3438 3439 3455
f 3438 3455 3454
f 3439 3440 3456
f 3439 3456 3455
f 3440 3441 3457
f 3440 3457 3456
f 3441 3442 3458
f 3441 3458 3457
f 3442 3443 3459
f 3442 3459 3458
f 3443 3444 3460
f 3443 3460 3459
f 3444 3445 3461
f 3444 3461 3460
f 3445 3446 3462
f 3445 3462 3461
f 3446 3447 3463
f 3446 3463 3462
f 3447 3448 3464
f 3447 3464 3463
f 3448 3449 3465
f 3448 3465 3464
f 3449 3450 3466
f 3449 3466 3465
f 3450 3451 3467
f 3450 3467 3466
f 3451 3437 3453
f 3451 3453 3467
f 3453 3452 3468
f 3453 3468 3469
f 3452 3454 3470
f 3452 3470 3468
f 3454 3455 3471
f 3454 3471 3470
f 3455 3456 3472
f 3455 3472 3471
f 3456 3457 3473
f 3456 3473 3472
f 3457 3458 3474
f 3457 3474 3473
f 3458 3459 3475
f 3458 3475 3474
f 3459 3460 3476
f 3459 3476 3475
f 3460 3461 3477
f 3460 3477 3476
f 3461 3462 3478
f 3461 3478 3477
f 3462 3463 3479
f 3462 3479 3478
f 3463 3464 3480
f 3463 3480 3479
f 3464 3465 3481
f 3464 3481 3480
f 3465 3466 3482
f 3465 3482 3481
f 3466 3467 3483
f 3466 3483 3482
f 3467 3453 3469
f 3467 3469 3483
f 3469 3468 3484
f 3469 3484 3485
f 3468 3470 3486
f 3468 3486 3484
f 3470 3471 3487
f 3470 3487 3486
f 3471 3472 3488
f 3471 3488 3487
f 3472 3473 3489
f 3472 3489 3488
f 3473 3474 3490
f 3473 3490 3489
f 3474 3475 3491
f 3474 3491 3490
f 3475 3476 3492
f 3475 3492 3491
f 3476 3477 3493
f 3476 3493 3492
f 3477 3478 3494
f 3477 3494 3493
f 3478 3479 3495
f 3478 3495 3494
f 3479 3480 3496
f 3479 3496 3495
f 3480 3481 3497
f 3480 3497 3496
f 3481 3482 3498
f 3481 3498 3497
f 3482 3483 3499
f 3482 3499 3498
f 3483 3469 3485
f 3483 3485 3499
f 3532 3533 3534
f 3532 3535 3533
f 3532 3536 3535
f 3532 3537 3536
f 3532 3538 3537
f 3532 3539 3538
f 3532 3540 3539
f 3532 3541 3540
f 3532 3542 3541
f 3532 3543 3542
f 3532 3544 3543
f 3532 3545 3544
f 3532 3546 3545
f 3532 3547 3546
f 3532 3548 3547
f 3532 3534 3548
f 3534 3533 3549
f 3534 3549 3550
f 3533 3535 3551
f 3533 3551 3549
f 3535 3536 3552
f 3535 3552 3551
f 3536 3537 3553
f 3536 3553 3552
f 3537 3538 3554
f 3537 3554 3553
f 3538 3539 3555
f 3538 3555 3554
f 3539 3540 3556
f 3539 3556 3555
f 3540 3541 3557
f 3540 3557 3556
f 3541 3542 3558
f 3541 3558 3557
f 3542 3543 3559
f 3542 3559 3558
f 3543 3544 3560
f 3543 3560 3559
f 3544 3545 3561
f 3544 3561 3560
f 3545 3546 3562
f 3545 3562 3561
f 3546 3547 3563
f 3546 3563 3562
f 3547 3548 3564
f 3547 3564 3563
f 3548 3534 3550
f 3548 3550 3564
f 3550 3549 3565
f 3550 3565 3566
f 3549 3551 3567
f 3549 3567 3565
f 3551 3552 3568
f 3551 3568 3567
f 3552 3553 3569
f 3552 3569 3568
f 3553 3554 3570
f 3553 3570 3569
f 3554 3555 3571
f 3554 3571 3570
f 3555 3556 3572
f 3555 3572 3571
f 3556 3557 3573
f 3556 3573 3572
f 3557 3558 3574
f 3557 3574 3573
f 3558 3559 3575
f 3558 3575 3574
f 3559 3560 3576
f 3559 3576 3575
f 3560 3561 3577
f 3560 3577 3576
f 3561 3562 3578
f 3561 3578 3577
f 3562 3563 3579
f 3562 3579 3578
f 3563 3564 3580
f 3563 3580 3579
f 3564 3550 3566
f 3564 3566 3580
f 3566 3565 3581
f 3566 3581 3582
f 3565 3567 3583
f 3565 3583 3581
f 3567 3568 3584
f 3567 3584 3583
f 3568 3569 3585
f 3568 3585 3584
f 3569 3570 3586
f 3569 3586 3585
f 3570 3571 3587
f 3570 3587 3586
f 3571 3572 3588
f 3571 3588 3587
f 3572 3573 3589
f 3572 3589 3588
f 3573 3574 3590
f 3573 3590 3589
f 3574 3575 3591
f 3574 3591 3590
f 3575 3576 3592
f 3575 3592 3591
f 3576 3577 3593
f 3576 3593 3592
f 3577 3578 3594
f 3577 3594 3593
f 3578 3579 3595
f 3578 3595 3594
f 3579 3580 3596
f 3579 3596 3595
f 3580 3566 3582
f 3580 3582 3596
f 3582 3581 3597
f 3582 3597 3598
f 3581 3583 3599
f 3581 3599 3597
f 3583 3584 3600
f 3583 3600 3599
f 3584 3585 3601
f 3584 3601 3600
f 3585 3586 3602
f 3585 3602 3601
f 3586 3587 3603
f 3586 3603 3602
f 3587 3588 3604
f 3587 3604 3603
f 3588 3589 3605
f 3588 3605 3604
f 3589 3590 3606
f 3589 3606 3605
f 3590 3591 3607
f 3590 3607 3606
f 3591 3592 3608
f 3591 3608 3607
f 3592 3593 3609
f 3592 3609 3608
f 3593 3594 3610
f 3593 3610 3609
f 3594 3595 3611
f 3594 3611 3610
f 3595 3596 3612
f 3595 3612 3611
f 3596 3582 3598
f 3596 3598 3612
f 3598 3597 3613
f 3598 3613 3614
f 3597 3599 3615
f 3597 3615 3613
f 3599 3600 3616
f 3599 3616 3615
f 3600 3601 3617
f 3600 3617 3616
f 3601 3602 3618
f 3601 3618 3617
f 3602 3603 3619
f 3602 3619 3618
f 3603 3604 3620
f 3603 3620 3619
f 3604 3605 3621
f 3604 3621 3620
f 3605 3606 3622
f 3605 3622 3621
f 3606 3607 3623
f 3606 3623 3622
f 3607 3608 3624
f 3607 3624 3623
f 3608 3609 3625
f 3608 3625 3624
f 3609 3610 3626
f 3609 3626 3625
f 3610 3611 3627
f 3610 3627 3626
f 3611 3612 3628
f 3611 3628 3627
f 3612 3598 3614
f 3612 3614 3628
f 3614 3613 3629
f 3614 3629 3630
f 3613 3615 3631
f 3613 3631 3629
f 3615 3616 3632
f 3615 3632 3631
f 3616 3617 3633
f 3616 3633 3632
f 3617 3618 3634
f 3617 3634 3633
f 3618 3619 3635
f 3618 3635 3634
f 3619 3620 3636
f 3619 3636 3635
f 3620 3621 3637
f 3620 3637 3636
f 3621 3622 3638
f 3621 3638 3637
f 3622 3623 3639
f 3622 3639 3638
f 3623 3624 3640
f 3623 3640 3639
f 3624 3625 3641
f 3624 3641 3640
f 3625 3626 3642
f 3625 3642 3641
f 3626 3627 3643
f 3626 3643 3642
f 3627 3628 3644
f 3627 3644 3643
f 3628 3614 3630
f 3628 3630 3644
f 3630 3629 3645
f 3630 3645 3646
f 3629 3631 3647
f 3629 3647 3645
f 3631 3632 3648
f 3631 3648 3647
f 3632 3633 3649
f 3632 3649 3648
f 3633 3634 3650
f 3633 3650 3649
f 3634 3635 3651
f 3634 3651 3650
f 3635 3636 3652
f 3635 3652 3651
f 3636 3637 3653
f 3636 3653 3652
f 3637 3638 3654
f 3637 3654 3653
f 3638 3639 3655
f 3638 3655 3654
f 3639 3640 3656
f 3639 3656 3655
f 3640 3641 3657
f 3640 3657 3656
f 3641 3642 3658
f 3641 3658 3657
f 3642 3643 3659
f 3642 3659 3658
f 3643 3644 3660
f 3643 3660 3659
f 3644 3630 3646
f 3644 3646 3660
f 3646 3645 3661
f 3646 3661 3662
f 3645 3647 3663
f 3645 3663 3661
f 3647 3648 3664
f 3647 3664 3663
f 3648 3649 3665
f 3648 3665 3664
f 3649 3650 3666
f 3649 3666 3665
f 3650 3651 3667
f 3650 3667 3666
f 3651 3652 3668
f 3651 3668 3667
f 3652 3653 3669
f 3652 3669 3668
f 3653 3654 3670
f 3653 3670 3669
f 3654 3655 3671
f 3654 3671 3670
f 3655 3656 3672
f 3655 3672 3671
f 3656 3657 3673
f 3656 3673 3672
f 3657 3658 3674
f 3657 3674 3673
f 3658 3659 3675
f 3658 3675 3674
f 3659 3660 3676
f 3659 3676 3675
f 3660 3646 3662
f 3660 3662 3676
f 3662 3661 3677
f 3661 3663 3677
f 3663 3664 3677
f 3664 3665 3677
f 3665 3666 3677
f 3666 3667 3677
f 3667 3668 3677
f 3668 3669 3677
f 3669 3670 3677
f 3670 3671 3677
f 3671 3672 3677
f 3672 3673 3677
f 3673 3674 3677
f 3674 3675 3677
f 3675 3676 3677
f 3676 3662 3677
f 3710 3711 3712
f 3710 3713 3711
f 3710 3714 3713
f 3710 3715 3714
f 3710 3716 3715
f 3710 3717 3716
f 3710 3718 3717
f 3710 3719 3718
f 3710 3720 3719
f 3710 3721 3720
f 3710 3722 3721
f 3710 3723 3722
f 3710 3724 3723
f 3710 3725 3724
f 3710 3726 3725
f 3710 3712 3726
f 3712 3711 3727
f 3712 3727 3728
f 3711 3713 3729
f 3711 3729 3727
f 3713 3714 3730
f 3713 3730 3729
f 3714 3715 3731
f 3714 3731 3730
f 3715 3716 3732
f 3715 3732 3731
f 3716 3717 3733
f 3716 3733 3732
f 3717 3718 3734
f 3717 3734 3733
f 3718 3719 3735
f 3718 3735 3734
f 3719 3720 3736
f 3719 3736 3735
f 3720 3721 3737
f 3720 3737 3736
f 3721 3722 3738
f 3721 3738 3737
f 3722 3723 3739
f 3722 3739 3738
f 3723 3724 3740
f 3723 3740 3739
f 3724 3725 3741
f 3724 3741 3740
f 3725 3726 3742
f 3725 3742 3741
f 3726 3712 3728
f 3726 3728 3742
f 3728 3727 3743
f 3728 3743 3744
f 3727 3729 3745
f 3727 3745 3743
f 3729 3730 3746
f 3729 3746 3745
f 3730 3731 3747
f 3730 3747 3746
f 3731 3732 3748
f 3731 3748 3747
f 3732 3733 3749
f 3732 3749 3748
f 3733 3734 3750
f 3733 3750 3749
f 3734 3735 3751
f 3734 3751 3750
f 3735 3736 3752
f 3735 3752 3751
f 3736 3737 3753
f 3736 3753 3752
f 3737 3738 3754
f 3737 3754 3753
f 3738 3739 3755
f 3738 3755 3754
f 3739 3740 3756
f 3739 3756 3755
f 3740 3741 3757
f 3740 3757 3756
f 3741 3742 3758
f 3741 3758 3757
f 3742 3728 3744
f 3742 3744 3758
f 3744 3743 3759
f 3744 3759 3760
f 3743 3745 3761
f 3743 3761 3759
f 3745 3746 3762
f 3745 3762 3761
f 3746 3747 3763
f 3746 3763 3762
f 3747 3748 3764
f 3747 3764 3763
f 3748 3749 3765
f 3748 3765 3764
f 3749 3750 3766
f 3749 3766 3765
f 3750 3751 3767
f 3750 3767 3766
f 3751 3752 3768
f 3751 3768 3767
f 3752 3753 3769
f 3752 3769 3768
f 3753 3754 3770
f 3753 3770 3769
f 3754 3755 3771
f 3754 3771 3770
f 3755 3756 3772
f 3755 3772 3771
f 3756 3757 3773
f 3756 3773 3772
f 3757 3758 3774
f 3757 3774 3773
f 3758 3744 3760
f 3758 3760 3774
f 3760 3759 3775
f 3760 3775 3776
f 3759 3761 3777
f 3759 3777 3775
f 3761 3762 3778
f 3761 3778 3777
f 3762 3763 3779
f 3762 3779 3778
f 3763 3764 3780
f 3763 3780 3779
f 3764 3765 3781
f 3764 3781 3780
f 3765 3766 3782
f 3765 3782 3781
f 3766 3767 3783
f 3766 3783 3782
f 3767 3768 3784
f 3767 3784 3783
f 3768 3769 3785
f 3768 3785 3784
f 3769 3770 3786
f 3769 3786 3785
f 3770 3771 3787
f 3770 3787 3786
f 3771 3772 3788
f 3771 3788 3787
f 3772 3773 3789
f 3772 3789 3788
f 3773 3774 3790
f 3773 3790 3789
f 3774 3760 3776
f 3774 3776 3790
f 3776 3775 3791
f 3776 3791 3792
f 3775 3777 3793
f 3775 3793 3791
f 3777 3778 3794
f 3777 3794 3793
f 3778 3779 3795
f 3778 3795 3794
f 3779 3780 3796
f 3779 3796 3795
f 3780 3781 3797
f 3780 3797 3796
f 3781 3782 3798
f 3781 3798 3797
f 3782 3783 3799
f 3782 3799 3798
f 3783 3784 3800
f 3783 3800 3799
f 3784 3785 3801
f 3784 3801 3800
f 3785 3786 3802
f 3785 3802 3801
f 3786 3787 3803
f 3786 3803 3802
f 3787 3788 3804
f 3787 3804 3803
f 3788 3789 3805
f 3788 3805 3804
f 3789 3790 3806
f 3789 3806 3805
f 3790 3776 3792
f 3790 3792 3806
f 3792 3791 3807
f 3792 3807 3808
f 3791 3793 3809
f 3791 3809 3807
f 3793 3794 3810
f 3793 3810 3809
f 3794 3795 3811
f 3794 3811 3810
f 3795 3796 3812
f 3795 3812 3811
f 3796 3797 3813
f 3796 3813 3812
f 3797 3798 3814
f 3797 3814 3813
f 3798 3799 3815
f 3798 3815 3814
f 3799 3800 3816
f 3799 3816 3815
f 3800 3801 3817
f 3800 3817 3816
f 3801 3802 3818
f 3801 3818 3817
f 3802 3803 3819
f 3802 3819 3818
f 3803 3804 3820
f 3803 3820 3819
f 3804 3805 3821
f 3804 3821 3820
f 3805 3806 3822
f 3805 3822 3821
f 3806 3792 3808
f 3806 3808 3822
f 3808 3807 3823
f 3808 3823 3824
f 3807 3809 3825
f 3807 3825 3823
f 3809 3810 3826
f 3809 3826 3825
f 3810 3811 3827
f 3810 3827 3826
f 3811 3812 3828
f 3811 3828 3827
f 3812 3813 3829
f 3812 3829 3828
f 3813 3814 3830
f 3813 3830 3829
f 3814 3815 3831
f 3814 3831 3830
f 3815 3816 3832
f 3815 3832 3831
f 3816 3817 3833
f 3816 3833 3832
f 3817 3818 3834
f 3817 3834 3833
f 3818 3819 3835
f 3818 3835 3834
f 3819 3820 3836
f 3819 3836 3835
f 3820 3821 3837
f 3820 3837 3836
f 3821 3822 3838
f 3821 3838 3837
f 3822 3808 3824
f 3822 3824 3838
f 3824 3823 3839
f 3824 3839 3840
f 3823 3825 3841
f 3823 3841 3839
f 3825 3826 3842
f 3825 3842 3841
f 3826 3827 3843
f 3826 3843 3842
f 3827 3828 3844
f 3827 3844 3843
f 3828 3829 3845
f 3828 3845 3844
f 3829 3830 3846
f 3829 3846 3845
f 3830 3831 3847
f 3830 3847 3846
f 3831 3832 3848
f 3831 3848 3847
f 3832 3833 3849
f 3832 3849 3848
f 3833 3834 3850
f 3833 3850 3849
f 3834 3835 3851
f 3834 3851 3850
f 3835 3836 3852
f 3835 3852 3851
f 3836 3837 3853
f 3836 3853 3852
f 3837 3838 3854
f 3837 3854 3853
f 3838 3824 3840
f 3838 3840 3854
f 3840 3839 3855
f 3839 3841 3855
f 3841 3842 3855
f 3842 3843 3855
f 3843 3844 3855
f 3844 3845 3855
f 3845 3846 3855
f 3846 3847 3855
f 3847 3848 3855
f 3848 3849 3855
f 3849 3850 3855
f 3850 3851 3855
f 3851 3852 3855
f 3852 3853 3855
f 3853 3854 3855
f 3854 3840 3855
f 3856 3857 3858
f 3857 3859 3858
f 3859 3860 3858
f 3860 3861 3858
f 3861 3862 3858
f 3862 3863 3858
f 3863 3864 3858
f 3864 3865 3858
f 3865 3866 3858
f 3866 3867 3858
f 3867 3868 3858
f 3868 3869 3858
f 3869 3870 3858
f 3870 3871 3858
f 3871 3872 3858
f 3872 3856 3858
f 3856 3857 3859
f 3856 3859 3860
f 3856 3860 3861
f 3856 3861 3862
f 3856 3862 3863
f 3856 3863 3864
f 3856 3864 3865
f 3856 3865 3866
f 3856 3866 3867
f 3856 3867 3868
f 3856 3868 3869
f 3856 3869 3870
f 3856 3870 3871
f 3856 3871 3872
f 3905 3906 3907
f 3906 3908 3907
f 3908 3909 3907
f 3909 3910 3907
f 3910 3911 3907
f 3911 3912 3907
f 3912 3913 3907
f 3913 3914 3907
f 3914 3915 3907
f 3915 3916 3907
f 3916 3917 3907
f 3917 3918 3907
f 3918 3919 3907
f 3919 3920 3907
f 3920 3921 3907
f 3921 3905 3907
f 3905 3906 3908
f 3905 3908 3909
f 3905 3909 3910
f 3905 3910 3911
f 3905 3911 3912
f 3905 3912 3913
f 3905 3913 3914
f 3905 3914 3915
f 3905 3915 3916
f 3905 3916 3917
f 3905 3917 3918
f 3905 3918 3919
f 3905 3919 3920
f 3905 3920 3921
f 3986 3987 3988
f 3986 3989 3987
f 3986 3990 3989
f 3986 3991 3990
f 3986 3992 3991
f 3986 3993 3992
f 3986 3994 3993
f 3986 3995 3994
f 3986 3996 3995
f 3986 3997 3996
f 3986 3998 3997
f 3986 3999 3998
f 3986 4000 3999
f 3986 4001 4000
f 3986 4002 4001
f 3986 3988 4002
f 3988 3987 4003
f 3988 4003 4004
f 3987 3989 4005
f 3987 4005 4003
f 3989 3990 4006
f 3989 4006 4005
f 3990 3991 4007
f 3990 4007 4006
f 3991 3992 4008
f 3991 4008 4007
f 3992 3993 4009
f 3992 4009 4008
f 3993 3994 4010
f 3993 4010 4009
f 3994 3995 4011
f 3994 4011 4010
f 3995 3996 4012
f 3995 4012 4011
f 3996 3997 4013
f 3996 4013 4012
f 3997 3998 4014
f 3997 4014 4013
f 3998 3999 4015
f 3998 4015 4014
f 3999 4000 4016
f 3999 4016 4015
f 4000 4001 4017
f 4000 4017 4016
f 4001 4002 4018
f 4001 4018 4017
f 4002 3988 4004
f 4002 4004 4018
f 4004 4003 4019
f 4004 4019 4020
f 4003 4005 4021
f 4003 4021 4019
f 4005 4006 4022
f 4005 4022 4021
f 4006 4007 4023
f 4006 4023 4022
f 4007 4008 4024
f 4007 4024 4023
f 4008 4009 4025
f 4008 4025 4024
f 4009 4010 4026
f 4009 4026 4025
f 4010 4011 4027
f 4010 4027 4026
f 4011 4012 4028
f 4011 4028 4027
f 4012 4013 4029
f 4012 4029 4028
f 4013 4014 4030
f 4013 4030 4029
f 4014 4015 4031
f 4014 4031 4030
f 4015 4016 4032
f 4015 4032 4031
f 4016 4017 4033
f 4016 4033 4032
f 4017 4018 4034
f 4017 4034 4033
f 4018 4004 4020
f 4018 4020 4034
f 4020 4019 4035
f 4020 4035 4036
f 4019 4021 4037
f 4019 4037 4035
f 4021 4022 4038
f 4021 4038 4037
f 4022 4023 4039
f 4022 4039 4038
f 4023 4024 4040
f 4023 4040 4039
f 4024 4025 4041
f 4024 4041 4040
f 4025 4026 4042
f 4025 4042 4041
f 4026 4027 4043
f 4026 4043 4042
f 4027 4028 4044
f 4027 4044 4043
f 4028 4029 4045
f 4028 4045 4044
f 4029 4030 4046
f 4029 4046 4045
f 4030 4031 4047
f 4030 4047 4046
f 4031 4032 4048
f 4031 4048 4047
f 4032 4033 4049
f 4032 4049 4048
f 4033 4034 4050
f 4033 4050 4049
f 4034 4020 4036
f 4034 4036 4050
f 4036 4035 4051
f 4036 4051 4052
f 4035 4037 4053
f 4035 4053 4051
f 4037 4038 4054
f 4037 4054 4053
f 4038 4039 4055
f 4038 4055 4054
f 4039 4040 4056
f 4039 4056 4055
f 4040 4041 4057
f 4040 4057 4056
f 4041 4042 4058
f 4041 4058 4057
f 4042 4043 4059
f 4042 4059 4058
f 4043 4044 4060
f 4043 4060 4059
f 4044 4045 4061
f 4044 4061 4060
f 4045 4046 4062
f 4045 4062 4061
f 4046 4047 4063
f 4046 4063 4062
f 4047 4048 4064
f 4047 4064 4063
f 4048 4049 4065
f 4048 4065 4064
f 4049 4050 4066
f 4049 4066 4065
f 4050 4036 4052
f 4050 4052 4066
f 4052 4051 4067
f 4052 4067 4068
f 4051 4053 4069
f 4051 4069 4067
f 4053 4054 4070
f 4053 4070 4069
f 4054 4055 4071
f 4054 4071 4070
f 4055 4056 4072
f 4055 4072 4071
f 4056 4057 4073
f 4056 4073 4072
f 4057 4058 4074
f 4057 4074 4073
f 4058 4059 4075
f 4058 4075 4074
f 4059 4060 4076
f 4059 4076 4075
f 4060 4061 4077
f 4060 4077 4076
f 4061 4062 4078
f 4061 4078 4077
f 4062 4063 4079
f 4062 4079 4078
f 4063 4064 4080
f 4063 4080 4079
f 4064 4065 4081
f 4064 4081 4080
f 4065 4066 4082
f 4065 4082 4081
f 4066 4052 4068
f 4066 4068 4082
f 4068 4067 4083
f 4068 4083 4084
f 4067 4069 4085
f 4067 4085 4083
f 4069 4070 4086
f 4069 4086 4085
f 4070 4071 4087
f 4070 4087 4086
f 4071 4072 4088
f 4071 4088 4087
f 4072 4073 4089
f 4072 4089 4088
f 4073 4074 4090
f 4073 4090 4089
f 4074 4075 4091
f 4074 4091 4090
f 4075 4076 4092
f 4075 4092 4091
f 4076 4077 4093
f 4076 4093 4092
f 4077 4078 4094
f 4077 4094 4093
f 4078 4079 4095
f 4078 4095 4094
f 4079 4080 4096
f 4079 4096 4095
f 4080 4081 4097
f 4080 4097 4096
f 4081 4082 4098
f 4081 4098 4097
f 4082 4068 4084
f 4082 4084 4098
f 4084 4083 4099
f 4084 4099 4100
f 4083 4085 4101
f 4083 4101 4099
f 4085 4086 4102
f 4085 4102 4101
f 4086 4087 4103
f 4086 4103 4102
f 4087 4088 4104
f 4087 4104 4103
f 4088 4089 4105
f 4088 4105 4104
f 4089 4090 4106
f 4089 4106 4105
f 4090 4091 4107
f 4090 4107 4106
f 4091 4092 4108
f 4091 4108 4107
f 4092 4093 4109
f 4092 4109 4108
f 4093 4094 4110
f 4093 4110 4109
f 4094 4095 4111
f 4094 4111 4110
f 4095 4096 4112
f 4095 4112 4111
f 4096 4097 4113
f 4096 4113 4112
f 4097 4098 4114
f 4097 4114 4113
f 4098 4084 4100
f 4098 4100 4114
f 4100 4099 4115
f 4100 4115 4116
f 4099 4101 4117
f 4099 4117 4115
f 4101 4102 4118
f 4101 4118 4117
f 4102 4103 4119
f 4102 4119 4118
f 4103 4104 4120
f 4103 4120 4119
f 4104 4105 4121
f 4104 4121 4120
f 4105 4106 4122
f 4105 4122 4121
f 4106 4107 4123
f 4106 4123 4122
f 4107 4108 4124
f 4107 4124 4123
f 4108 4109 4125
f 4108 4125 4124
f 4109 4110 4126
f 4109 4126 4125
f 4110 4111 4127
f 4110 4127 4126
f 4111 4112 4128
f 4111 4128 4127
f 4112 4113 4129
f 4112 4129 4128
f 4113 4114 4130
f 4113 4130 4129
f 4114 4100 4116
f 4114 4116 4130
f 4116 4115 4131
f 4115 4117 4131
f 4117 4118 4131
f 4118 4119 4131
f 4119 4120 4131
f 4120 4121 4131
f 4121 4122 4131
f 4122 4123 4131
f 4123 4124 4131
f 4124 4125 4131
f 4125 4126 4131
f 4126 4127 4131
f 4127 4128 4131
f 4128 4129 4131
f 4129 4130 4131
f 4130 4116 4131
g VIKYR
f 3183 3184 3185
f 3183 3185 3186
f 3187 3184 3185
f 3187 3185 3188
f 3183 3187 3184
f 3183 3187 3189
f 3183 3189 3190
f 3183 3186 3191
f 3183 3191 3190
f 3187 3188 3192
f 3187 3192 3189
g ZDIVO
f 1 2 3
f 1 3 4
f 2 5 6
f 2 6 3
f 5 7 8
f 5 8 6
f 7 1 4
f 7 4 8
